0,1,2,3,4,5,6,7,8,9,10,11,12,13,14,15,16,17
0.37983994127850407,-0.5417237345024728,2.086723563921252,-0.29962614365100876,0.47955127495362354,0.4598440803356064,-0.3240595030171497,-0.7126068430683037,0.31639242945812995,-0.45599189800200923,-0.11455923442217275,-0.6632362086915522,0.6648541359467407,0.12080743018215778,0.2816218239830516,-0.39215720150369315,0.06745889577458775,0.300037922431649
-1.0381811466773203,3.3653240387834504,-1.6866540219782742,0.6629086801431847,-0.5281237386055564,1.3407138010928716,0.30821083053891674,0.19131150299506536,-0.38149687275886107,0.5526061905870459,0.5619796659619354,-0.9669794395771552,-0.026940547061736098,-0.09924007528009987,0.10355434421898263,0.09640705372552333,-0.1879952880056247,0.0366291340919252
-0.8696439655899062,-0.6284269959205959,-0.657137213461053,0.71049881153579,-0.6743824588003033,-1.239047192078886,-0.20194573162847126,-0.4641729545160396,0.47409525687771076,0.6244002119108889,-0.918218671754981,0.042787081461736265,0.3362491118239954,0.26054633698434637,-0.14522625174413178,0.11526764569382814,-0.029864256026736258,0.19029439186493363
-0.9636978337523106,-0.5849600991607928,-0.7810439435676705,-0.685429866294138,0.47573343507132787,-0.1892675351342767,-0.06907731048622844,0.24281754665689018,-0.8536701189353153,-0.8328940605969279,-0.7702158053145471,-0.2005573549374518,-0.4673806631645585,-0.017148281001782062,-0.291081623668693,-0.31287520174861894,-0.1236501462356801,-0.1367120611084298
-0.22373594595627122,-0.33700357704185824,0.3307470534500674,2.170617466009717,-0.07063981917320918,-0.48562729968212703,-0.4663270756750355,0.050052260783395225,0.4411753931429065,0.07895564338611863,-1.0300925813683035,0.7585533321089633,-0.1833080159186905,-0.4699918331112697,-0.3780345811668085,0.11786552511969856,-0.3978059112951,-0.05262190850919507
-0.41755583449588823,4.495442266886815,-0.2093988323773634,0.039688450802332784,-0.02932069023313623,-0.23342409523147245,-0.08606021244723917,-0.0858295878238032,0.07988476427423295,0.05627108458624744,0.1425910334425431,0.08499225601496335,0.11653132591315574,0.08617838888333207,-0.0026609301246066086,-0.01979365929775001,0.42559770030507116,-0.05123229593983247
-0.9116209216581274,-0.8372043849225352,-0.6706075228698958,-0.6691260414227181,0.41835970493352465,0.18238275891066474,0.18117459919444834,0.9375030938335529,0.16996271320299633,0.32398988696132913,-0.13786480652009941,-0.12696677668769335,0.5551430589565722,-0.04034531654598572,0.03022995637658432,-0.2954239933787345,0.15218206772812148,-0.4255032994354852
-0.9915424123068017,-0.7432366885425041,-0.26478412079522357,-0.9857564383348241,-0.19139361646971464,0.32575449992115596,0.013260517615289943,0.8095945482400368,0.1308660296869975,-0.11643167859643119,0.08673127493738186,0.5759323603346072,-0.531035889602885,0.2907867541799427,-0.08898789024054177,-0.460984002916652,-0.14803593370889206,0.21427042569388438
2.23128814042515,-1.1028199005301558,-1.2714497995885683,0.7431069927497074,0.7257874610907297,0.574780529450237,1.918039848125835,0.39638681466187803,-0.5393358975071025,0.29318607799132146,0.8594302836538008,-0.3891579140261388,-0.45651436881301827,-0.30836435379648924,-0.29829549838420893,0.0040662597295749725,0.4132650146313026,0.02827157353999904
-0.12360251157646934,-1.085673718535652,0.6684417387119468,1.2573212135548522,-0.7254228376065919,1.4338299595414314,0.018149115180963543,-1.0223886615606341,-0.6603404481525105,-0.24337019786412736,0.23377417523659527,0.21852167869960076,-0.057213578104024276,-0.12030399476876746,-0.27439476364284715,-0.39982589850273087,-0.09044875856771883,0.16299973089301684
-0.5185358467701144,0.8711543947535575,0.3146920899355694,-0.4981390883927481,0.2681740263639469,-2.1247087899078547,-0.4326527905613685,-0.08001348958596585,-0.8621917987609811,-0.272379166462668,-0.27745699525295475,-0.34956411463981346,-0.27155027857563324,-0.1444750705899716,-0.13461997768525297,-0.28716733975988484,0.05771265713087936,0.17349138723827856
-1.4689720708398801,-0.8250264732890857,-0.24328480098228472,0.5435204420570015,0.780385961837332,0.45846256997641255,-0.3677885585999402,0.5293732763033112,-0.5885417056057659,0.8957008913258426,-0.5053629614505827,0.891356600232464,-0.46015789922170036,-0.019934007837483003,-0.5219106633291086,0.2745280959392676,0.055404037350706314,0.008789106026301174
4.375099300569444,0.08783439282160854,1.0563673990814082,-0.8796783849525937,-1.8684079716674311,-0.6806295278322847,0.06807735996676813,0.41583101158170904,-0.41535986974920824,0.18417557819733532,0.02477246685144091,-0.10390620207208384,-0.010469387330615088,-0.4887440943059437,-0.12326241604197358,-0.349935847987342,0.1398489919525595,0.537564484834387
-1.0480387740126105,-0.5950426081474287,-1.037095217355947,-0.0983356513186844,-0.0434332614061627,-0.38400956568681477,-0.0522286638905157,-0.00628281774207376,-1.2327430808439905,-0.9179389323195084,0.25887761492202366,-0.45299056064396687,-0.408041193679381,-0.3995534017035221,0.17181784155357038,0.03244261467431547,-0.6673922640486212,-0.07946621738050094
-1.036573120015896,-0.6363256551528205,-1.1041880502261978,0.042217199840035566,0.03530443959965694,0.15189140700597348,-0.2599761753358656,-1.1003238910132442,-0.39461306007953284,-1.4368192481460493,0.06277022628729467,-0.19609779236193398,-0.37018075665993383,-0.10506196264544249,0.27924236270069347,0.05751345516750683,0.39402871184354304,-0.30825521958724145
-0.8641016879435699,-0.5469560244740541,-0.5332026053041178,-0.8379003183281887,-0.4761324530225232,0.15414985576528267,0.15253828815325998,1.0287612406529043,0.2562665666703739,0.667744199700253,-0.06596693388756841,0.2808260889513832,-0.06338862692619618,-0.38873152932181104,0.6934785321086068,-0.27158199872696437,-0.4191359873174273,-0.2101204797800392
-0.737977567078303,-0.3702466632272108,-0.3573156409970069,0.10265192722018172,-0.4584759961821236,-1.412507712998277,0.12205108571597768,1.0844581393166037,0.3717867028865634,-0.30227719022945376,-0.0695617135312247,0.07689260176180562,0.1325188211359774,0.25251627601015314,-0.3636949584038451,-0.17168690228619157,-0.19836227620874552,0.25770638484732794
0.4754060166610199,0.40021096190067074,1.8957766501679407,-0.2220129892922859,0.32091018816576095,0.3402665693693695,-0.022710473124915184,-0.12124602957714556,0.29436159060518696,-0.3772062616954992,0.23201516970929936,0.5560771816731807,-0.19724965641611136,-0.15114147042888437,0.5976768297959443,1.0147381140992875,-0.5819424305171174,-0.22078209594225512
-0.4355706149025932,-0.8972886644249434,1.4582371016255478,-0.07038741782154341,-0.7613932096947059,1.4262221588550323,0.8614198417868956,0.9709715308256961,-0.3192033027400359,0.21719321681366532,-0.6141318155459143,-0.3545050527431299,-0.280361313035559,-0.010937253238914924,-0.13850439929481356,0.08362252082309951,0.32232568784631377,0.1435011199326482
-0.3238923521463189,-0.05338959926766429,0.630662024203799,-1.1683609592419535,1.0061699508580544,-0.3577091172600374,-0.2221122107649576,0.11342601273392164,-0.016647901540309984,-0.37222056266906844,0.5727169160104959,0.7498515112761328,0.17968638471705756,-0.265351680535032,-0.4852112803006486,0.6446431733468843,0.53012138442805,0.005228786680276931
-0.9647557130535503,-1.0256972153691823,-0.9534311859065554,0.6146041281507809,-0.40078337129611535,0.213838956601962,-0.11279764036483539,-0.9605814663984709,-0.13463444572345634,0.7068650571560277,0.2769728725859164,0.26814833554878936,-0.26699866193287275,-0.08161755629722683,0.5960023507267869,0.15350298451805583,-0.5241781724764193,0.21041074578848246
1.49833174279307,-0.2751982691290846,-0.5302359043338813,0.6356933277227543,-1.4213828091337137,-0.6949724729127551,2.030696542634436,-0.1659918126719107,0.18931223726656948,-0.5282482951511225,0.6811837079415075,-0.5385647844121497,0.16515394178872955,0.03014013777660185,-0.6666712162084794,0.6475953163632551,-0.28196965473388425,-0.650764053190602
-1.617607844856885,-0.40035339534450487,0.9079027468301779,-1.25772425763594,0.9390610472434101,-0.37560656680676474,-0.9588118362994288,0.3777839742192091,-0.08561902275487032,0.6110175635839953,0.42713389912883026,-0.16828610907424585,0.2051874170431769,0.20536660419152897,0.06271433281178473,0.30109212514187594,0.31180914685888383,-0.03170812363346931
-0.8104869696741372,3.9427258435020933,-1.2240587572242436,0.6863388794283037,-0.6879281269414542,0.3809086635746938,0.3085766740158016,0.57174280984495,0.2668698124424313,-0.3527003822475909,-0.40484236670962104,0.06783936971408194,0.015350490061281474,0.25042588242600405,-0.15820346648449174,-0.12099718575804058,0.2845464998046259,0.0579174957916852
-0.7416121724056544,-0.1999543068065872,-0.5966382031769173,1.1396021151753766,-1.0686579567867,-0.5328228951208096,0.04078074419923382,-0.08348284891490312,0.7825273724986375,0.558318801284211,0.7815369885497372,-0.19478568270044044,-0.6153149010253476,-0.43811555273883823,-0.23486761705640308,0.2512217326098512,0.42783579544778383,0.07541927526353104
-0.9137949731233017,-1.0636573562245057,-0.8000630074117645,-0.015193650536380457,0.0028408143607490804,0.34439757152229,-0.11441389998543874,-0.5215893636419633,0.5394730838725461,-0.6095553716519139,0.8615817344183174,-0.3049815935895545,0.08347109716133005,0.16484224571362172,-0.2262059487888772,-0.21584236545190927,-0.08832836653717391,0.06330768927210845
0.5486467523376654,-0.26075751508467704,2.323167101952258,-0.010239289559268935,0.31976771299814516,0.8896103657551794,-0.20635960550671947,-0.6247331295218221,0.35921488996257933,-0.08064844887506237,0.01680472765739799,-0.11140723487994336,-0.15420703249462908,-0.3825407374018661,-0.011736014241859272,-0.3027164478066484,0.17232668729001632,0.22166391531742408
-0.45810061056924883,-0.005375947036801554,0.3887342263241811,-0.853856214212534,0.7624078213372941,-0.6490376049244263,-0.47302461560881237,-0.7537831285906311,0.861599756765117,-0.022848714911004347,0.34696326948239786,-0.08699766549983984,0.20582206825542726,-0.23328179931277593,0.1739210516995584,0.04714051926213869,-0.5546998149474115,0.41029706049063636
2.010891710012464,0.18200699980780755,2.0275918686207284,-1.2021960079251124,-0.6388559369664178,0.9175795040955903,1.6363613789039761,-0.758405800187983,-0.10801519604419277,0.023552700139300248,0.050404809427039454,-0.30569857427252317,-0.25900125498964915,0.5682984838019086,-0.2807553571682515,0.13644912692431127,-0.323334239940615,-0.3519859672468688
-0.29521001066756647,-0.0355468086387003,0.49300863232310577,-1.202775517394267,1.001099185036921,-0.38334805417173334,-0.33452502329528877,-0.3722130267351547,0.4427246070811542,-0.03994096756687912,0.4919722922678105,-0.015834762014573123,0.03621498481912977,0.781639519807508,-0.2849548078782182,0.23465348524623347,-0.3921320458523268,-0.5054580638838836
-0.8214537012022343,-0.7286825866838733,-0.5026744734943613,-0.5230344091658506,0.22314957303465827,-0.30147385255675097,0.1288361498146864,0.8699653033693346,0.1914503644689431,-0.40722126387591606,0.001627928029120873,0.11669591804324392,0.14239870215103606,0.003983205943774215,-0.0664571549496259,0.07882237599692293,-0.7455977483300549,0.4292163525997234
-0.23261006653936142,-0.22516619231020774,2.916800553252746,0.22683288049507772,0.7348931472013022,0.853454185904105,-0.49662429342924064,0.6000881041754231,-0.5497523081458292,-0.10647069145091057,0.18955795455495905,-0.019841216261284933,-0.18775507290640342,-0.0492139586073842,-0.13465172825670968,-0.20386586964837747,0.020808089507379113,0.1890061987407045
1.0496144998295258,-0.021596829101828918,1.8635735530857993,0.31426126225217627,-1.0652634525846456,-0.8241363122588409,-2.1375835938710286,0.389986187873306,-1.05100419187767,0.44861466413505124,-0.4033300817753518,0.5198162799427202,0.16640699864520092,0.5326322947763288,0.3026549860128246,-0.6091721546683897,-0.2578930596185891,0.4678853962879596
6.660018997254054,-0.08018694541389482,-0.44647663413380023,-0.9831708240859041,-0.15013298842239564,0.7521556977654814,-0.8010688719862565,-0.1301257247018164,-0.1608284827204843,-0.4301394481122064,-0.015298949186754285,0.0645230168158542,0.15997738248604543,0.8804884697269034,0.8425445783284513,-0.009966490225936486,0.1089380307072737,-0.07305957447866773
0.12988341202762144,-0.9179727277132563,-0.9120996676350674,-0.8563374177446946,0.20526742379756552,0.15863978298303028,1.0709163632557515,0.6246689530568503,0.096174590631159,0.5465502167564714,-0.06368242294213738,0.1449588695559059,-0.4708825731639489,0.17451547591384886,0.18024725609417702,-0.1874112889283702,0.2556008386405332,0.23643313998888832
-0.48046748903756326,4.331200023818486,-0.3276499682104425,-0.3820629465158508,0.4336776184718079,0.5555912707670952,-0.07712660768724149,-0.23132005638319278,-0.05005630887069282,-0.007541709745301189,0.19320352825517406,0.0977113474810744,0.14829287460163088,-0.09956633003224086,0.22917989795241844,0.17317395870658253,-0.0077365506406635864,0.12606664313247762
-0.6056577328668422,0.3558015859834943,0.17370150457205713,-1.3122160397857823,1.1549519137918005,-0.6904622596616762,-0.4461504517987622,-0.3838627079967359,-1.1172916105361197,-0.4024130215646742,-0.2015447259989505,-0.2844181975503047,-0.2861459377592139,-0.08107220947370292,-0.18068893086443322,-0.31914760716148827,0.09916196432305535,0.13184511183091308
-0.8957902551429077,-1.0243119655755863,-0.6840793709507662,-0.1346114304195586,0.21654288931686783,0.13438001803393512,-0.24164648298375782,-0.8305949283764422,0.24731375579808396,-0.15820680230675963,-0.7024547453359768,0.476900619393762,0.2989179964427544,0.35423803760291406,-0.4883855025361358,-0.26088482512903016,-0.3533590060693276,0.21011575610876426
-0.5549464648893763,0.09444865245913303,0.21222865567192795,-1.3006646024224073,1.1193729531929557,-0.7851001060745814,-0.43164573733488354,-0.45569800413420053,-1.0043843010088525,-0.8506034549917574,-0.24502755225607917,0.26807520637981647,-0.2345478560169929,-0.11823256477531424,0.25122693626643045,0.17089217739191181,0.46649530986459287,-0.2646525911509051
0.913476412834348,-1.102620896399454,-1.524249462725667,0.7058080101106261,1.4295642137445912,-0.0751082596166207,1.9427491226250027,-1.1213662683764034,0.2520327341770749,0.7852019495034421,-0.755605411824513,0.38750981744596713,-0.2736275591331916,0.17877477232902317,0.0823465217112232,-0.3238316037809631,0.07113217086188939,0.2902052928113618
-0.023033928762993927,-0.8642555728943557,-0.3115875556059846,0.4793032949318465,0.1524102955549102,0.700635702103241,0.8487348440901201,0.4312557262413624,-0.47682263922482676,-0.2284023048241485,1.046142445075244,0.2333211553821584,-0.5679136553494627,-0.05487871928589644,-0.5704407243695713,-0.3225228753519881,0.22212464217622374,0.03181474804830692
-0.7764794057089541,-0.4645673848837164,-0.471367807739522,0.5712698389269383,-0.6287072186910448,-1.2168506706687943,0.04949030570027521,0.5309012257884709,-0.3851479817278017,0.7693097621104391,-0.6984556952910408,0.4018970201117108,0.23449552151869546,-0.13903249500986714,-0.8269474346021626,0.5548140760903073,0.04338270033875913,0.10424561988374553
4.225196886863547,0.3975906041655509,1.1620091221189948,-0.44006465056911614,-1.58375954192668,-0.5456630229757787,0.4093309809711688,-0.12856053324954256,0.11184668821094472,0.15120110566161765,-0.02931604224133849,-0.3024764059773513,-0.20315692394500617,0.1615344688491388,-0.16419284290685265,-0.015685048756182818,-0.24591210311120754,-0.08378819662104917
-0.21225730802574067,-0.9567094839985708,-0.5766187799827494,-0.5017456022559774,-1.3871484595848456,0.6621185343937219,1.926649082786342,-1.8323290548813822,-0.28791774628238,0.15194009658851046,0.33963266466489717,0.6519774125686997,-0.40895562377979777,-0.2214230604321495,-0.701010752659328,-0.1804861466333852,-0.036576561405522456,0.06679248205611515
-1.0210276783232404,-0.5475110529624643,-0.8994606185753118,-0.4660059607248217,0.26643365617093856,-0.4516608848055711,-0.02259149503223322,0.39474668457002376,-0.8072249562733088,-0.15523112002574166,-0.9147900901732058,-0.5948675765880391,-0.4201696667682588,-0.3593730516867289,0.3493154305775301,0.31378654735735384,-0.34739086831439814,0.014976542400135073
-0.8278223804521182,-0.3080657961527362,-0.5445415395023326,0.15198606769376377,-0.4705259466585613,-1.2791075014487032,0.16056354259704556,1.1445963981603553,0.3239802046281089,0.39280672415959106,-0.23292656016042018,-0.29299198138225163,0.18681280166375958,0.22981762668768435,-0.04573424470700649,0.11460338444231949,0.19278657292936863,0.2833112655545847
5.942163221474239,-0.14133975554658673,-0.7196949688154552,-0.1651882155904893,1.3675717950887016,0.2017807042212182,0.16418825413814844,-0.3121227893391759,0.06899959257472403,0.23367243775455399,0.25906178451761486,0.04667055891226629,-0.36775828098091046,0.2645499000758307,-0.3165802398163123,-0.3066046150636108,-0.06268530526810123,0.0987125273901544
-0.3907082733961788,0.1833273114551257,0.5571871084854947,-1.2071231446319253,1.0135082665200277,-0.26607425829229076,-0.18272261092863287,0.2104697371795103,-0.12149152940673269,0.29571356577051905,0.6652074898886986,0.47082621894252064,-0.3488336967007236,0.22883357495839884,0.025026871649070137,-0.4850417852977676,0.07387803571324791,0.4891340679822908
-1.0480387740126105,-0.5950426081474287,-1.037095217355947,-0.0983356513186844,-0.0434332614061627,-0.38400956568681477,-0.0522286638905157,-0.00628281774207376,-1.2327430808439905,-0.9179389323195084,0.25887761492202366,-0.45299056064396687,-0.408041193679381,-0.3995534017035221,0.17181784155357038,0.03244261467431547,-0.6673922640486212,-0.07946621738050094
5.831485336882662,0.31026129452561835,0.3213696551753302,1.315280680696461,0.6866814746800526,-0.9268731021159057,0.8722353835308528,0.07375202521046267,0.16203618604243042,0.06113475070627164,0.01318124952863381,-0.37952971290122745,-0.19184348860999872,0.16865087415955649,-0.12822712102763045,-0.07874574098432596,-0.23585581149008555,-0.07647732652722625
0.15159123161685695,-0.6613372616782567,-0.1938392275687324,-0.513903295097046,-1.0181105513882103,0.7212574382747097,0.10856686212844738,0.06741461424569653,1.0058009061863646,0.4664179335312292,-0.5486651482628229,-0.035730571992715454,-0.4846124291633953,-0.8527530312280055,0.20706362555137958,0.5926900241050002,-0.31265783950914605,0.21132585929531983
-1.0865622514152866,-0.7884450293650607,-0.8387156570955911,1.0879734686515161,-0.976045778185624,-1.1418713177885529,0.08507221957265909,-0.881839116481989,0.02283322696767849,0.5141295858138889,0.11382617376296666,-0.19622181027626723,0.36962348525829736,0.19065539281756316,-0.03728653256925063,0.17724305643011368,0.015552859522161677,0.03501805502051464
-0.48046748903756326,4.331200023818486,-0.3276499682104425,-0.3820629465158508,0.4336776184718079,0.5555912707670952,-0.07712660768724149,-0.23132005638319278,-0.05005630887069282,-0.007541709745301189,0.19320352825517406,0.0977113474810744,0.14829287460163088,-0.09956633003224086,0.22917989795241844,0.17317395870658253,-0.0077365506406635864,0.12606664313247762
-0.966420761029398,-0.007426423316254871,-0.827279256709484,0.17798122557247814,-0.4230944028329634,-1.4901138538308811,-0.01706719236776695,0.6068050239114118,-0.6463768054186311,-0.0077762911058767425,-1.009492921197747,-0.6355878551710179,-0.3984910234531956,-0.1032497914405196,0.0729480432073259,0.005395352381495522,0.22604939571025795,-0.06946090499380758
2.794886881511978,-1.0358542156700354,-1.4848134893056353,2.0164117778069777,1.0709083606781822,-0.013670379795824278,2.0990671833351953,-1.5158856462025248,-0.42832290607678875,-0.5253995785611806,0.3142538562154189,0.5346127623042437,0.10494273640296736,0.1821479825079405,0.7990879166140414,-0.46657704280168616,-0.21283073751428755,0.8318713069510553
-0.1927583133989509,0.2828075407253614,3.038671120872549,1.1255250036285405,-0.540205619125712,-0.33736369772322505,-0.8445880892434708,-0.06216993752895891,0.576221324391835,-0.03540753717314846,-0.0700868896112477,-0.29160151675168994,-0.2419194781114613,-0.1945624451377208,-0.02358329555904015,-0.2356296762979857,0.005491781255288264,0.22774484173978188
1.8364344698506534,-1.135923812566708,-1.8873339975443124,-0.94853765863091,0.3487165390728603,-0.019020682257255242,-0.0049106276253427505,0.8345406351979809,0.031830672521062114,0.28684926517381304,-0.15805893201838644,-0.24418796651935998,0.22729500385864831,0.0873784732855406,-0.10317904217854657,0.00433114417020547,0.2760865450597235,0.3474098576420464
-0.4338083912448463,0.2650925641977806,0.21027091511595453,-1.1767803595155526,1.0485307288625192,-0.5943544065539113,-0.5121557582601013,-0.9100044009840982,-0.5276324029655858,-0.44052398283234684,-0.28459406876951626,-0.3584306358033394,-0.5490888402978256,0.44857210167930417,-0.1662725199638858,0.12544545318540928,-0.35886922307143737,-0.8582302344322756
-0.977205550133594,3.484791877898523,-1.5726055941044752,0.6318753895808703,-0.5239762779162388,1.279894480959514,0.28200774042102394,0.12873874754543288,-0.35317856206334924,-0.0999669685285963,0.7018313231269353,-0.5980118187346384,-0.04967600325939653,-0.06895123577780088,-0.19353595339384108,-0.2477651496957316,-0.5529393452403921,0.09809677374312104
-0.5652736169032351,-0.9233540872868529,-0.059292620505945415,0.03727215196997337,0.5153378484332996,0.5684518383372328,0.02520040318570904,1.078677044686174,-0.030762953798775666,0.12939805629019807,-0.21155471456134972,-0.3121635793235093,0.13818745223388046,-0.18528696833220426,-0.6126561329865058,0.38904473699119185,0.3660134241094276,-0.052005317915387705
-0.9501944544442238,3.532323433083487,-1.43497099532384,0.2642050801747329,-0.21410936033913752,1.2122431618407576,0.31164490927930644,0.5297682498575305,0.07233956250733257,0.6627408437651704,-0.471836381968294,-0.7398888346787107,-0.061804476348274295,-0.02877088576100767,-0.01603836436988132,0.033578782987306766,-0.23293794950616903,0.19253953352375713
-0.9079751696853309,-0.6802874996091348,-0.674975770003738,-0.4807354264157164,0.21320738672245304,-0.14082991089398744,0.2014573245305507,1.0268594762970538,0.24472618656051465,0.3490796684168732,-0.14258743421375802,-0.15230937749576395,0.5796185991552114,-0.3522812477286335,0.3735367130099838,-0.012934447694016582,-0.4365027115853639,-0.21234705627572434
0.5877890401187917,-0.8002174463559022,-0.775596348058923,2.7507483570672444,2.881573486602356,0.509302563454437,0.6880965329575967,-0.38196847665303296,0.21851408957426044,0.7915059425151321,-0.9866695531313567,0.41259837658906434,-0.3560721919170324,0.11002569001944007,-0.3409678510150557,0.1923335285038344,0.0650509537162326,0.039053103444257664
-0.48046748903756326,4.331200023818486,-0.3276499682104425,-0.3820629465158508,0.4336776184718079,0.5555912707670952,-0.07712660768724149,-0.23132005638319278,-0.05005630887069282,-0.007541709745301189,0.19320352825517406,0.0977113474810744,0.14829287460163088,-0.09956633003224086,0.22917989795241844,0.17317395870658253,-0.0077365506406635864,0.12606664313247762
-0.31431806432331605,-1.2280655480159617,-1.332006455954252,1.5069055153309507,1.6985897206594216,0.2674363724706179,-0.6861117412984301,-0.03025600620808047,0.5407907204414784,-0.015762136968982238,0.7663990137991321,-0.694224398132903,0.10054351971604386,0.16289711816844155,0.12410348241930264,0.07734987915054747,0.25075741729068635,0.014375949934185284
-0.8795145419444901,-0.5360878396179163,-0.6297365656276234,-0.6818584820737651,0.4146046758357222,0.194144330193523,0.1672808758397305,0.8724958417780395,0.17879283633556547,-0.2860725168809104,-0.021526338819295054,0.2410838818532828,0.5639661270890338,-0.002466286863856748,-0.24598992515222445,-0.6974781134927334,-0.1865571976032992,-0.27696313942583656
0.11928238853988515,-1.2199821227502776,-1.3394041233886287,-0.9929100147607579,-0.6178488487664515,0.24072521478908393,0.10827501200911004,0.3822508001335531,-0.4065435056423728,0.16660174806256053,0.8719546482331391,-0.44622972390465093,0.21987777959497934,0.10845519958878647,-0.002625380284473011,0.15810226858729898,0.2944924271942331,0.08714736394850481
-0.9799544018964953,-0.42671099650546496,0.6525738965299335,-1.4961050934341364,0.9037162645349078,-0.536744819126485,0.11883093233436466,0.05598176106904476,-0.09439983043543732,0.6303334577984699,0.40932725092903,-0.2180383903388174,0.23255836252345397,0.13727223344446238,0.02347961714559732,0.25879183411592294,0.3453835907785673,0.02767548569852185
0.5955901547524735,0.3865552483279272,2.723023064713745,0.38321716712064036,-0.9864242092701367,-0.44838934358988913,-0.9467658514022713,0.8658577330586334,-0.2890140241866358,-0.3653003536604833,0.06980114623808581,0.40296105390355114,-0.015255478709167214,-0.1057425953961561,0.3078288617595203,0.21144273092770033,0.4577587007503333,0.23915472432619717
-0.6462306626277,-0.22850403204472292,-0.27169374406909835,0.55847850194737,-0.635694153309989,-1.0019349615436361,-0.06557936840254201,0.15204924425045072,1.2657887203356806,-0.29158698631456204,-0.20696847553666775,-0.003856474673069099,-0.10786675732453241,-0.3082779597714769,-0.9174856328513075,0.11785259510562579,-0.07783143788554764,0.17797357139409548
0.83845952325068,-1.1392999979587086,-0.13211960314033888,1.1920525524129562,-0.05325737076627822,1.2820004641118001,-1.5252716160469244,0.09079184974189677,0.15153610913335397,-0.6358767269425442,0.7966096314732791,-0.3109883127860133,-0.17422195348515238,0.11135587909968259,0.5881386800846142,-0.6023733953222478,-0.0813338501681049,0.2610399576170281
-0.37114284248018864,-0.3460309763397944,0.2522698678212101,0.7780269079257355,-0.808260337331618,-0.8230934332630772,0.010407461884474237,0.1625004368666742,1.1036761596051623,-0.8657631623359341,-0.6566039726965065,0.09261797057261784,0.3674523824743622,0.415943537377243,0.1971196451587216,-0.02788707863808748,0.4357192249745796,0.26616002518144094
-1.0481525579057265,-0.528634567857929,-1.0051270171241524,-0.3365701323991346,0.3393494146886485,0.13218035807150308,-0.2646134707730129,-0.6745404082586333,-0.03191547456149671,-0.23750686503208526,-1.0842971132433854,-0.7969740083128622,-0.4310171461710518,-0.13396275264765728,0.011510847314795791,-0.04223559128783755,0.3527374724048764,-0.08471476414616955
-0.8876754632374301,-0.8815933534525386,-0.8044349934143228,0.6107815856150633,-0.36839526566992625,0.15602262391376298,-0.1928950447829317,-1.0483626501562275,-0.11437981668878903,-0.16545179697211918,0.3678167821298427,0.36364784479479684,0.18718788154502708,-0.5083536169867477,-0.6432419659666188,0.4489759551880526,-0.800212226537922,0.18447080711948277
-0.9609998443194098,-0.8832130671781557,-0.4243479596893785,-1.0666431992653886,-0.3343736454497239,0.2007783110082137,0.6156394590911379,-0.4910331560381103,0.9819612654054455,-0.4730255580975432,-0.19556769754156333,-0.09180255069290838,0.05750622006350076,0.20678240519728186,-0.38431575486007274,-0.2695507202323159,-0.11259756101557111,0.22852685894575558
-1.127226866268976,-0.8750128908839832,-0.435937523792903,-0.2341625495213011,0.08583808700930178,0.6121379025366694,-0.7351476069566912,0.12961655822579762,0.9873461859103514,0.4511849698980178,-0.2151898774877848,0.0011198999148530064,-0.5878877764105097,0.20770700145765364,0.2986622898679485,-0.1917155215534868,0.22190917690439427,0.1427111699258818
-0.9814411330696654,-0.23545708705533763,1.9790336644192317,1.2384568094807955,-1.2747369976029785,0.05588116900628555,-0.20255456228628047,1.579722319104088,-0.016856012322667563,-0.3401868420144698,-0.5234683619019621,-0.00919167079940103,-0.32201064007262653,0.04043319861862971,-0.3455498882460441,-0.18818533325015627,-0.125179965440036,0.17827037411143248
0.4162837347897682,-0.6630747074166943,2.195354533774025,-0.5001912697641065,0.5158835657409688,0.4171677233552512,-0.06411598270435996,0.3544559112986166,-0.6434235380551627,0.20455612466785666,-0.10433107352664939,-0.9606048969879566,0.6886789183031378,0.34170054810148,0.4329815526436255,0.013303281431196079,0.3194315731285934,0.2707606107291855
-0.8300634703890816,-1.3629639395270694,-0.6309702423615349,0.4999652435359979,-0.26628378612114173,0.5715571964734514,-0.16586105501251444,-1.009429132356399,-0.370998204790474,0.23002825244756234,0.08653134457041833,-0.3374247878696029,0.41494141512367455,0.2986031942058218,-0.04694115544395561,0.2365672955551214,-0.021945641592243215,-0.057023250836829964
-0.9522968117539529,-1.1579780778810116,-0.9141151741542797,0.45342426117037604,-0.16739040814817213,0.5400546138517729,-0.18697468000114129,-1.0751462771700961,-0.21746160074181914,0.462031580687979,0.23268775265850128,0.020022824760350832,0.18544779754404805,-0.22670652530639884,-0.6894584249871947,0.5106586129245896,0.1534166100103307,-0.09015307569147399
-0.48046748903756326,4.331200023818486,-0.3276499682104425,-0.3820629465158508,0.4336776184718079,0.5555912707670952,-0.07712660768724149,-0.23132005638319278,-0.05005630887069282,-0.007541709745301189,0.19320352825517406,0.0977113474810744,0.14829287460163088,-0.09956633003224086,0.22917989795241844,0.17317395870658253,-0.0077365506406635864,0.12606664313247762
-1.048747601727785,-0.6061010980746246,-1.0871689717527582,0.1991921223493357,-0.15487996002472465,-0.1898214506645401,-0.2717619096141488,-0.9700243554274055,-0.35612045281667565,-0.9850486054618377,0.08029274568733213,-0.6729200681863914,-0.4773571877569859,-0.4801611035972303,0.2357830957588546,-0.0425608518280155,-0.6437503230697699,-0.07630823811652296
3.6586396006070983,0.4230745077817827,1.4189176195494075,0.15673463767952517,-0.8092839144508447,-0.7023379539920106,1.2049640679464944,-0.22649676757625228,0.14909522035554668,0.10395453794622381,-0.0122266991312025,-0.3473213202445545,-0.22783449562917918,0.22167389073014432,-0.18036638518338421,8.598651640623345e-05,-0.2623409834318429,-0.13352346018302108
-1.0203725262158678,-0.5111735248442231,-0.9299724083825489,-0.635132229669104,0.484995487692601,-0.03845060316836878,-0.049173420278140464,0.2995780190179755,-0.8935306863483119,-0.13300543534792772,-0.9129660706322484,-0.603487658868594,-0.42659215790133526,0.1678550069549838,-0.013516725641931071,0.12552424160685977,0.1584540633679562,-0.29682918452043744
2.050695663259047,0.5486032617566685,1.4607677976054017,4.19534714495804,3.4491884931087533,-1.1481632466603173,0.7241835361606929,-0.06713963767576711,-0.4049378733281271,0.35229299844771067,-0.38719159590960617,0.22446231793848276,-0.10523616186051765,0.6935358086249924,-0.29332373142382573,0.26996208163535734,-0.6603145321704808,-0.5869025278022574
-0.7764794057089541,-0.4645673848837164,-0.471367807739522,0.5712698389269383,-0.6287072186910448,-1.2168506706687943,0.04949030570027521,0.5309012257884709,-0.3851479817278017,0.7693097621104391,-0.6984556952910408,0.4018970201117108,0.23449552151869546,-0.13903249500986714,-0.8269474346021626,0.5548140760903073,0.04338270033875913,0.10424561988374553
0.7830244497218708,0.03469559109002662,2.5225014335155755,-0.08653777083012475,0.27443732155768125,0.9953605760279982,-0.02106073662265477,-0.1154926805767694,-0.059260002717273746,-0.0892749743900961,0.10507288211078825,-0.21483446950059998,-0.33600671932103393,0.49860909624351313,-0.188200015849187,0.09568896018072359,-0.3169149699269482,-0.35851413832617185
-0.05093644757372806,-0.9237969808804414,0.9219039035331984,0.4006704021111057,-0.2292196229145243,1.2130264948247071,0.10716083563230554,0.09994605775950141,0.6410723624260362,-0.7614205357278062,-0.697998130488298,-0.4860288215289342,0.23159339187194206,-0.14430795990113876,-0.6971259601746499,0.09981288468024668,0.006147984710092591,-0.01439024715739895
1.0141199760374078,0.23964607259280246,2.560972996147081,0.6498357333354797,-0.3480840482296031,-0.7266535806187875,0.407042951508524,0.6032735697096792,-0.31490882693113004,0.05490365465928207,0.08949305345132252,-0.12614992467377012,-0.1306428160458188,-0.21185743174282873,-0.12051063237377779,-0.2256413499463592,0.027712751534762492,0.3114931809820662
-2.0894428984333393,-0.9530454837778508,-0.4248628755599182,-0.2550486571656537,-0.07014549083292625,0.44733632986643507,-0.35060348849037115,0.7372197103787985,-0.27173474709084605,0.19840080182394823,0.9062503616501161,-0.3193103771533761,0.5559887115126021,-0.034009616868714565,0.16282286030300752,-0.176495527549834,0.1639466437687669,-0.6530438487753434
-0.0012885810519308594,-0.6332826258164668,0.8578449922952958,0.43907397683292804,0.3937615767145453,0.9638224865511122,1.3102629922177131,0.8412589406542281,-0.08866779801433353,-0.8108936703768603,-0.38170024638359645,0.6496725653511481,-0.12852340679327584,-0.21766396961324802,-0.020971783017952272,0.12338775424129839,0.3944664986063745,0.17672713638396848
-1.02624706414758,-0.3671330137330344,-1.0558585671292027,0.8559117492976825,-0.8406529899308242,-1.2400359909727086,-0.25234388359496474,-0.6929587640305039,-0.20410242509456716,-0.22753137269973298,-0.1307485530380137,-1.0816910053103463,-0.46450161257438416,-0.2619168730331501,0.23563558991745914,0.05110207331012506,0.26842920628630673,-0.30928584552011434
-0.9531200997138374,-0.9868629193772585,-0.8024960459584074,0.08481247514975775,0.0072431104164785015,-0.12801333163735928,-0.19516066752976255,-0.6786657904633087,0.29375891846009045,0.5194561382644265,-0.8470290301946353,0.08259039774317467,0.3461289928390543,0.012013266917967447,0.15201155171008734,0.36577692397694267,-0.5770997281480454,0.3618043596173291
-0.7989531636220293,-0.4897145023422831,-0.47136406887080595,0.1336852177824962,-0.46262345687144124,-1.351688392864919,0.14825417583387052,1.1470308947662362,0.3434683921910516,0.3502959688861884,-0.20941337069622462,-0.29207501908071104,0.15525427733363784,0.22222743650785415,-0.06660466079102134,0.17248530113506338,0.16658178102602184,0.196238745196132
0.6230102622698893,0.26044469813444904,2.757104433103594,0.3308785506461896,-0.8012823707835327,-0.6272528049728231,0.14577988355178653,0.6119480483239501,-0.31994508378410985,0.06363235295409911,0.0839357940253499,-0.1010926234568868,-0.13884784848911397,-0.19469829722066606,-0.11930478302964065,-0.19574525710267485,0.02279004426139164,0.28570609847852707
0.708966339400843,-0.6591936114435331,-1.242650919071608,-1.062567317740623,0.32571808102645144,-0.09544066652573362,1.5544687375246073,0.409889656180293,0.2104039156116807,-0.716139871716852,-0.04999199576113905,0.6256867858038446,0.7210718319040038,-0.0821658481476738,0.07231979997384569,-0.34053766340410146,0.29908195563972473,-0.26472870825659595
-0.7143313144019741,-0.5782426963083453,-0.43035311773396584,0.09491350915622364,-0.052228148228699714,0.38329986801845506,0.05320589171937634,0.05667023468011692,1.0825771423051953,0.5535856712243435,-0.18544463629099978,0.07962776346991146,-0.7232430041702783,-0.610261503036257,0.0012405586435712546,0.43743186661289185,-0.25214395860100763,0.2925326850982804
-0.2336339965102091,0.6476689263211736,0.5757463490510404,-0.37743287381341295,0.10852657198617997,-1.7177699628885061,-0.2746092774599237,0.025957609153702293,0.779418551643376,0.19382066071227416,0.4116963179359272,0.018981646199426883,0.4652950848092252,0.39226104452113053,-0.09598228435225187,-0.16929527446435777,-0.48943037353457924,-1.04390755770077
-1.4247181788579475,-1.0252624310285252,-0.4878769677704118,-0.6558339233063235,-0.33026777482339836,0.2192748814882181,0.12724219699360184,0.3729450771006508,-0.3401675017647488,-0.5330891755421382,1.0327088347784874,-0.0717317527812989,0.14352563731422951,0.2619538276935479,-0.3005397009314394,-0.11282895697564743,-0.11633304423174351,0.03659215778835828
-1.0440437162045557,-1.2997207090634995,-0.999737071082188,-0.0024023135568123216,0.009827748979693254,0.129481862397132,0.0006557741173784798,-0.14273738210394304,-1.1114636181909365,0.45134137677308717,0.3700945146639443,0.10077190119522544,0.42583337600455806,0.3340877104752312,-0.1356677505397323,0.22111911553277236,0.032885771687132914,-0.010420262238241496
1.792497378697271,-1.128714160891109,-1.8230938245190171,-1.3383577051803237,-0.0014794008127768238,-0.061571408244314715,0.6435835241162148,0.5949273770254111,0.02906580902229719,0.2978521223579018,-0.1732084034342179,-0.2613488013942877,0.23288303606751404,0.07160993151965334,-0.13193695654586957,0.013008404236994175,0.2928949854521642,0.346740479090256
1.0975707656313125,-0.8854178010403204,-0.7370903280416097,4.063130147293875,3.6974595035249425,0.7622118083764489,0.48609497931086965,0.08380024807440753,0.2950030922363826,0.17181856401384962,0.8887219488384934,-0.7191338053347884,-0.6400136975053299,0.2824890417346404,-0.0893622796489078,-0.13003326001590976,0.20192798347989083,0.3095243832048093
-0.4949324751028515,0.5612337639422778,1.8985788114892401,-0.1785444386285368,-0.4763712465295143,-1.1774713605334564,-0.31587023378043366,0.5254862498573187,0.08118386971374063,-0.027417701841923797,0.3516268608240851,0.9153029677762821,-0.28906844081197614,-0.23004365877339994,0.03832889488472696,0.25261400347089685,0.5028078503236056,0.1710757905294012
2.0628510286681987,0.403733491478116,1.3492241531629865,-1.016674362129364,-1.338675187845417,-1.132470573913985,1.3659515686630173,0.08281364208713007,-0.06448694987818143,-0.1853028135931218,0.171175844833507,0.628891462476621,-0.07089666068830319,-0.6343803374682576,0.1607540024780837,0.5302399544520295,0.37293909747397114,0.1498082918170512
-0.5185358467701144,0.8711543947535575,0.3146920899355694,-0.4981390883927481,0.2681740263639469,-2.1247087899078547,-0.4326527905613685,-0.08001348958596585,-0.8621917987609811,-0.272379166462668,-0.27745699525295475,-0.34956411463981346,-0.27155027857563324,-0.1444750705899716,-0.13461997768525297,-0.28716733975988484,0.05771265713087936,0.17349138723827856
-0.4292313937391598,-0.18702465322634843,0.4619116969557078,-0.8721570641238016,0.7703103111244142,-0.7216184963406423,-0.48533398237198744,-0.7513486319847502,0.8810879443280597,-0.06535947018440688,0.3704764589465934,-0.08608070319829925,0.1742635439253054,-0.24087198949260602,0.15305063561554344,0.10502243595488259,-0.5809046068507583,0.32322454013218355
-0.9679567136913187,-1.0646190316404176,-0.9571497232124822,0.2955078620465949,-0.11243940753624108,0.2813508451519105,-0.21301210210976182,-1.2099948283612447,-0.17025181337344863,-0.695022316713552,0.3091161555005566,0.7012896895117045,0.46543389702498406,0.3469320578529619,0.017973229627966436,0.18450729828942664,0.14067791103104432,0.03541461836597465
-0.6603467672835395,-0.855628507594618,-0.34488257933915056,0.44852063699265277,-0.40324610838326014,0.3529816009500382,0.03414680348828275,-0.34490555197067446,0.5167699433840622,-1.2221158984126865,0.6823893294363907,-0.06200740966714996,0.4892835008342862,-0.334809345965388,0.7419774462405191,0.6406273394077748,-0.25740464055010354,0.04752094438297921
-0.023461079826992304,0.8874645477843643,0.8490554301103419,-0.06789601941179128,-0.06043018293310083,-1.3693281111324767,-0.1712590049330793,-0.021433247900240454,0.776917745455403,0.0387554754334061,0.5251788379996809,0.9223279697239137,-0.6365985531429682,0.27805170087635533,-0.14547766934871037,0.7386383590251218,0.12038069407075336,-0.5609765339017008
0.3326261902550449,-0.2514843045874571,2.395721407781668,-0.10124509086401527,-0.037943529324239625,1.104031197362028,-1.555517191473235,-0.29309446257207433,0.35966850016330665,-0.09333567152439823,0.02494549720355127,-0.03971678143769619,-0.17175734118554598,-0.3272990261668751,0.037708823764582455,-0.24122416284222836,0.1568922494859989,0.14855564126408166
0.33375238783943884,-1.0611775781037454,-1.1548167338106128,-0.6325818664558364,0.7981381560584023,-0.1660067390322465,1.3375982494479017,0.5420127734646853,0.0822764945389745,0.23154131904709158,-0.14676040753124092,-0.2953220274198837,0.18008274141971015,0.1949709051300006,-0.14675974664079827,0.06944772308745067,0.25119842808386605,0.2395840250576659
-1.4937523299971698,-0.6961484060154255,0.007710471043706368,1.4459619511051864,-1.542482761363964,-0.5048670761378138,-0.5950853418239637,-0.6157020166118818,-0.13599055708848162,0.749654939249987,0.08615544499261896,0.06644474097867598,-0.2168442502161079,0.45510651693472914,0.3367661928811543,-0.2895486243222097,0.21322845327088857,0.0032666874603424767
-0.9137949731233017,-1.0636573562245057,-0.8000630074117645,-0.015193650536380457,0.0028408143607490804,0.34439757152229,-0.11441389998543874,-0.5215893636419633,0.5394730838725461,-0.6095553716519139,0.8615817344183174,-0.3049815935895545,0.08347109716133005,0.16484224571362172,-0.2262059487888772,-0.21584236545190927,-0.08832836653717391,0.06330768927210845
-0.9393566671013795,-0.7258783374014441,-0.9021312846157707,0.5592930580362534,-0.32691931968770077,0.741685129143639,-1.492639419349924,-0.840779731049452,-0.17928251450847416,-0.6203950653872973,0.3664187532507348,0.8946356834939853,0.36440068374570844,-0.09608764997293534,-0.6075572628092609,0.5907863073763062,0.30939167425423064,0.0115515219747781
-0.8097239708253735,-0.8769022128042334,-0.511606767528032,-0.5493036805779664,0.33014232711023733,0.2959397863684664,0.22055362050179367,0.8997227472827689,0.11381165149855992,0.5178056858539077,-0.04331524659189828,0.1857194407128567,-0.5073329659084078,0.2624686639280208,0.21172447645763404,-0.1345971764636434,0.2160099823892797,0.15910925539175186
-0.41755583449588823,4.495442266886815,-0.2093988323773634,0.039688450802332784,-0.02932069023313623,-0.23342409523147245,-0.08606021244723917,-0.0858295878238032,0.07988476427423295,0.05627108458624744,0.1425910334425431,0.08499225601496335,0.11653132591315574,0.08617838888333207,-0.0026609301246066086,-0.01979365929775001,0.42559770030507116,-0.05123229593983247
-0.2686953530066704,0.31063485846562255,0.7580921705561596,-0.4129104483732178,0.1061193370800194,-1.8134588228172361,-0.18678869484174623,0.4834268125751536,0.21024472580101194,0.4042378486741103,0.5680575414712616,0.5066940307667459,-0.41429192707061335,0.06510714877137902,0.11624566838387573,-0.34558558602300443,-0.049332181537218356,0.1530733787187955
-0.41705691202727097,-0.21724921030454358,0.44489261848226813,-1.0291319866331017,0.9604947107487957,-0.3799056386701287,-0.4735482480937041,-0.881648167570589,0.8425953370652026,-0.5171301128686188,0.35295393954655596,0.3907415726261582,0.2814399750223574,0.13422715145918174,0.19650990255738232,0.20509674295040498,0.4568744280625546,0.09127755866146503
-0.6408705995915103,-0.6112692373591129,0.13568675398995156,2.1400180611730533,-0.6170295849053364,-0.48192754515686076,0.17769631624187285,0.5087390308032498,-1.0205112457021626,0.6941600934932252,0.22352869596989733,0.3085675268079404,-0.11115121409033368,-0.3281713945032577,-0.07663773185019113,0.4947705689413256,0.1498113162798913,-0.2706075312356929
-0.9788273238659744,-0.9458694544183313,-0.8080149357136256,-0.3808072438605953,0.30305226617131237,0.06745168119516536,0.0018838481767239623,0.1795301920786979,-0.6841768558827274,0.5713997395427414,-0.6593663147954318,0.3203429811032007,0.47391350159147105,0.39863896974445534,-0.31372353996321545,0.15976171833641312,0.07574473061352638,0.2557970945430686
-0.9478776000676252,-0.4582677709255878,-0.8024312691749523,-0.6540141737964363,0.46076551648463776,-0.17076734726841525,-0.03700885087184279,0.20187439353455267,-0.8173992528406542,-1.2595749218255956,-0.7924609524082432,0.25092232007893506,-0.33572869186886717,0.0460149287673578,0.09568439990654526,0.06968865093162119,0.32544410936414747,-0.1555027994193874
-0.03648062547974157,-0.5703209097655895,0.8094323240754593,2.0713981649478863,-1.612200725034445,-0.0004165707047469047,0.031646776418357225,-0.718539443149864,-0.4052406363773718,-0.11333634276212093,0.15786190598259098,0.15337576161009173,-0.042617918920443754,-0.18370685588503616,-0.22832581046366696,-0.36784563110112745,-0.13189806575989488,0.20464600630038227
0.8656406934156777,-0.3857926528873159,2.3892412912727643,-1.1502859706089672,-0.5099804322292888,0.7772407472901676,1.248128965668708,-0.03845345887437138,-0.6259328277419851,0.6299148204264199,-0.010714540910388981,-0.44194452479991425,-0.10120328222477137,-0.24244283461881655,0.07977415026600637,0.08329039379204883,0.4662356282921877,0.24881361152262932
-1.472512098190978,-0.8835640996262277,0.33815023201593,0.6330000771048268,0.023453250718740534,1.0171219717644024,-0.6929452186802175,-0.33625420433568926,0.20268986836109132,0.7359538104470322,-1.0309515909518656,0.6034778280895274,-0.31704227466440077,-0.2765135951225783,-0.27069575725183276,0.39908858373007045,0.0375151842003717,-0.07827806350636649
7.484146124853741,-0.2837789007099174,-3.220742361046052,-1.107146757954631,1.5556576397921822,-0.6288608765490649,-1.6795022614491717,-0.03628784845678998,0.3834429019590463,-0.39378449544354777,0.4364543572196464,0.4319134975341927,0.3681030655032611,0.44414108955734566,0.20458582089071764,0.364592044014118,0.2373591470945754,-0.1937647942421849
-0.48046748903756326,4.331200023818486,-0.3276499682104425,-0.3820629465158508,0.4336776184718079,0.5555912707670952,-0.07712660768724149,-0.23132005638319278,-0.05005630887069282,-0.007541709745301189,0.19320352825517406,0.0977113474810744,0.14829287460163088,-0.09956633003224086,0.22917989795241844,0.17317395870658253,-0.0077365506406635864,0.12606664313247762
1.1178568726064324,-1.3015150986481465,-1.5374212719680398,0.05721695214366475,-0.061908285415938,0.2645333511910644,1.1614596014723102,-0.33412471963406687,-1.1938031966671745,0.6898474813359009,0.3592158598081283,0.38207877017223635,-0.03111844086434895,0.038492394640523675,0.2654479571538234,-0.04817316318805909,0.11691735020219096,0.04105245969779575
6.209566271594,-0.028371973918912996,-0.03594036823271385,-0.7357443217228831,-0.04381118463997198,0.9082233599800581,-0.40398574221970895,-0.13947154423492006,-0.1640459547923077,0.057535163873436185,0.05263416094964046,-0.26342416347802994,-0.15871819544260357,0.3722759754145506,-0.17542350818145797,-0.009121035347757767,-0.25371263474631817,-0.16923595498519384
-0.45412211357115767,0.0171758010817038,0.373147038512893,-1.0300176408802642,0.983077417023189,-0.2085835931740342,-0.46549782301992326,-0.7521958800587119,0.87637634704014,0.060593987670553934,0.3679367734096717,0.00526153982465466,0.582325493598744,-0.0396195450210024,-0.06687795025713184,-0.519168896907806,-0.1309086956584805,-0.5686769560126409
-0.33263006480011953,0.799365673103917,3.1740215215269085,0.8361041794025551,-0.7167004225248487,-0.19959181169808055,-0.6497399427329976,0.3618981229826182,0.20008398456073895,0.06668598828146513,0.04023273948991474,-0.27483134996983766,-0.34270733114032687,0.7407201014770449,-0.14377099002043675,0.2850322234266694,-0.4800263200057371,-0.4988724058071572
-0.880834827594591,-0.5492662228703551,-0.81615913784897,1.109584813439629,-0.9992172949640946,-1.152895685094268,-0.1995144408723681,-0.9061456099504748,0.08484799840169006,-0.5649884616115456,0.2332038862465523,0.6361437724221954,0.4800295562085646,0.2835291967366932,0.06404218280714669,0.21648756569102995,0.09922860383886811,0.07706089377333997
-0.3285719137670289,-0.5229482607261406,-1.235388456086623,2.2772808270264684,0.034393305124175086,-0.8860114139140047,-0.8010990194779788,-0.38172127473245404,0.044933011821375615,0.8125799037588056,0.21407165717705667,0.22662100735995647,-0.24834058832800077,0.19618572045685223,0.3679273978630435,-0.18390916693053921,0.03229800666737903,0.1277072985303494
6.679007070799172,-0.5527438066911743,-0.3017092984561026,-0.10659800300140342,1.0683853205423295,0.4313785960036628,-0.0657600174856628,0.4355263141555959,-0.6401649447458226,-0.01647650327413172,0.13711254963825814,-0.09174827205971653,0.00802631632300066,-0.46297185980478694,-0.11181891458585441,-0.4648316726770124,0.20781802023046236,0.5387999417652651
-0.9116209216581274,-0.8372043849225352,-0.6706075228698958,-0.6691260414227181,0.41835970493352465,0.18238275891066474,0.18117459919444834,0.9375030938335529,0.16996271320299633,0.32398988696132913,-0.13786480652009941,-0.12696677668769335,0.5551430589565722,-0.04034531654598572,0.03022995637658432,-0.2954239933787345,0.15218206772812148,-0.4255032994354852
-1.0640590390917706,-0.9758309221556891,0.15924859147550663,0.335533002281242,-0.8106880701516855,0.7290740043486323,-0.5875144825794477,0.999651209096873,-0.4952034791504477,0.2009834839861536,0.7688414887922475,-0.28147541070425514,-0.18337108601677882,-0.21008418700019332,0.9956280525622572,0.4083189585361134,-0.27461012245560634,-0.03366575018874035
-0.7702119156846746,-0.888819782908451,-0.5247449047539503,-0.5459753013444706,0.6827847771816576,-0.04940929973488582,0.4412306310636931,0.7248883772338359,0.12250153083057529,-0.43875730796587054,0.008847469601617586,0.12123117781187315,0.11912105953071944,0.31214409853972436,-0.4182512189480015,-0.21692834247158568,-0.15579252243660152,0.2255423599117275
7.928000220843931,0.21123138029580524,-0.6738530964855052,0.6665358646320482,-0.1640482078536391,-0.7234246718849663,-0.8454487930232136,0.4018628933383411,0.10911840957521761,0.11078503892425631,-0.0071994891753492385,-0.29889462204284084,-0.1359858373996804,0.060860072857146896,-0.0651701679651363,-0.10457067826545596,-0.18650551824582756,-0.010763654601320949
-0.41755583449588823,4.495442266886815,-0.2093988323773634,0.039688450802332784,-0.02932069023313623,-0.23342409523147245,-0.08606021244723917,-0.0858295878238032,0.07988476427423295,0.05627108458624744,0.1425910334425431,0.08499225601496335,0.11653132591315574,0.08617838888333207,-0.0026609301246066086,-0.01979365929775001,0.42559770030507116,-0.05123229593983247
-0.42545589177075327,-0.8390594243327938,-0.20386396625951164,0.30732466956515686,-1.14997921892712,1.0846659595320565,-0.112513088751616,-1.1619460117299483,-0.42585952657022,-0.8092794348311662,0.11423577801034601,0.5831916513554852,0.6716741787049626,-0.3031405411435596,-0.3743127470607995,0.7142039392469373,0.4154674377805265,-0.1292101464265548
-1.7349282759544158,-0.796476603518703,-0.2758506712727919,-0.8522055432852914,0.10370344166738192,0.2725461494523802,0.042432405524291394,0.9388435062914684,0.1748651430099996,0.32172203321618,-0.13763185733875455,-0.10758149290976166,0.5338529721369092,0.004466189718355107,0.026921390844272308,-0.2545758729060421,0.13455871095593086,-0.4712947111769944
-0.8359786704799185,-0.7200977765416188,-0.619933390560421,-0.24051021472212664,0.21290090286878782,0.5899525229201469,0.04743845937613203,0.030302627075523753,1.0720284123129582,0.5544237858887255,-0.22626382090446878,0.06575225847394112,-0.1621645191794978,-0.14411465213579605,0.41859330100970427,-0.6455296700781689,0.18380290287805467,-0.417828534568522
-1.177446443078987,-0.5818713679284213,0.34177728767609117,-0.20089241231678512,-0.23415664603324188,1.0599271463943774,-0.4927299066694667,1.245948834524897,-0.027500152147647866,0.38936972415495924,-0.14293158197093642,0.1818113420589976,-0.3682174048993162,-0.4214262879655743,-0.20186538360956302,0.4685025210255323,0.3468327480039395,-0.07652125166599286
-0.41779820534373896,-0.12324530154300972,0.39301477276744934,-0.4405430447268065,0.6904294423055899,0.07707332283084735,-0.4945863864995196,-1.3539100297289057,0.0482831844808385,1.2886049823611971,-0.1591538217983885,0.6693953336732665,-0.31328282507562966,-0.34956439327594907,-0.3875735876229569,0.2754025319914177,0.34530566360825155,0.07143127496130375
-1.2736726910749159,-0.7172506033951318,1.4055575074102638,0.5239681523974341,-0.33800808967488555,1.470239860707017,-0.4651205069183275,0.2535933469846457,0.7526327937478516,-0.442081870242805,-0.542990324356524,0.09705893175771502,-0.3896425966926004,-0.2629310082245341,-0.2176659106837897,-0.07817104409326675,-0.0817020957641656,0.0913485699073015
-0.4738892762095039,0.30877501969842214,3.2322466246312436,0.661539897935279,-0.6442997929183126,-0.49883531091716227,-0.5949991815123606,0.8629599560434005,-0.30139652285970403,0.03597191121736468,0.10494301124974914,-0.06584249971444317,-0.17787136722074837,-0.10453990220577797,-0.093512157779297,-0.14631214498129208,-0.020916195038403307,0.21214545954598313
0.4141143024513253,-0.9004962299382646,-1.1302925320654338,-1.3915960394552243,-0.4392699676071853,-0.42802745948160703,1.7313394366994996,0.36170613029887005,0.1253516439250894,0.31059026502401577,-0.1834697503884411,-0.3151295285547066,0.22586903565954253,-0.17924522169984614,0.16259187152965993,0.3465423216260684,-0.3110302837311366,0.496164618670254
-0.9375515441993091,-0.18907512950580174,-0.7541017860779573,0.15968037566121063,-0.41519191304584335,-1.562694745247097,-0.02937655913094199,0.6092395205172927,-0.6268886178556884,-0.05028704637927928,-0.9859797317335515,-0.6346708928694773,-0.43004954778331744,-0.11083998162034969,0.05207762712331099,0.06327726907423942,0.19984460380691116,-0.1565334253522603
0.09508294148446189,-0.2535581752987073,2.5427944685377764,0.47881400053040857,0.08389459774681256,1.045207132649816,-1.082813587671921,-1.047357881132436,-0.4009402043910395,-0.23597769540124833,-0.5528706831620955,0.7848406297178101,0.13988984011402128,0.01800882690854455,0.17785762798846083,0.11594077318094526,0.28792716301947296,0.1868384071979658
-0.49574818927362313,4.036510666123277,-0.3084056772697481,-0.10043716626638292,0.17929729455357202,-0.018540498264760827,-0.21451191887529716,-0.5071469822288128,-0.4799430221181153,0.500715694513091,-0.19335891187053444,-0.1523808894801449,-0.08469775041004068,-0.15256255342202463,-0.30119388915890905,-0.2798471467005283,-0.39640843786265423,-0.2532772600814901
7.601071638229731,0.23551015196646574,-0.4499723933236597,-1.401079631918161,-2.839437301838296,-0.23498128890536357,-2.2868550500612215,0.39816701212728095,0.01487955752518548,0.2513695410356287,-0.06176862928087257,-0.1852010994498286,-0.10502856560052509,-0.04474602800209104,-0.07116536835365317,-0.10167174508693777,-0.17280065932758054,0.08104634522398407
-0.8733986242158123,3.7784836004337645,-1.342309893057323,0.26458748211012006,-0.22492981823650998,1.1699240295732616,0.3175102787757992,0.4262523412855604,0.1369287392975055,-0.41651317657913955,-0.35422987189699007,0.080558461180193,0.04711203874975661,0.06468116351043118,0.07363736159253326,0.07197043224629196,-0.14878775114110893,0.2352164348639954
-0.5549464648893763,0.09444865245913303,0.21222865567192795,-1.3006646024224073,1.1193729531929557,-0.7851001060745814,-0.43164573733488354,-0.45569800413420053,-1.0043843010088525,-0.8506034549917574,-0.24502755225607917,0.26807520637981647,-0.2345478560169929,-0.11823256477531424,0.25122693626643045,0.17089217739191181,0.46649530986459287,-0.2646525911509051
-0.9382603719144836,-0.20013361943299768,-0.8041755404747686,0.45720814932923065,-0.5266386116644053,-1.3685066302248226,-0.24890980485457512,-0.3545020171680389,0.2497340101716265,-0.11739671952160843,-1.164564600968243,-0.8546004004119019,-0.49936554186092236,-0.1914476835140579,0.1160428813285952,-0.0117261974280915,0.22348654478576246,-0.15337544608828238
-0.4685334065078231,0.5987429713020006,0.30314548663862895,-0.1890598773613531,0.12114836714654025,-2.025158521298485,-0.6376813218211229,-1.115590323408762,0.12733813879360106,-0.7876792730320803,-0.499524690744775,-0.017000218252116894,-0.28926819091101713,-0.2622431277852911,0.3612611436508949,0.1278689782911842,0.44868794365126796,-0.21984833647956187
7.183079691414911,0.07115953271452047,-0.36639674099164077,0.4239801903900763,-0.2432322843386155,-0.8997212026916249,-0.4992538101500257,0.7653836281496798,-0.3677389751044235,-0.29089960312702035,0.02999884609993103,0.32121760909568625,0.16832948488916322,-0.49413641981789186,0.3335229916737851,-0.054772440890360374,0.6268569764843014,0.5824198237562439
-0.9116209216581274,-0.8372043849225352,-0.6706075228698958,-0.6691260414227181,0.41835970493352465,0.18238275891066474,0.18117459919444834,0.9375030938335529,0.16996271320299633,0.32398988696132913,-0.13786480652009941,-0.12696677668769335,0.5551430589565722,-0.04034531654598572,0.03022995637658432,-0.2954239933787345,0.15218206772812148,-0.4255032994354852
0.7013395247594374,0.2690821804422934,2.4270484808480814,0.4381523264711694,-0.45255700391469383,-0.8686522396377531,-0.12526297289569135,0.10048282428751956,0.15301734855341542,-0.3345845684150365,-0.10220334922278684,-0.8318093604017176,0.49765010830391665,0.9385544027112686,0.151226775554904,0.038228473885282166,-0.4632320686345527,-0.2384938558045815
-0.737977567078303,-0.3702466632272108,-0.3573156409970069,0.10265192722018172,-0.4584759961821236,-1.412507712998277,0.12205108571597768,1.0844581393166037,0.3717867028865634,-0.30227719022945376,-0.0695617135312247,0.07689260176180562,0.1325188211359774,0.25251627601015314,-0.3636949584038451,-0.17168690228619157,-0.19836227620874552,0.25770638484732794
-0.3953391276181618,-0.8386610046860759,0.620815970170906,1.208810587008181,1.2424659535678162,0.9247273305632265,0.39739437100245445,1.2764056309688359,-0.19358175078739762,0.005943907946856508,-0.6198693920861107,-0.5195438574641116,0.4030583820118072,-0.20401663253801805,-0.34234623728730457,0.4558923289272348,0.43317129591850223,-0.04593941860444889
-1.0498968951533292,-0.3658623467729176,-0.9726380892068385,-0.44770511081355424,0.2585311663838184,-0.3790799933893553,-0.010282128269058236,0.39231218796414286,-0.8267131438362515,-0.1127203647523389,-0.9383032796374013,-0.5957845388895797,-0.3886111424381368,-0.3517828615068988,0.3701858466615451,0.25590463066460994,-0.32118607641105135,0.10204906275858788
-0.7879590406274728,-0.8628135852728629,-0.5616842607935594,0.18580871423449558,0.05261186667207178,0.6249656235868662,-0.09774349535543474,-0.6801484593803282,0.2618179056070214,0.8697098059358292,-0.710942440421406,0.6597619723628543,-0.4974077158009551,-0.1793989694834089,-0.48465304314822283,0.17272813198926967,0.1164528426808682,0.07027410934334327
1.4157541219957634,-0.6219960536657902,-1.760800532515195,0.7913287937579324,-2.1827771475318594,-0.2852249945986181,-3.2340613611875546,-0.00923217037703497,0.002941204547690715,0.9356586238926852,0.23652523761600475,0.513620021081415,-0.39877313454756136,-0.3943548099533958,-0.20274052528474124,0.2696354302254947,0.15549956357961148,-0.010115491948004596
-0.27386342195203545,-0.4839641776402568,0.5436389426558257,0.549931965595192,-0.7402504325940865,-0.9271705963759381,0.20520650464672385,1.1434756937583603,0.1131476036836531,-0.42403767600185904,-0.48807337739862466,-0.26863889903768273,0.3549416241774229,0.5338642420495069,-0.2264228223305585,-0.5184629623633491,-0.07241037249880061,0.5148033828784182
-0.966420761029398,-0.007426423316254871,-0.827279256709484,0.17798122557247814,-0.4230944028329634,-1.4901138538308811,-0.01706719236776695,0.6068050239114118,-0.6463768054186311,-0.0077762911058767425,-1.009492921197747,-0.6355878551710179,-0.3984910234531956,-0.1032497914405196,0.0729480432073259,0.005395352381495522,0.22604939571025795,-0.06946090499380758
-0.43216831799678174,-0.33288304861255313,0.5163536984863613,-1.3580754527988232,1.0869093279540478,-0.592593941558265,-0.28608346198445667,0.12303652323708039,-0.07029815705677345,-0.023339578497621777,0.5537839558749436,0.1591914051521959,0.21910399780427092,0.15167164358374996,-0.25422137522314026,-0.10246364322750429,-0.015861768516124253,0.10691031770844478
-0.9752694921356453,3.5295662818517792,-1.568402886145195,1.0846600774613684,-0.9911220473105006,0.551698435094304,0.29927722577891913,0.33680197155445496,-0.25155579961393526,0.6164189849185946,0.5113671711493044,-0.9796985310432662,-0.058702095750211236,0.08650464363547306,-0.1282864838580423,-0.09656056427880921,0.24533896294011015,-0.14066980498038503
-0.8891471637450523,-0.8120572674639683,-0.6706112617386119,-0.23154142027827618,0.25227594311392104,0.3172204811067899,0.08241072906085298,0.3213734248557873,-0.5586536607158571,0.7430036801855798,-0.6269071311149156,0.5670052625047287,0.6343843031416299,-0.4016052480637073,-0.7301128174345568,0.08690478157650955,0.028982987040858665,-0.5174964247478717
-1.957373737845676,-0.500059747834878,-0.068006277975029,-0.27996171224972455,-0.024033995992474536,0.2285963138488925,-0.410654513593427,1.2753742611744898,0.28322742440932586,0.6283298057519696,-0.03918476350444405,0.30179612324090455,-0.1050770875091043,-0.29132392459681106,0.7177573997176712,-0.22855326214853303,-0.4658164767130421,-0.2851389492645735
-0.31095459283499494,-0.7380431761187165,1.3194881190341141,0.13353665101131712,-0.5170794791698526,1.4840235995807394,0.97418246927206,1.0836137526914558,-0.23389204648478407,0.31438618657619133,-0.614037627108198,-0.2645479724839554,0.1360957977312634,-0.34017456451614897,0.006473607254006086,-0.364763877590395,0.2663167705156201,-0.42793925222464374
-1.7199129963456206,-0.1557725520105393,0.1598523142905881,1.802027481435386,-1.4730740585156434,-0.10463103624717211,-0.7282734160028339,-0.5194463045621893,-0.1409641894876406,0.9041436162456501,0.10870176762748651,0.17761985125342203,-0.350543044111286,0.22775194903057083,-0.27156625855561906,0.12661259829009092,0.2409106394312417,-0.11689911339080103
-0.9149442665488459,-0.8234186049227994,-0.6855321248658448,-0.6620908836992703,0.41625194076929223,0.15513902879747493,0.14706588135965187,0.8407471797495853,0.06888039285297036,0.2627728690575848,-0.157014290906416,-0.22784606429274284,0.17221714248017905,0.29322048780395304,-0.09180319788618674,0.08262311704071607,0.23423588012154462,0.24166499014721937
0.09993030924661123,0.0934004196216951,1.4850090990747329,-0.6369851600872524,-0.08327975248404075,0.6627830556128517,-0.2985204209701483,-0.8815231385001276,-0.5809489060114543,1.2376245337562053,-0.3899871990417283,0.45817227288437545,-0.19769436049975347,0.5281893538060684,-0.10998648987582232,0.8779021895863977,-0.1939106713171848,-0.6824218407134716
-1.6312976164364519,0.09602458932914826,0.09052275677342214,0.48973095189101745,-0.4908221433012355,-0.9881366178823128,-0.15992077041177746,1.3477160466426663,0.5317493277119527,-0.3506391542378652,0.008982417223031558,1.0651667546623096,-0.002110287654877918,0.041866964689107444,0.5050170687526119,-0.45531775934799934,0.16917399825700696,-0.40156449156220325
3.7848457283932992,-0.09610967837732898,1.2170425059888719,-1.8380511292175337,-1.4567724985308614,1.0176179934603746,0.13534025108588876,-0.47272830140132477,-0.1523216753519912,0.0358151556065022,0.03332277106913706,-0.20331666834953183,-0.22362123737655876,0.23917777612939406,-0.21179522726960276,-0.0018703206804800976,-0.2007369391008909,-0.16309874138891045
-0.5873671393616371,-1.4105274121498026,-0.1629862280065959,0.7550596700010972,-0.3838200503941834,0.7515864828886767,-0.16955721073480737,-1.175960201987608,-0.5977437394118086,0.24482895911221716,0.11478318618659655,-0.5191120256686133,0.5348981543563809,0.6036342035784595,0.07794275737412831,-0.33651075527324675,0.1991132574508918,0.39005834809397827
-1.7492955659159213,-0.8525804270960944,-0.12202307766256326,-0.4771173407869912,0.07886327689525212,0.341580011688888,-0.564034706108528,-0.07870320331123945,1.0023430218803782,-0.5106183743890982,-0.16565171940291773,-0.045603810398020694,0.020241751704563937,0.299828419609797,-0.33554204606758664,-0.22657269094224936,-0.159301081726758,0.15521108167819114
-0.32120181154615507,4.0261667462727395,-0.40065807761780453,0.2648326437782313,0.6932040422531217,-0.13418588690856575,0.20763382513286763,-0.5492749814630047,-0.4694475221402603,0.4866702616777764,-0.18613249477726201,-0.18408638249707904,-0.08248462530806144,-0.15744126459548624,-0.30835973924395876,-0.3043382824137569,-0.3960373445090167,-0.2371965658982449
2.0830675098762885,0.27537693229118987,1.7739929503974399,-0.6439809422589166,-0.25180215704971626,0.3351136388762993,1.927437515993859,-0.7311106662632085,0.08268173879682127,-0.38631400394508086,0.06528287611454525,0.278693101524715,-0.054043335036557116,-0.05989943015164784,0.551661629280599,0.7047964225505856,-0.2935956921238414,-0.09107016107765345
-0.7879590406274728,-0.8628135852728629,-0.5616842607935594,0.18580871423449558,0.05261186667207178,0.6249656235868662,-0.09774349535543474,-0.6801484593803282,0.2618179056070214,0.8697098059358292,-0.710942440421406,0.6597619723628543,-0.4974077158009551,-0.1793989694834089,-0.48465304314822283,0.17272813198926967,0.1164528426808682,0.07027410934334327
0.42948087894855413,0.45814851493181785,2.064011964730284,0.5573817227765602,-0.38947214004562386,-0.7757611158841516,-0.22660477513549512,-0.31928857695779883,0.8012411209565433,-0.5525510812491129,-0.10517208422050406,0.04604443687771259,1.0209666038634189,-0.8006727651812566,0.18546470468233223,-0.012193394444156014,0.41235769619169493,-0.3479894473923245
-1.684376736693238,-0.6075504956324671,0.6193270428005238,0.16241242332191452,-0.23098334615154492,0.5406418310278122,-0.5911958275703935,0.3429187255889659,1.0255764820051536,-0.5579065672299379,-0.5588245008557914,-0.20878077405408996,0.7111340488921153,-0.3740698605155738,0.3463014835387479,-0.41007690607293057,-0.799019920216588,-0.33768118912159373
-0.8772847753707574,-0.08066578031792537,-0.6901271126009696,0.4261748587669162,-0.5224911509750877,-1.42932595035818,-0.27511289497246794,-0.4170747726176714,0.2780523208671383,-0.7699698786372506,-1.0247129438032432,-0.48563277956938516,-0.5221009980585828,-0.16115884401175895,-0.18104741628422855,-0.3558984008493465,-0.1414575124490049,-0.09190780643708649
-0.7386863947934775,-0.3813051531544067,-0.4073893953938182,0.40017970088820176,-0.5699226948006856,-1.2183195979760022,-0.09748216000765543,0.12071660163127204,1.2484093309138782,-0.36938686337178306,-0.24814658276591628,-0.14303690578061895,0.06320282705837249,0.1719085741164449,-0.2997297041985608,-0.24669036878852252,-0.17472033522989427,0.2608643641113058
-0.3946737156185437,0.29390898215216377,3.1439573090992647,0.9435014067570814,-0.7763244763344156,-0.29909649563989105,-0.872799725219756,-0.08847428203497384,0.5736767865329793,-0.029929445540099103,-0.07417064078877206,-0.2832145144608978,-0.24524715051133017,-0.18865635326520636,-0.027140657792620593,-0.22219660415965695,0.004528945721264832,0.21723742851338607
-1.2858296094551223,-0.3661799678450177,0.07798466635449208,1.7925708283506012,-0.9866235005124849,-0.4767591562866773,-0.2713218157133871,0.4570613824214013,-1.1282887632034315,0.7549024729272985,0.1819278706157419,0.19094777977234215,0.09136351076704291,0.42012019760010155,0.34938497670710533,-0.18481445112798695,0.30746515535065444,0.11784790761594649
-0.06366020669635564,-0.07452932084092145,0.5737942172843955,-0.9729424681942263,0.31522286247777304,0.2833461033815813,-2.062205945131859,-0.35630972859250204,0.8324766261245544,0.2931626756862752,0.5102523295519044,0.5740856656080151,-0.6714414910332511,-0.4152263699795248,-0.425650657936531,-0.052782752256078314,0.1042092353079137,0.0007148569800329851
-0.4836448124773339,0.4831091329939914,0.37460656664272207,-0.5180033435270748,0.2475629843517922,-2.2378468241866214,-0.4502165357118756,-0.1109056326010929,-0.785555355328375,-0.2938887386610831,-0.2986946744163874,-0.24855038572607918,-0.3516041681291036,-0.24479863566072285,-0.08947013412962762,-0.17969140788672494,-0.024048252927410918,-0.20421557743258217
0.27644852262461705,0.05223189319220323,1.9296990175016286,0.8909472938613646,0.4217168280080827,-1.1152630309403397,-0.6405083757539671,0.8630520629372942,-0.21465306419119773,0.8149483159215579,0.08669944198730328,-0.42275583946980316,-0.2077864881945956,0.5417135708039725,0.5973325028049399,-0.43006902228667976,0.28994116978816964,0.5157314568784741
0.6706336232242067,0.056994954082479676,2.3025934386850526,-0.18738629466530304,0.33284203402540186,0.8867494362527232,-0.02839499327565688,-0.0917832466607865,0.018375059082259546,-0.03720992635317419,0.1373723031412939,-0.0851277673642617,-0.3858319382421812,0.3981328836958178,-0.2153888261404293,0.278704457728076,-0.28152156903224673,-0.5915247369761694
-0.8733986242158123,3.7784836004337645,-1.342309893057323,0.26458748211012006,-0.22492981823650998,1.1699240295732616,0.3175102787757992,0.4262523412855604,0.1369287392975055,-0.41651317657913955,-0.35422987189699007,0.080558461180193,0.04711203874975661,0.06468116351043118,0.07363736159253326,0.07197043224629196,-0.14878775114110893,0.2352164348639954
-0.41755583449588823,4.495442266886815,-0.2093988323773634,0.039688450802332784,-0.02932069023313623,-0.23342409523147245,-0.08606021244723917,-0.0858295878238032,0.07988476427423295,0.05627108458624744,0.1425910334425431,0.08499225601496335,0.11653132591315574,0.08617838888333207,-0.0026609301246066086,-0.01979365929775001,0.42559770030507116,-0.05123229593983247
5.295520527145746,-0.18230901897249718,0.4035353179413028,0.36479900717933755,1.3979549674641332,0.5292122123966706,1.0087480955137251,-0.29436192015025964,-0.09157604203613803,-0.06593208487608657,0.08650204255756355,-0.3140666701061539,-0.21532158782444594,0.24714113654256853,-0.18562257005533622,-0.09637651590535146,-0.20114037151997016,-0.13193427770085053
-1.567740198435835,-1.1888285591394918,-0.11359055536948359,0.9338626403705261,-0.3099669488320271,0.900333160002373,-0.6766361186769165,-0.8908154614969943,-0.3907302478431805,0.38627733844197176,0.1214950507260768,-0.1485852811406702,0.24104070438858716,0.07401449072773314,-0.6454162163637178,0.31395985060710846,0.3370703799898225,-0.1310123046716449
-0.974770569667028,-1.183125195339578,-0.9141114352855635,0.015839640025934063,-0.0013066463285685143,0.40521689165564767,-0.08821080986754587,-0.45901660819233087,0.5111547731770343,0.04301778746372828,0.7217300772533173,-0.6739492144320713,0.10620655335899049,0.13455340621132272,0.07088434882394651,0.12832983796934577,0.2766156906975934,0.0018400496209124984
-0.48046748903756326,4.331200023818486,-0.3276499682104425,-0.3820629465158508,0.4336776184718079,0.5555912707670952,-0.07712660768724149,-0.23132005638319278,-0.05005630887069282,-0.007541709745301189,0.19320352825517406,0.0977113474810744,0.14829287460163088,-0.09956633003224086,0.22917989795241844,0.17317395870658253,-0.0077365506406635864,0.12606664313247762
0.035756240414858365,-0.5817132481967267,-1.1385582769094031,0.07211702453001802,-1.8364231876149368,-1.3171265498789633,1.485247990634344,-1.530939352530297,0.0508649865388759,-0.5016454875896424,0.18559377320852266,0.5766213861035971,0.5314308358142923,0.15066772965931519,-0.01163306362933203,0.16234778131779354,0.164638742673211,0.1804249789217775
-0.8860750497187571,-1.0050673111123463,-0.6123546542343181,-0.6803917336105378,0.4241544305564123,0.08255813738125899,0.13475651459647686,0.843181676355466,0.08836858041591304,0.22026211378418203,-0.13350110144222044,-0.22692910199120225,0.14065861815005715,0.28563029762412295,-0.11267361397020165,0.14050503373346007,0.20803108821819782,0.15459246978876656
-0.6238087449536378,0.19356913859731995,2.9163386129491187,0.375190426567228,-0.5012414766384438,-0.8258151072722085,-0.6983651603379398,0.8762389135658846,-0.2633563416968521,-0.23518230128375803,-0.031054294399209814,-0.5162583442959285,1.0566772476993398,0.07116747973958282,0.34414462806196466,-0.671861028393588,-0.1805961154284636,-0.2889608876936258
2.293014154013907,-1.1059004077942023,-0.8366828718797408,1.0159043686236466,0.8082369775259847,0.6762171496111329,1.8864526112080227,-0.9696642957452921,0.03054245637574196,0.6858585864149515,-1.1656621249290937,0.1899523879090243,-0.125086746562999,-0.3184921647806153,-0.2316668018618338,-0.04156149492154576,0.1664496453342107,0.3720043959289509
-2.0046953009398205,-0.43371930980862183,0.07339733664771786,0.22260396954453815,-0.5808825037720668,-1.202263634127882,-0.48868533971546124,1.3265934746466237,0.35919176719001694,0.3289880056268588,-0.19545843655973277,-0.2529288758428307,0.11595902543718595,0.3123088203454414,-0.04869549694613062,0.23551738660477933,0.1277798538802718,0.11304763515821398
-0.9600520817795141,-0.42804321384739197,-0.7854121907015127,-0.4970392512871362,0.27058111686025615,-0.5124802049389288,-0.048794585150126066,0.3321739291203913,-0.778906645577797,-0.8078042791413839,-0.7749384330082058,-0.2258999557455224,-0.4429051229659192,-0.32908421218442996,0.05222513296470643,-0.03038565606390109,-0.7123349255491656,0.07644418205133102
-0.8984736619072337,3.7757264492020566,-1.4757417838786777,1.0850424793967557,-1.001942505207873,0.5093793028268078,0.3051425952754119,0.23328606298248497,-0.18696662282376236,-0.46283503542571547,0.6289736812206084,-0.15925123518436252,0.05021441934781967,0.17995669290691196,-0.03861075789562779,-0.05816891501982402,0.32948916130517025,-0.09799290364014676
-0.5186897864798783,-0.2844879615378144,0.3440524019769846,-1.3157764700486891,1.0769671416418427,-0.43194999989550154,-0.21346228726859237,0.27993069616479954,-0.017022334965202,0.7329613537951675,0.40956859363206477,-0.10981389038681194,0.6563238948084466,-0.20459281008865782,0.18577249273646945,-0.19422046691844386,0.2932332682285669,-0.534653091167003
-0.7228909625491431,-0.4640363790269033,2.321061250700157,-0.38214297658677854,0.39940337500761697,0.500049007233733,-1.1287648743103826,-0.5184299365436276,0.421613897408578,-0.43879684288662746,-0.04726060224783524,-0.5045344807156447,0.5784404707789988,0.08713451156833085,0.33431508184153735,-0.1269886482924949,-0.07740183884536267,0.2071195251165297
-0.41755583449588823,4.495442266886815,-0.2093988323773634,0.039688450802332784,-0.02932069023313623,-0.23342409523147245,-0.08606021244723917,-0.0858295878238032,0.07988476427423295,0.05627108458624744,0.1425910334425431,0.08499225601496335,0.11653132591315574,0.08617838888333207,-0.0026609301246066086,-0.01979365929775001,0.42559770030507116,-0.05123229593983247
1.6196744123747469,-0.8427538984464287,-0.2951223574990496,0.6616583397318262,-0.5645697471247693,1.381117774434454,0.3863279572826308,-0.38570679737619,0.23611216711697275,-0.41943955124420396,0.7969354340332913,-0.14282416039814955,0.1070628648190568,-0.7903408212445042,0.0408912461581008,-0.7123958398955953,0.016036651493187337,-0.3344737294099771
-0.9567658516866339,-1.1437798046906587,-0.7981277988245652,-0.10357813985724414,0.21239542862755023,0.1951993381672928,-0.21544339286586497,-0.7680221729268097,0.21899544510257213,0.4943663568088825,-0.8423064025009768,0.10793299855124527,0.3216534526404149,0.32394919810061507,-0.19129520492331203,0.08328737829222482,0.011585051165439841,0.1486481164575683
5.82249681090561,-0.20094231369095072,0.20339617903392382,-1.4044580326472702,-0.8947711252607048,0.965978432745848,-0.6884032042849592,-0.1767049512686473,-0.1827485422506709,0.059646053032719,0.03837871652446767,-0.20124890452367478,-0.1706872964601469,0.12470013123034696,-0.16797727810670804,-0.10926854422930554,-0.1735789332102073,-0.03195063224581757
-0.8104327985405481,-0.8879607027314294,-0.5616805219248433,-0.25177590690994633,0.21869562849167545,0.49012790139074114,0.0010203747781605543,-0.06401879040256295,0.9904342795258747,0.45069601271157855,-0.22190011582658992,-0.03421006682956784,-0.5766489599860127,0.18186096203431257,0.27568973066291824,-0.20960064296597436,0.23965192336813101,0.16226723465572973
-0.1375167624431211,-0.6066602476928371,-0.9810603712426922,0.06879750555130605,0.10266194275868139,-0.04535213124024687,1.216569191931004,0.40011227308784664,-0.1648657944093031,-0.3294817620644974,1.062471561799172,0.074598114044437,0.4451587684128673,-0.9307127616290323,-0.45267494013648824,0.023671759367299594,-0.630900580043022,-0.3347661527124487
4.483014243101577,-0.13668525062629144,0.8397412092756509,-0.8643916771564989,-0.19253904061828003,0.8038126778661353,0.5055233707753569,-0.38923323147650696,-0.1326805134178866,0.0022884348158848378,0.05596709328506344,-0.2550195071936053,-0.21505623032275983,0.22525747260764106,-0.20299229395621676,-0.06349291378089583,-0.202714765266709,-0.12121987595603431
0.2329874123161817,-0.41361739834448596,-0.6782681177914287,2.1731630442725143,-0.1848329851699792,-0.7165533831463626,-0.10786785213080027,0.40751200231374834,-1.0131625329698906,0.9191203186803552,0.4341978554790913,0.4116630373006479,-0.2615442808580624,-0.10001489565520855,-0.1805465753176577,0.14414628689817016,0.18730290648458414,0.2183107066823365
-1.0447525439197303,-1.310779198990695,-1.0498108254789993,0.2951254601112077,-0.10161894963886862,0.32366997741940673,-0.21887747160625462,-1.1064789197892748,-0.23484099016362153,0.384231703630758,0.19150964542925264,-0.11915760634719913,0.35651738192695315,0.253480008581523,-0.07170249633444808,0.14611564903044144,0.05652771266598422,-0.007262282974263623
-1.0447525439197303,-1.310779198990695,-1.0498108254789993,0.2951254601112077,-0.10161894963886862,0.32366997741940673,-0.21887747160625462,-1.1064789197892748,-0.23484099016362153,0.384231703630758,0.19150964542925264,-0.11915760634719913,0.35651738192695315,0.253480008581523,-0.07170249633444808,0.14611564903044144,0.05652771266598422,-0.007262282974263623
-0.7503220081331904,-0.42013944914633083,-0.5583245353419661,0.929971353889225,-0.9779491765132794,-0.8764673097366811,-0.015119132842728256,-0.1611990743038902,0.8200159667303315,-0.18197794448018187,0.8758553200146353,0.04252103202499552,-0.5499248277135543,0.07827775090125078,0.14426109481813876,-0.4589643082474094,-0.12179877955826807,0.10947075028245906
0.10501028223178877,-1.2880679018703793,-0.7614622804026516,-0.11956601138230417,-0.8971775951137229,0.6251463279835903,1.8878373202483825,-1.5634221697535922,-0.3656853802675046,0.5188174704691596,0.08844283476365167,0.03426520007548589,0.0041384278331274005,-0.13942758679895845,0.41183078744739987,0.006256811589816502,0.09601966172750798,-0.1180974702761057
-0.9336846395918527,3.569328405320502,-1.4476473579877167,0.4329732386300855,-0.3677182508957861,1.21730036001616,0.2841234928753761,0.29920494204322406,-0.12700660519792734,-0.04696301598246308,0.18581117802733593,-0.48559099562556013,-0.06836590488152244,-0.03140779370979763,-0.2524480254682874,-0.2804853095387111,-0.5741282287551733,0.1765886959458351
-0.9636978337523106,-0.5849600991607928,-0.7810439435676705,-0.685429866294138,0.47573343507132787,-0.1892675351342767,-0.06907731048622844,0.24281754665689018,-0.8536701189353153,-0.8328940605969279,-0.7702158053145471,-0.2005573549374518,-0.4673806631645585,-0.017148281001782062,-0.291081623668693,-0.31287520174861894,-0.1236501462356801,-0.1367120611084298
5.341792320358041,0.2693759474238131,-0.544471221290616,0.9216656392524037,0.618045152550586,-1.5275349844680288,0.4131867998149096,-0.7776932138578727,-0.3857935189340423,-0.10630350235068561,-0.4613313110537426,0.571553648768956,0.7556688648759758,0.19307926798674213,-0.3144680190651014,0.5510234122283775,0.011791374294597423,-0.003080432448682169
-0.16008143122080176,-0.3334082260313853,0.503783902383353,-2.427774917107219,0.16903943374900277,-0.7319806721805161,1.5091961071340547,-0.5372995259306608,-0.0930582480792459,0.02845291230076666,0.5086288597900914,0.1028613989124722,0.2517272149960351,0.06080053072506153,-0.33667071693433154,-0.12342426961630565,0.03661204291631137,0.1666664643326196
1.3904024289205033,-1.4580558352243964,-1.8942882231490132,0.4258946684371831,0.15010088885531364,0.26379431747732995,0.3940807456232338,-1.1704370764789027,-0.31717230860796947,0.3021663566043702,0.09897137486933927,-0.28244212503672955,0.5492919838359667,-0.027550595398659505,0.05240460420232468,0.11760930330913583,0.07819482790752752,0.01653938807014016
-0.43216831799678174,-0.33288304861255313,0.5163536984863613,-1.3580754527988232,1.0869093279540478,-0.592593941558265,-0.28608346198445667,0.12303652323708039,-0.07029815705677345,-0.023339578497621777,0.5537839558749436,0.1591914051521959,0.21910399780427092,0.15167164358374996,-0.25422137522314026,-0.10246364322750429,-0.015861768516124253,0.10691031770844478
-0.6418955152429829,-0.8583985499516229,-0.19143797536155427,0.06859220509908888,-0.04579216429646206,0.10191251771708155,0.10650997956650707,0.4264657223213138,-0.6136511612594495,0.5900604240200029,-0.9165783365300602,0.27398896470283896,0.2631492022269073,-0.26652314578765185,-0.5273528694233367,0.8681281734198292,-0.6466032818582361,0.313905138977768
-0.8860750497187571,-1.0050673111123463,-0.6123546542343181,-0.6803917336105378,0.4241544305564123,0.08255813738125899,0.13475651459647686,0.843181676355466,0.08836858041591304,0.22026211378418203,-0.13350110144222044,-0.22692910199120225,0.14065861815005715,0.28563029762412295,-0.11267361397020165,0.14050503373346007,0.20803108821819782,0.15459246978876656
-0.8285773814352231,-1.2713115589242936,-0.14857151201203922,0.57245464919214,-0.5114985296251237,0.8837382217103888,-0.6358458583524915,0.1932394473004155,-1.3544403134985423,0.5920972314280545,0.2654779418924118,0.28709483521099144,-0.02188649033749651,0.4496407150247014,0.349980926436418,-0.1596441489791775,0.2526947039897871,-0.10703419540810097
-0.8317248695966947,-0.6635970863649854,0.425399973668275,0.44945956808330345,0.5977656212890602,0.8374176508588351,-0.37714345053240794,1.3150864636415789,0.0037522676685623757,-0.5094845155434344,-0.15541376775902827,0.13288925324177753,0.6215885555761848,-0.569342897701623,-0.5602338808985567,-0.10842327660486611,-0.07457621872977588,-0.6836380924238128
-1.1378835873864257,-0.5328617410729544,-1.2243211158612726,-0.04900151084510242,-0.055483211882600456,-0.25060935413724134,-0.013716207009447867,0.05385544110167781,-1.280549579102445,-0.22285501793046344,0.09551276829282807,-0.8228751437880242,-0.3537472131515986,-0.42225205102599095,0.48977855525040903,0.31873290140282656,-0.27624341491050697,-0.053861336673244053
-0.519244674485289,0.8600959048263616,0.26461833553875813,-0.20061131472472804,0.15672732774538495,-1.9305206748855799,-0.6521860362850015,-1.0437550272712977,0.014430829266333808,-0.3394888396049972,-0.4560418644876464,-0.569493622182238,-0.34086627265323816,-0.2250827724836798,-0.07065472347996876,-0.36217080626221576,0.08135459810973067,0.17664936650225643
0.9939295434764419,-1.188848711952126,-0.8536326848172588,0.08046720080125182,-1.5654463872870203,1.269752181358128,-0.939782032546787,-0.9618468121445052,-0.5042682059798794,0.7060361717777025,0.13549029746728147,0.1606760400318281,-0.2792969091378634,-0.017323268543363135,-0.28625076292023616,-0.20000534845956863,0.39133588384047546,0.2219469838241544
-0.12570623229475522,-0.20428204017044171,2.4413243073765303,0.4207184310024821,-0.268894721913515,0.6784741414216794,-1.3961388658790186,-0.9109990232782739,-0.31069443115809686,0.27794084224407795,-0.5086652802189828,0.47568625774696194,0.09743326816128972,-0.5178958503814899,0.22363926369650367,0.047269937727701605,-0.6625084029245083,0.36695359763855145
-1.61387274918143,-1.1554486446908097,-0.6414495496036074,0.26555452279682096,0.15155318222991737,0.47716610932080206,-0.5496854532053455,-0.2946024139813113,0.5236455292995121,0.023905317791811348,0.7359023008721148,-0.653499694321122,0.08234728829690224,0.19041884160249856,0.08818457005778008,0.1570794055423475,0.24954660735944834,-0.04306963161777738
-1.4384027059684645,-1.1499608639744918,-0.6900566171208373,0.14420064008597622,-0.18117812066688416,0.4276879495596201,-0.3306926978627157,0.02401790006840096,-1.0816983464711034,0.7418123072848913,0.4662002446211412,0.537004253802472,-0.23802807109004537,0.34801532664670265,0.20122979326476398,-0.026262977368369633,0.024186278238055747,-0.04083936174759467
-1.208740681849771,-0.22919972682669676,1.4012776329490475,0.9306861004005238,-1.1128744008527727,-0.3364535807434129,-0.2685136840641976,1.4994757819818825,0.13258044573297045,-0.7312362195702642,-0.5266297540040481,0.5828289450919351,0.0010158233226131297,0.3083369558081055,0.7149383707383163,0.02393053385930477,0.35284601299054497,-0.021627128785702665
-0.48046748903756326,4.331200023818486,-0.3276499682104425,-0.3820629465158508,0.4336776184718079,0.5555912707670952,-0.07712660768724149,-0.23132005638319278,-0.05005630887069282,-0.007541709745301189,0.19320352825517406,0.0977113474810744,0.14829287460163088,-0.09956633003224086,0.22917989795241844,0.17317395870658253,-0.0077365506406635864,0.12606664313247762
2.0916178538624948,-0.2095499483284804,-1.2258677014088613,-0.1467024617214724,-0.9744281269194576,0.6712157981619442,1.6209727877942643,-0.1525720275440547,0.22342235977545782,-0.6140859155314123,0.8801227231969875,0.5704475057281699,0.0627225722494803,-0.6717555786721048,0.44839426211353683,0.5763584447805279,-0.5177305376675092,-1.0312394071143085
-0.08388109487026041,0.40123576995534216,0.40374539650278907,1.480713138850059,-1.3780620777229116,0.04872126855582684,0.3889899376399025,0.4401371239176947,0.2393133844572774,-0.6290414950447226,0.8695761775776965,0.42975654210446446,0.12070638413649526,-0.07658962110902418,0.29175853906923344,0.3610851678402703,0.09373759945444382,-1.1367569810697336
-0.5714755262892361,-0.04330216570326795,0.18354222688239852,-1.034552521252089,1.0228941731610839,-0.6094121789181681,-0.6832474426729022,-1.3784963886971948,-0.16403253907619864,-0.4910322669054187,-0.4013672743970747,-0.40333397617899497,-0.43551582139028916,-0.26200347643816235,-0.07157383310352367,-0.28667514179065934,0.04104299524361654,-0.24270387357596962
-0.8584585572842051,-0.5339761544874921,-0.28573267866003493,0.8194628962479866,-1.9341824772210194,-0.6076700267994966,1.0963919019949162,-1.1544808230349972,-0.04229224407202624,0.9014272263150708,0.14787405529505437,0.2523125618224097,-0.40311964737873773,-0.23609225352159674,-0.32088110803391295,0.2341574142187483,0.24974562729025984,-0.01801307251207035
-1.6285656401590747,-0.8101922030471675,-0.2502465497739315,-0.7344195888218615,-0.13393605206241957,-0.16806389741589134,0.1579685504879527,0.88635424194908,0.16723321795611285,0.24506047936266512,-0.14100944622208939,-0.23807130906975765,0.14699683886855058,0.01139837132758914,0.22215171550942103,0.4622005586307925,-0.39298839627422144,0.32538456383434694
-0.48046748903756326,4.331200023818486,-0.3276499682104425,-0.3820629465158508,0.4336776184718079,0.5555912707670952,-0.07712660768724149,-0.23132005638319278,-0.05005630887069282,-0.007541709745301189,0.19320352825517406,0.0977113474810744,0.14829287460163088,-0.09956633003224086,0.22917989795241844,0.17317395870658253,-0.0077365506406635864,0.12606664313247762
-0.8772847753707574,-0.08066578031792537,-0.6901271126009696,0.4261748587669162,-0.5224911509750877,-1.42932595035818,-0.27511289497246794,-0.4170747726176714,0.2780523208671383,-0.7699698786372506,-1.0247129438032432,-0.48563277956938516,-0.5221009980585828,-0.16115884401175895,-0.18104741628422855,-0.3558984008493465,-0.1414575124490049,-0.09190780643708649
-1.051684525985407,-0.7519594934608296,-1.0327269702221047,-0.2867262663256862,0.161719056804909,-0.060796895882162735,-0.07251138922661807,-0.09563920020557487,-1.307506554201509,-0.9430287137750526,0.26360024261568227,-0.42764795983589626,-0.4325167338780203,-0.08761747052087426,-0.17148891507982908,-0.2500469310104024,-0.07870748473513578,-0.29262246054026175
-0.5057726367743904,-1.3383680066728016,-1.3339537289035095,-0.041284695039171995,-0.7368497909716193,0.5833391214717157,-1.9597617663006606,-0.7166067459009429,-0.2648168429793014,0.410473838685407,0.18905702251218193,-0.03464376205087166,0.36817987464736013,0.2356021799255199,-0.014344293296034705,0.15904019204590408,0.057303583557063664,-0.002153669139861314
-0.34504643190005396,0.18246976015751004,0.6573442838498733,-0.5439985014057892,0.2001314405261943,-2.0268404718044435,-0.27258580074706307,0.4268857416478507,0.18480165471836507,0.1066942766043846,0.4778716866209394,0.09404548806268703,0.23369965698785156,0.08826878246748115,-0.20815242204395995,-0.07048337582590097,-0.05731107570830024,0.1485565931158102
-0.8733986242158123,3.7784836004337645,-1.342309893057323,0.26458748211012006,-0.22492981823650998,1.1699240295732616,0.3175102787757992,0.4262523412855604,0.1369287392975055,-0.41651317657913955,-0.35422987189699007,0.080558461180193,0.04711203874975661,0.06468116351043118,0.07363736159253326,0.07197043224629196,-0.14878775114110893,0.2352164348639954
-1.2156131713273186,-0.7117216749763717,-0.3786414118407802,-0.1111735560477461,-0.12610810928257804,0.2351275064266839,-0.24806579049185265,0.08585092231594635,1.0668974115976184,0.4738882122171293,-0.22401726327970267,-0.04211573048600925,-0.5640280159623665,-0.10407826130661063,0.6249226281335327,0.09406835207022207,-0.3613288601377932,0.35104360730358913
-0.9054451644856718,0.11204141579881743,-0.713230828835685,0.14694793501016368,-0.41894694214364575,-1.5509331739642391,-0.0432702824856598,0.5442322684617795,-0.6180584947231192,-0.6603494502215189,-0.8696412640327471,-0.2666202343285012,-0.421226479650856,-0.07296095193822066,-0.22414225440549784,-0.33877685103975946,-0.13889466152450952,-0.007993265342611633
-1.0203725262158678,-0.5111735248442231,-0.9299724083825489,-0.635132229669104,0.484995487692601,-0.03845060316836878,-0.049173420278140464,0.2995780190179755,-0.8935306863483119,-0.13300543534792772,-0.9129660706322484,-0.603487658868594,-0.42659215790133526,0.1678550069549838,-0.013516725641931071,0.12552424160685977,0.1584540633679562,-0.29682918452043744
-0.8733986242158123,3.7784836004337645,-1.342309893057323,0.26458748211012006,-0.22492981823650998,1.1699240295732616,0.3175102787757992,0.4262523412855604,0.1369287392975055,-0.41651317657913955,-0.35422987189699007,0.080558461180193,0.04711203874975661,0.06468116351043118,0.07363736159253326,0.07197043224629196,-0.14878775114110893,0.2352164348639954
-0.9672478859761442,-1.053560541713222,-0.9070759688156709,-0.002019911621425133,-0.0009927089176792608,0.08716273012963574,0.006521143613871294,-0.24625329067591298,-1.0468744414007636,-0.6279126435712227,0.4877010247352481,0.921219197054129,0.534749891102589,0.42753975974667024,-0.04599202457731777,0.25951076479175755,0.11703597005219302,0.032256639101996776
-0.8972659117234418,-0.9259065380621052,-0.7713765786222351,-0.2813057317066988,0.09931959439262088,0.16870964436587668,0.13718780535258007,0.401209020921031,-0.3008786780601077,-0.9691265597382526,1.0179214565593129,0.3664275889692569,0.28443906253462636,0.30861315737646977,0.09659482058107682,0.24172495373066188,0.3371239480838022,0.0413589716971729
1.7170859499291191,-0.09186462105539084,1.2890556680172427,0.09969995493747512,1.3544618761482856,-0.20778515087823451,1.2276240279460289,0.19030550222491668,-0.2498612172451295,0.05835770003730015,0.3154405037446024,0.19529611419971196,-0.10813121635059736,-0.9278491436730736,0.21630115413056095,0.20601611785626078,-0.6177755321167314,0.5010425112112593
-0.1559342627225595,-0.9880582449975843,-0.13765112492545084,0.46293422370995374,-0.10032914752775794,0.756247741614563,0.4655393095915614,-0.687279900336361,0.28863568105825627,-0.6505004101897607,0.892112744181909,-0.5097055593513979,0.0686287244870476,-0.10727309568070237,-0.7644720564074121,-0.3191020281704711,0.06128564011214799,0.3951617595949756
-0.5454567641212456,-0.5193631311754958,1.0886531993637105,1.5995386116743104,-0.8490853882065815,-0.11441272592570771,-0.6559394433816251,0.6746491272820256,0.8628997632176243,0.28161326400954767,-0.8016989158146821,-0.6317808945378733,-0.3048996800343766,0.503793384900134,0.5166265223395308,-0.4078353253858682,0.2148484059818604,0.3663288924909552
-0.9178517273222482,-0.8264016153032585,-0.6939665078398265,-0.4118405344229098,0.30719972686062996,0.0066323610618076595,-0.02431924194116887,0.11695743662906546,-0.6558585451872155,-0.08117341957290078,-0.5195146576304319,0.6893106019457174,0.45117804539381057,0.42892780924675433,-0.6108138375760391,-0.18441048508484184,-0.28919932662124104,0.31726473419426454
-0.9531200997138374,-0.9868629193772585,-0.8024960459584074,0.08481247514975775,0.0072431104164785015,-0.12801333163735928,-0.19516066752976255,-0.6786657904633087,0.29375891846009045,0.5194561382644265,-0.8470290301946353,0.08259039774317467,0.3461289928390543,0.012013266917967447,0.15201155171008734,0.36577692397694267,-0.5770997281480454,0.3618043596173291
0.8701463358185986,0.5500483998600891,2.6634920188790874,0.7275391805629093,-0.6123405658701718,-0.43888595421817955,-0.007563075385261117,0.18835653783400105,0.1958398090578648,0.04075888071191017,0.029160612856784007,-0.279980386590109,-0.3214110601374533,0.43520623512724455,-0.14213106267000675,0.12766922758232696,-0.35836427711912416,-0.3168678629188064
-0.9130861454081272,-1.0525988662973103,-0.7499892530149532,-0.3127214242044005,0.11428751297931099,0.15020945650001524,0.1051193457381944,0.44215217404336854,-0.3371495441547688,-0.5424456985095847,1.0401666036530088,-0.08505208604712994,0.15278709123893497,0.24544994760732985,-0.29017120299416144,-0.1408388989495783,-0.11197030751602521,0.060149710008130575
1.0440913391917865,-0.5302889176439418,1.6151306701338017,-1.4110486768832529,0.031025112039787625,0.12348752176696999,0.29778024650656654,0.00158361038470331,-0.497947581969142,-0.3057452738084627,0.09055773978062742,-0.34003139577425917,0.7180993165725121,-0.0031357906843082484,0.22061845831179006,-0.1483782576455852,-0.02844447925714838,0.3542388188669853
-0.5549464648893763,0.09444865245913303,0.21222865567192795,-1.3006646024224073,1.1193729531929557,-0.7851001060745814,-0.43164573733488354,-0.45569800413420053,-1.0043843010088525,-0.8506034549917574,-0.24502755225607917,0.26807520637981647,-0.2345478560169929,-0.11823256477531424,0.25122693626643045,0.17089217739191181,0.46649530986459287,-0.2646525911509051
-0.7012790333283749,-1.3909846055916464,-0.3514655089749166,0.3877983792526227,-0.24420311975196962,0.49778208898368353,0.04778376775186528,-0.15302869891034232,-1.3768109050702853,0.3447513458565503,0.21239008242174107,-0.22537880291026519,0.5612557114339818,0.6649675127539035,-0.08251769093801792,-0.20217695057948937,0.2122587465708532,0.24387549166393213
-0.8733986242158123,3.7784836004337645,-1.342309893057323,0.26458748211012006,-0.22492981823650998,1.1699240295732616,0.3175102787757992,0.4262523412855604,0.1369287392975055,-0.41651317657913955,-0.35422987189699007,0.080558461180193,0.04711203874975661,0.06468116351043118,0.07363736159253326,0.07197043224629196,-0.14878775114110893,0.2352164348639954
-0.43337606818057356,4.368749938651609,-0.1880115067700816,0.008272758304631159,-0.014352771646446175,-0.2519242830973339,-0.11812867206162483,-0.044886434701465666,0.04361389817957188,0.4829519458149153,0.16483618053623905,-0.3664874190014235,-0.015120645382535602,0.023015179114192152,-0.38942695369984487,-0.40235751197799013,-0.02349655529475636,-0.03244155762887485
0.21284179496805655,-1.0543809647420315,-1.131545315477381,-0.686683242824063,-1.4442722536232373,0.6711326077779409,1.2518487896989734,-1.6165435205869167,-0.3640368036732919,0.4874384025546942,0.07819082163861468,-0.09091060573189041,0.40182653527836076,-0.4923832547306785,-0.6314238424015762,0.5068160075188355,0.262474971131722,0.02145795260236444
-0.502150292249484,-0.4605370522636698,0.38065430829292546,-1.0787896327135498,0.9865970246437475,-0.6741408557945059,-0.41675012372316544,-0.5244257883598635,-0.8162939203974293,0.31787433766940787,0.02356352405087886,0.7139830132370679,0.46941482637223353,0.2705982459539503,-0.39680822038153485,-0.08467783216640862,-0.2359497465477336,0.09780798511326866
-0.8250994531750308,-0.885599471997274,-0.4983062263605191,-0.7114250241728524,0.42830189124572987,0.02173881724790129,0.10855342447858403,0.7806089209058336,0.11668689111142487,-0.43231104533146014,0.006350555722779483,0.1420385188513145,0.11792316195239677,0.31591913712642195,-0.4097639115830254,-0.20366716968779489,-0.15691296901656954,0.2160601094399625
-0.7906823932953575,-0.706407794616458,-0.5311010044402519,-0.036174543876347845,0.041783955217475285,0.16991821903124765,-0.03259121418594045,0.0001291637528140488,1.0571340712225485,0.25604209915461784,-0.27563049114132215,-0.33302077923414747,-0.0752514201118133,-0.5870998693401549,-0.3231575317842644,0.7125340768099953,-0.26012285277208946,0.2880158994952951
3.157450684529797,0.18383691125896573,0.9597089416921243,-0.8729312757451572,0.3243343385667717,0.4870220338593335,1.3068286121863513,-0.576655165098019,-0.09736157052857083,-0.05883809212983468,0.10071793610342072,-0.41403329499066804,-0.0511517282284254,0.7712681935684108,0.37171036876245767,-0.28406696486937466,-0.3493852263637241,0.24641912900930435
-0.48046748903756326,4.331200023818486,-0.3276499682104425,-0.3820629465158508,0.4336776184718079,0.5555912707670952,-0.07712660768724149,-0.23132005638319278,-0.05005630887069282,-0.007541709745301189,0.19320352825517406,0.0977113474810744,0.14829287460163088,-0.09956633003224086,0.22917989795241844,0.17317395870658253,-0.0077365506406635864,0.12606664313247762
0.04142983809029438,-0.28248446273372996,1.4841575090769499,-0.7989639951214621,0.6398765240927767,-0.42585693107787215,-0.131371525591901,0.3507823938869284,-0.2201194383323179,-0.2572024124875989,0.21700743936106348,-0.14249859785170765,0.6232233347935612,-0.4414006013854541,0.5078132668094522,0.3886318767956172,-0.7242407994014692,0.2557404324252583
-1.541941711167889,-0.5794279715658732,-0.06416176203304547,-0.08951168522131232,0.25573745395576064,0.532267941003745,-0.3999012692760995,-0.07773866675113095,1.0592618339534836,-0.8644761155693426,-0.14219254579723112,0.5330951637244026,-0.017605109640227268,-0.12137761307913048,-0.5666343064941128,0.5051970291918453,0.3849882255722904,0.06604382651403956
2.6137138311390133,0.47448690631079304,1.9276467042418644,0.14341336748356598,-0.8229475288586571,-0.7239328374805888,1.794610833635389,-0.38272894121332207,0.1642698235967759,0.09445668137250277,-0.010474890631268663,-0.3656021508472705,-0.2524292155652493,0.2676177837888971,-0.20869223627531236,0.026107623130599222,-0.28195806285585484,-0.16930785292071948
-0.8984736619072337,3.7757264492020566,-1.4757417838786777,1.0850424793967557,-1.001942505207873,0.5093793028268078,0.3051425952754119,0.23328606298248497,-0.18696662282376236,-0.46283503542571547,0.6289736812206084,-0.15925123518436252,0.05021441934781967,0.17995669290691196,-0.03861075789562779,-0.05816891501982402,0.32948916130517025,-0.09799290364014676
1.7028685934099694,-0.09367901647397492,1.3992613589041116,-1.3085285681511398,-0.31840343418556666,-0.06554785284482072,1.7328960636827755,-0.18470036032248607,-0.30984518546057155,0.16594543914480397,0.22948122936166682,0.25755664588986804,-0.09873035107777606,-0.9885329574520789,0.19556980121365575,0.36441396521283437,-0.44056814897800933,0.3152584747861113
-0.4258888028605648,-0.4976223108079403,-0.5940096484334754,-0.09001226135022118,0.12463770264071482,0.005162120695644576,0.7639729900071834,-0.2734647908344176,1.1295005909801334,-0.5982852818191944,-0.11632102446386533,0.7243501792948008,-0.4302171111907097,-0.06987235846609091,0.6837100860886531,0.08487228277099962,-0.24838602203852372,0.4501697105162585
-0.9936249298836393,-0.8440485091796355,-1.026608656538082,0.6329049780620485,-0.4086858610832354,0.28641984801817805,-0.10048827360166035,-0.9630159630043518,-0.15412263328639908,0.7493758124294302,0.25345968312172085,0.26723137324724877,-0.23544013760275084,-0.07402736611739674,0.6168727668108018,0.09562106782531188,-0.4979733805730725,0.29748326614693515
0.008841950142835675,0.057374210449759655,1.5195594051024266,0.6527432650295432,1.7571163674680814,0.003790799777686829,0.03687839907704467,0.699364058465139,-0.19115187395992217,0.7600318593936867,0.2190922571824332,0.009051105469810194,-0.1607527454541337,-0.9166362425485698,0.5528337801288314,0.7448263264219146,-0.2569865266162064,0.18559262640367818
0.7576851257303427,-0.38312900319590093,-0.12784689608618516,-1.9199598985009954,0.34697159632002034,-0.8515496901647962,1.2420944398271623,-1.1447182361812198,-0.8116667281317389,-0.05265230495570336,-0.042620843571234135,1.102066847842874,0.6575447778565758,0.1943823054367919,-0.07739233347856406,0.2342603013961762,0.2829396976144142,0.1880370605571427
-1.1492493303695106,-0.42337862119624936,-0.21379012225084204,0.975338693039107,-1.2485357638246186,-0.9790825562682763,0.2998143781938549,0.04233488909193098,-0.8568045415669949,-0.21977440911142607,0.4291799769781579,1.185190976011734,-0.07567906981692574,0.47675610681834313,0.36776572199678115,-0.0005758944623475148,0.1808255592696859,0.06424567307695922
-0.9645626398886793,-0.23660668469076618,-0.8917363848585924,0.527350685067348,-0.7250588306229446,-1.495043426128341,-0.05901372798922447,0.20821001820519522,-1.0524067424263701,-0.812994858673046,0.18768797336167786,-0.49279387692540505,-0.4179210746944397,-0.15102033163714296,-0.1254199619006488,-0.21806666360879895,-0.12015679192731188,-0.25097618513289643
6.414018001257929,-0.2833656752913616,-1.436607934333187,1.2243310706214783,-0.8160283827863546,-0.18812398387246942,0.10981031147587074,0.9682775081692374,0.40860499738011097,-0.2751280668041415,-0.6340167171575704,-0.2591772226766971,-0.3040869146977607,0.25122539140969624,-0.34414493013270964,-0.11960780352925188,-0.309380620422812,-0.08132485443451962
-0.8867838774339316,-1.0161258010395418,-0.6624284086311294,-0.38286395994251776,0.31270773193785034,0.27674625240353373,-0.08477673112715624,-0.12055986132986576,0.9649912084432279,0.15315244064185285,-0.3120859706769121,-0.4468586095336268,0.07134262407245229,0.20502259573041481,-0.04870835976491744,0.06550156723112915,0.23167302919704913,0.15775044905274443
-0.05670922719103899,-0.9992285905284974,0.047220359570066206,-0.1444948183617526,0.06837829896159757,0.4283036809994605,1.2473933687608152,0.08918805626123796,-0.7344724672365637,-0.006980439422725582,-0.8602200654677206,0.8577636426463131,0.07658478198238933,0.060162460885666236,0.05621888040404921,-0.2286101865797122,-0.4267361739360947,0.051326846816684146
-0.5239084218702339,-0.7847448553504182,-0.9364349303955503,-0.44652934081552387,-0.5266386913425132,-0.09482215094776929,-0.10112291246701646,0.4932840630582062,-0.24391177236891914,-0.9212261311677004,1.0019131507694088,0.35902272904771804,0.3235774637763056,-0.03693009693131227,0.44389730489689905,0.5189121508345582,-0.23736934568453993,0.2766301372463748
1.193055028272235,-0.1119337228091426,1.925553389105249,-1.6512948742980718,-0.5605815062384375,0.43582943283555087,1.8872680376188244,-0.4276498749114141,-0.4166766438658057,-0.34647998848704276,0.17487551907921772,0.616282983790429,0.04024267256037506,-0.46922075805303215,0.25656487994725086,0.33460763194126947,0.5573190830249125,0.2546144905801942
-0.7690557304615353,-0.4464450198234835,0.5098773481888645,-1.4634504635485444,0.44691477124485285,-0.27489737417192145,-0.4320623259811669,-0.8703280175852708,0.7709572460395486,0.5760953747682336,0.2237906297699861,-0.41650601561914286,0.1703638697543376,0.04286657980096653,0.09602425173583135,0.19097643374661605,0.3772054385729603,0.032828676524172984
0.41202890461573005,-0.4973319625806658,2.1584445417689837,-0.4078218256975459,0.5210790543735644,0.5428599218790552,-0.04642037557051033,0.3450400926858393,-0.5711691198428943,0.34149081131318315,-0.034647915123232564,-0.6730938908840944,0.5858360018391011,-0.30906024131435483,-0.10300906126215531,0.3915614323140409,0.5056499093748504,0.15252151079926496
-0.48046748903756326,4.331200023818486,-0.3276499682104425,-0.3820629465158508,0.4336776184718079,0.5555912707670952,-0.07712660768724149,-0.23132005638319278,-0.05005630887069282,-0.007541709745301189,0.19320352825517406,0.0977113474810744,0.14829287460163088,-0.09956633003224086,0.22917989795241844,0.17317395870658253,-0.0077365506406635864,0.12606664313247762
-0.8860750497187571,-1.0050673111123463,-0.6123546542343181,-0.6803917336105378,0.4241544305564123,0.08255813738125899,0.13475651459647686,0.843181676355466,0.08836858041591304,0.22026211378418203,-0.13350110144222044,-0.22692910199120225,0.14065861815005715,0.28563029762412295,-0.11267361397020165,0.14050503373346007,0.20803108821819782,0.15459246978876656
-0.6462306626277,-0.22850403204472292,-0.27169374406909835,0.55847850194737,-0.635694153309989,-1.0019349615436361,-0.06557936840254201,0.15204924425045072,1.2657887203356806,-0.29158698631456204,-0.20696847553666775,-0.003856474673069099,-0.10786675732453241,-0.3082779597714769,-0.9174856328513075,0.11785259510562579,-0.07783143788554764,0.17797357139409548
0.7490082621740688,0.3794044881214417,2.6654497594350612,0.6036549376560544,-0.5414983415397351,-0.6296316537388498,0.07294694553995669,0.6426629346838988,-0.2809120889854019,-0.3693205914475002,0.06872712937022113,0.34652545559304687,-0.006870075856620639,-0.13159843132737387,0.2753683935603095,0.17311595178882938,0.4670002558169061,0.2767097803625643
-0.7914614568537002,-0.5137972126058066,-0.5849411298562132,1.0999739672122433,-1.072562621021829,-0.8616073463001399,0.1510691401457404,0.2715197368291686,-0.9316911087324803,0.8263609176231318,0.28438166111140073,0.37742095798214337,-0.04935332342461457,0.1296623359390764,0.3621963647887565,0.02428208955790495,0.03647623521306853,0.03770604405528505
-0.3717075570567676,-0.7709781974532615,-0.5190224959454139,1.6142517637806997,0.10986323191097462,0.6286848581027398,0.7119623346699437,-0.9769516750004237,-0.2888330172936556,0.6982988762122987,0.17758197452745428,0.1680290894019882,-0.25570551573196126,-0.3668045069718997,0.1045958255854666,0.6415577238107528,-0.39334959674255343,-0.022073625051259704
-2.027616717469436,-0.653684777696294,-0.031509217027308356,-0.45180440570743563,0.2025483697722274,0.5461416807927287,-0.3797887383950501,1.1756713868937296,0.21084622577805073,0.6004656955661681,-0.03381700200995558,0.32525134755857965,-0.13180504406120006,0.02593520686000017,0.37293016417884894,-0.5076974498287561,0.12165508105436074,-0.5037710912170112
-0.9837769473760041,-1.1913113598756226,-0.9357623976052003,0.26409216954889325,-0.09747148894955103,0.26285065728604906,-0.24508056172414747,-1.1690516752389073,-0.2065226794681097,-0.2683414554848842,0.33136130259425256,0.24981001449531753,0.33378192572929266,0.28376884808382197,-0.3687927939472718,-0.1980565543908136,-0.3084163445687833,0.054205356676932326
-0.9774556446128887,-0.2876775546632364,-0.9256824942032903,-0.3381855502171488,0.3414163280789558,0.09600165917007546,-0.24423272983230096,-0.7643016407566601,0.039735187623718055,-1.2841738396945221,-0.9945590111071303,0.030075850234969892,-0.37348616161635007,-0.027002582946520193,0.18052007019584426,-0.06319673226345363,0.37529084224634535,-0.06527229979695676
6.084474121872528,-0.005414000701520205,0.15883257096942627,1.0911693344292681,0.6806367259185196,-1.1111162098273308,0.6415741627297146,0.628865960946456,-0.3563688080392778,0.08010582974081407,0.07282097251358405,-0.19153963393615686,-0.0007563757207169619,-0.47364967906556876,-0.084787238423707,-0.4149524891852193,0.14978925413693756,0.537618579016734
-0.5707666985740616,-0.03224367577607201,0.2336159812792098,-1.332080294920109,1.134340871779646,-0.8036002939404429,-0.4637141969492692,-0.414754851011863,-1.0406551671035136,-0.4239225937630895,-0.22278240516238312,-0.1834044686365704,-0.36619982731268425,-0.18139577454445416,-0.13553908730880787,-0.2116716752883284,0.017401054264765237,-0.24586185283994755
-0.2633615069376206,-0.05191682919475671,0.752797236517367,-1.0686885987070838,0.9271257659985693,-0.1628276561386915,-0.16838356447402647,0.210910236783562,-0.02747569655232418,0.3520038706293249,0.6851479179545144,0.7110203789638048,-0.5999571706370989,-0.3516765240002742,-0.5475792134480509,-0.013022889530459436,0.08900602299930427,0.02853631059421985
-0.43337606818057356,4.368749938651609,-0.1880115067700816,0.008272758304631159,-0.014352771646446175,-0.2519242830973339,-0.11812867206162483,-0.044886434701465666,0.04361389817957188,0.4829519458149153,0.16483618053623905,-0.3664874190014235,-0.015120645382535602,0.023015179114192152,-0.38942695369984487,-0.40235751197799013,-0.02349655529475636,-0.03244155762887485
-0.8280191194622466,-0.6020041060330754,-0.793883655813003,0.6031955660496021,-0.2801254592788397,0.7836980219876999,-0.08300283783615656,-1.124555611420644,-0.14691754043194205,-0.2771681123132027,0.41696692811593183,1.2522017010217728,-0.3220687470862641,-0.14882591955123198,-0.2545141925129294,0.2160661352937276,0.27175049444981947,0.044113131610202416
0.7195601073670717,-0.889046264886783,-0.28015552211621725,2.959425130429409,3.6756696909803273,0.4502673214736218,0.6772505708716545,1.5654109134699015,-0.0007039537137827068,0.11286200635313637,-0.4780982395330109,-0.3830526084880223,0.6722987777366135,-0.4179152986200992,-0.3198001372084077,-0.10690937677290174,0.38142236876532465,-0.5335431161021157
5.320755522869252,0.3989570477974326,-0.20167360786452893,1.2028058970584072,1.2715289931674547,-1.3381299974942984,1.1171428366989504,-0.013115869429549704,0.4102766587552539,0.1705576548543853,0.17290782623901935,-0.05645433886326151,-0.21270297569594016,-0.2309050157073717,-0.0824117805773763,0.15562150956288373,-0.3701859097932621,-0.1164750036712405
2.0197457222446937,-0.30858962840117,-0.7830191917223774,2.629400887583595,-0.06531433693547044,-0.7268964333790828,2.2761965785753926,-1.280733480776717,-0.26023393031331654,-0.36725161517940175,0.24153630054120778,0.6928318693022082,0.06524489239767328,-0.2511708740285418,-0.11234885644547477,-0.03977266166888316,0.5468731271249193,0.3481423532322577
-0.8250994531750308,-0.885599471997274,-0.4983062263605191,-0.7114250241728524,0.42830189124572987,0.02173881724790129,0.10855342447858403,0.7806089209058336,0.11668689111142487,-0.43231104533146014,0.006350555722779483,0.1420385188513145,0.11792316195239677,0.31591913712642195,-0.4097639115830254,-0.20366716968779489,-0.15691296901656954,0.2160601094399625
-0.41755583449588823,4.495442266886815,-0.2093988323773634,0.039688450802332784,-0.02932069023313623,-0.23342409523147245,-0.08606021244723917,-0.0858295878238032,0.07988476427423295,0.05627108458624744,0.1425910334425431,0.08499225601496335,0.11653132591315574,0.08617838888333207,-0.0026609301246066086,-0.01979365929775001,0.42559770030507116,-0.05123229593983247
-1.1097231982715112,-0.7255689371896967,-1.2012173996265572,0.2302254129116501,-0.15902742071404224,-0.12900213053118242,-0.245558819496256,-0.907451599977773,-0.3844387635121875,-0.3324754463461954,-0.059558911477667786,-1.0418876890289082,-0.4546217315593255,-0.5104499430995292,0.5328733933716783,0.30161135159323954,-0.27880626583500245,-0.1377758777677189
-0.503358042433276,4.241095935000493,-0.3237108969635174,0.2875585783899048,-0.1146650749567464,-0.3334711973335749,-0.2487953338003335,-0.6923487462984097,-0.702381865161084,0.8241658619819449,-0.3653842512878256,0.18830418908344865,0.23519018318542662,0.1419417814843924,-0.5320137988582395,-0.38457170091689447,-0.2435845333263657,-0.04154389022405108
0.3207558885976953,-0.6228657848780006,2.001402274945012,-0.20963975749101305,0.4097765368077811,0.435445430648416,-0.1483645598450972,-0.19868498282024075,-1.307825168608735,0.6494978140120334,-0.6389152104285931,-0.3058509635995756,1.353474187677615,0.13465153630157167,0.4332982778320169,-0.4048399346199029,0.04349457460690742,-0.31843749109024244
-0.26407033465279517,-0.06297531912195264,0.7027234821205557,-0.7711608250390635,0.8156790673800075,0.031360458883583256,-0.38791681019765956,-0.7528313009017698,0.8491469314749907,0.28489419748699574,0.5065630487198227,0.49109087142138025,-0.6692731647147038,-0.4322842258939824,-0.48361395924276673,-0.08802635603279035,0.11264796397815557,0.03169428985819772
0.474081551794893,-0.26375433006267146,2.3082228195635004,0.8198141145991208,1.2807407140441085,0.7909521643283438,-0.20607949570568215,-0.47283054489669046,0.3836131354794212,-0.1189657131552547,0.04214218637335415,-0.13411066654870135,-0.16787491723773068,-0.3467866808538327,0.003456339670489972,-0.31959663007923855,0.1507244570758436,0.2119984528465358
-1.0404516398395613,-1.1175247855590535,-1.0846908624200786,0.31438980617392726,-0.08820943632827792,0.4136675892519569,-0.2251766715160595,-1.112291202877822,-0.2463832468811063,0.4315471697641158,0.18861103727655149,-0.15312028943582462,0.37457043099251597,0.46877213604058776,-0.0912278959205099,0.2403428889646651,-0.026312134965147005,-0.10591176673507549
5.433491844299171,-0.06185948730437407,0.3227270556221786,0.35971239421312573,1.336316058217347,0.5598990497300308,0.9425359155939202,-0.3161706353472756,-0.06155098146360635,-0.48448544974624397,0.06272196425482252,0.1404558547908475,-0.07844526463518225,0.2964151097554302,0.2030992152564064,0.27556175812737066,0.2496817482401198,-0.13403712345397928
-0.6652690793963313,-0.9358088825542337,-0.27311715251467317,0.22780551056967302,-0.35774062463211226,0.3916296776332274,0.3084399487846583,0.85742177299667,-0.397722757436808,-0.03115924133700601,0.7104989323477311,-0.7108934476764324,0.7959407527015062,-0.5030550519853146,0.6494747216726409,0.22759494255022933,-0.5103752392860018,-0.5430613982327784
0.7052568983729364,0.2694503849131962,2.176041375256365,1.2188602478312838,-0.435056964145264,-0.7366943131431313,-0.06973628699256328,-1.0825458512093602,-0.09522025665276895,0.017995677224468293,-0.5626932061489145,0.7762897079204838,0.05529873113623329,0.021213692473504908,0.05866146835738373,0.010832547509088741,0.31360602994824405,0.4127260459886925
2.347092647104045,-0.3345007636588664,1.8395440921236854,-1.0332524177818987,-0.12059749606295146,0.5487210876688183,1.6893468555172102,-0.1932389466947281,-0.6077250375705008,-0.013941512963093289,0.12244102845762628,-0.11154991287301513,-0.08462089185144717,-0.2961642421033667,-0.22200472482360478,-0.3270980675083428,0.1388614023278617,0.3885250175916299
0.4926348136831519,-0.5349096091085821,2.2961024204803113,-0.3691032167315349,0.42187146229479394,0.6305493723424583,0.02168112320095679,0.41099698222591946,-0.6179804669725157,0.5020996967375825,-0.014145218676327176,-0.5479563542838977,0.04068733424467269,0.31853891440537807,0.757379643071461,-0.2617989287659076,0.32741046729967527,0.2752773963321708
-0.10482480944386899,-0.24170735441192592,2.813515265443696,0.4858420256706292,0.6203908044298094,1.0199271822802838,-0.5405666982154038,-0.41599636704203985,0.32510400910474546,-0.1701034031081958,0.007934638081828094,-0.24812657209585925,-0.2519152731292027,-0.1424146674375908,-0.07693969772214804,-0.28682886660711415,0.05051623205675482,0.20323005601914396
-0.8867838774339316,-1.0161258010395418,-0.6624284086311294,-0.38286395994251776,0.31270773193785034,0.27674625240353373,-0.08477673112715624,-0.12055986132986576,0.9649912084432279,0.15315244064185285,-0.3120859706769121,-0.4468586095336268,0.07134262407245229,0.20502259573041481,-0.04870835976491744,0.06550156723112915,0.23167302919704913,0.15775044905274443
-0.5185358467701144,0.8711543947535575,0.3146920899355694,-0.4981390883927481,0.2681740263639469,-2.1247087899078547,-0.4326527905613685,-0.08001348958596585,-0.8621917987609811,-0.272379166462668,-0.27745699525295475,-0.34956411463981346,-0.27155027857563324,-0.1444750705899716,-0.13461997768525297,-0.28716733975988484,0.05771265713087936,0.17349138723827856
0.21464576836512284,-0.6993623798363777,-1.3123518644924888,3.008182280450639,2.073324413071064,-1.5576508061359062,-0.40444449175749697,0.010604854929967794,0.522499395541055,0.5360431229227631,-0.854459868771583,-0.023061374321014405,0.33390947041154107,0.2846437878529202,-0.0888228360877154,0.01753718557960665,-0.06022599641840992,0.23150114038216146
-0.48046748903756326,4.331200023818486,-0.3276499682104425,-0.3820629465158508,0.4336776184718079,0.5555912707670952,-0.07712660768724149,-0.23132005638319278,-0.05005630887069282,-0.007541709745301189,0.19320352825517406,0.0977113474810744,0.14829287460163088,-0.09956633003224086,0.22917989795241844,0.17317395870658253,-0.0077365506406635864,0.12606664313247762
-1.6075096500971975,-0.6870500260571335,-0.40716827045543336,0.471278712912366,-0.5667983625105317,0.8981072300151849,-0.7014877938154965,-0.9690285244923582,-0.18704559897802642,0.11266697334481865,0.47211205493975306,0.8306892438705462,-0.4253091003894034,-0.1739938447437273,-0.7069943114322581,-0.06355948161320135,-0.13906427337897237,0.03594097309150229
-0.2614254720232296,-1.0522631634327004,0.4734444399281519,0.6345406902941644,-0.4507510639891446,1.152506672786003,0.07837968067020212,-0.345906442634519,0.16275969234040116,-0.8793697893346366,0.6544367355427401,-0.8238272821518595,0.8057474371349568,-0.006608981969861261,0.2508666637789838,-0.7532218589925932,-0.2313873823771322,-0.30766020168238023
3.2053951392823414,0.44689620597006585,1.6513555516658334,-0.2197521773978509,-1.29521769953698,-0.6228075571592239,1.1685467389239361,-0.28615078835607555,0.13823323084136097,0.1250650137543752,-0.021328716616709265,-0.33363132539829593,-0.23176840823655298,0.22085588431318937,-0.1919572218063671,0.011391352073951144,-0.2671657998339277,-0.13189964133702992
-0.8104327985405481,-0.8879607027314294,-0.5616805219248433,-0.25177590690994633,0.21869562849167545,0.49012790139074114,0.0010203747781605543,-0.06401879040256295,0.9904342795258747,0.45069601271157855,-0.22190011582658992,-0.03421006682956784,-0.5766489599860127,0.18186096203431257,0.27568973066291824,-0.20960064296597436,0.23965192336813101,0.16226723465572973
-0.9613853164489087,3.611484206133728,-1.593992919711757,0.6632910820785719,-0.5389441965029289,1.2983946688253756,0.3140762000354096,0.08779559442309534,-0.3169076959686882,-0.5266478297572641,0.6795861760332393,-0.14653214371825146,0.08197596803629481,-0.005788026008660907,0.19323007018139715,0.13479870298450852,-0.1038450896405646,0.07930603543216347
0.8407985555245154,-0.4281389335218073,-0.30521577231823305,1.8705150440856293,4.54616988410264,-0.8625382459286189,-0.3154277011579876,-0.3512869928921846,0.8723299118501713,-0.20460707196278846,0.45431925109387117,-0.16464716396442453,0.14621912590813757,0.09989194518421707,-0.13487368608533457,-0.3063690630299565,-0.028583909303539046,0.1660061760818598
0.7481334154290902,0.4227408528495925,2.4625869568084227,-0.06667351569579809,0.29504836356983594,1.1084986103067653,-0.0034969914721477563,-0.08460053756164229,-0.13589644614987986,-0.0677654021916809,0.1263105612742208,-0.31584819841433426,-0.2559528297675636,0.5989326613142644,-0.23334985940481234,-0.011786971692436254,-0.23515405986865806,0.01919282634468883
0.23986833769095772,0.06645176590360702,1.855263419525538,-0.3613676985961821,-1.0007190387806248,-1.3569411543499772,0.6034397148736123,-0.44927729208953976,-0.8925968337028525,0.5445562489265025,-0.3322939957603975,0.6387185072422411,0.20833677495702108,0.20462261474062993,0.21768292542020928,-0.5874571272366134,-0.24601676000094497,0.4672586736145065
0.8859665695032839,0.6767407280952943,2.642104693271806,0.7589548730606109,-0.6273084844568618,-0.42038576635231817,0.02450538422912453,0.14741338471166346,0.23211067515252587,-0.38592198051675763,0.006915465763087936,0.17149928842627787,-0.18975908884176196,0.49836944489638435,0.24463496090523162,0.5102330802625672,0.0907299784807033,-0.335658601229764
0.18469077721008498,0.16634468287387683,1.6623481784723777,-0.4983114488419027,0.4742982365144108,0.10373397587110712,0.03274645651650067,0.5329775249114967,-0.0957028450407853,0.22186880981649476,0.3440076963627554,0.5092927012634101,0.21864660715870599,-1.270724383139587,0.3573589989313275,0.04214360338046752,-0.6752220283761172,-0.4027293439132185
0.22993707570939093,-0.09826553343588151,1.3987440878892519,1.168420502766589,-1.1435581143271203,-0.003417749848713167,0.4270239052418463,1.3945561677783762,-0.044184701260511244,-0.27148301731730895,-0.5403377048404954,-0.08226607359692345,-0.26460827093862743,0.1655035871869588,-0.3829607600677377,-0.15709384922605127,-0.16919761781568549,0.16297594947815947
-0.036093485429748884,-0.7987267633266109,-0.7818502006942681,0.3896999592994965,1.593834217209757,0.022554609926221422,0.5533910320776273,0.9228962403896939,0.1612459156670702,-0.1676793610523312,0.11903908794957441,0.5033932035975831,-0.5210093803998063,0.2776638704520896,-0.07623526274893022,-0.5411364381881015,-0.1506498569722448,0.26367171605704126
1.6035686522842667,-0.5771287853914591,-0.8529561727490227,2.096006630483484,-0.42840722010848603,-0.42321366755871503,0.11648327487319618,0.025136731642391247,0.5391962922083071,0.43237705158414264,0.6258534032948257,-0.5473931544444781,-0.5184990771867173,-0.18577167863143068,-0.09898870361730056,-0.25505954787143786,0.5566080912960861,0.301994914489257
1.6991346924768804,-1.1313652254044417,-0.05868946918068185,0.6071960540591873,0.10594690157178337,1.1748010112425866,-0.06901575986991755,0.2488837697035406,0.5982211778922794,-0.10319537813832588,-0.8412631981111307,-0.864749812567231,0.2979255620433052,-0.2583358230897828,-0.37595818542411313,0.3859055077758074,0.41158155735873936,-0.007352955868712041
-0.17613695146041763,-0.2798457653553841,0.238076175159061,-1.9940331275459724,0.4999804070848021,-0.5540735407506365,0.8777428791345036,-0.23296142735648004,-0.13855602125415756,0.7127868126405753,0.3602389469969851,-0.24887975116662092,0.30108645750861585,0.0528293253678882,0.011001064758001666,0.15415291724442287,0.41165844187300815,0.19322915154480808
-0.26695420919702506,-0.9140600168349511,1.017418784515046,0.4976398295574699,-0.14251081271723065,1.2178717432559312,0.07439993339900776,0.12581919299319025,0.6477952624207037,-0.7707276655262915,-0.693455482554765,-0.48456566589294275,0.22318835520529234,-0.12400266414326788,-0.6946991349523723,0.11071454751069304,-0.0014169403549940673,-0.03261543250291449
-1.4396706009973936,-0.6786391003883785,-0.21269077468211228,-0.6470046840587698,-0.23210826207559143,0.3806400074593737,0.3225625454319546,0.5475139026715223,-0.04735696617497255,-0.6151333804667248,0.5865293819476569,0.9020062421902648,-0.39666534317704194,0.351568969066705,0.34962783850120593,-0.0311400031548264,0.3160111627387895,0.08926304927165407
-0.5069234623573159,-1.1905896042700788,-1.0462288330899248,-0.6183061865774644,-0.1310450033337765,0.13582884439626075,0.762931047980657,0.2802358771951166,-0.3783995294503624,0.1331422333787289,0.8833064146635266,-0.47898419577651213,0.19754109447480195,0.15989488546599273,-0.01976128494892493,0.17664026568429253,0.2793024885470188,0.04381117783691263
-0.7458114500240253,-0.6115759783029566,-0.45200034118488647,-0.09441858246525904,0.017690770969921374,0.1060959114527313,-0.004899990003629895,-0.03723516338869423,1.0935160635789047,-0.17678736494851963,-0.08677108635524844,0.3094149532048783,-0.5749088759850338,-0.09978612964603606,0.3219061896834938,-0.27128330070251144,-0.7139769131801217,0.4368911174666866
-0.3947566828513312,-0.3732024891991592,2.8230785095423983,-0.14036796297204768,0.5291537936992228,0.6848477240985792,-0.653951931089774,0.5628407166452654,-0.5725829088131644,-0.17623709013237218,0.14335691223835467,-0.14648030697737063,-0.016603214783198594,0.430318558746674,0.4833751348534375,-0.5572552420804882,-0.0741515513524314,0.2658055738185227
1.391800952791661,-0.03225584887340949,1.034666154014015,0.43155747496107166,-1.8279557832905147,-0.1185582317664514,2.3677591034299694,0.23322917978008545,0.45425417821955355,-0.28275049022040055,-0.6441534250591823,-0.30110621823656675,-0.4133913584052277,0.44795945992823905,-0.47518977023210673,0.025323067787965503,-0.3939570025740382,-0.24769409388922822
-0.5641712548625628,0.3213908380096492,3.0565203357774458,0.5937717582784136,-0.5756905495392503,-0.5889103545133736,-0.6143189680014757,0.82321640272326,-0.24682510291298515,0.0954938093084903,0.133371985223391,0.08265381819919676,-0.10938437106639914,-0.2757899413229243,-0.011632772321084395,-0.1330961119649049,0.06851083105851086,0.17758653683885423
0.24494913297464804,-0.598020587449464,-0.9333379245301747,-0.34945090194342365,0.023463748768000156,0.6687537535955036,0.6586111682515211,-0.24269522402195634,0.9685593898446958,0.6004150287286726,-0.222518771384781,0.07252269027900399,-0.6794758897973945,-0.37818945605554666,-0.34379326430244334,0.04345110076117947,0.3998542728750576,0.24497258857111764
0.46376024684364425,0.10173804621498972,1.9213818697148832,-0.3846185499220127,0.49514656228375603,0.6724360233340979,-0.05596364555519574,-0.15070796572713288,0.16645782153281286,0.05788969346935682,0.2205522011291603,0.17584267836987472,-0.3696523678453852,0.11223343439518296,-0.1054450229547585,0.49589446308594215,-0.3031724810639436,-0.6402618544621366
-0.5364869348781593,-1.2477385558960086,-0.9295873022676919,1.9856715379951566,1.4384634697297538,0.46508370830294804,0.15055554651911832,-0.7963277291887365,-0.25379262301664335,0.5276270936662216,0.24436902757463352,0.16888216285418464,-0.17415749068991795,0.1338571548074281,0.37883229602863744,-0.07806261839875106,0.05191845449893506,-0.07353661159523889
0.03689426623817427,-0.3973856821831827,1.112968243293522,0.9172195798361196,-1.0045508117238158,-0.4154081504437459,0.3401917425933323,1.3675368138556037,0.019549546173859872,-0.5642770074834706,-0.5953255305076106,-0.3312452310760186,0.3155050451331277,-0.12710311912369926,-0.7150222612007539,0.20679661858418102,-0.05894326346093476,0.024098048985988496
3.873691408398815,-0.4992431471930976,0.5857934617619716,2.628341024947225,3.6162023637058915,0.13209727756963496,2.8108804645331915,-1.56574245529852,-0.4410442713621601,0.8391232608715543,-0.6566830721811729,-0.3469365217473516,0.14723989566416656,-0.07668058358314805,-0.006163503082773969,-0.10570603895154057,0.21088727981138622,0.30751363318643926
5.724958613420429,-0.3304201694719324,-2.3820852506873784,-0.163128359183507,2.8847329135176247,-0.9529453308560416,0.2952978006703664,-0.3379843536155211,0.4059652218334495,-0.02622379089711377,0.4849080143375508,-0.12645025881243682,0.1878167671651989,0.4735031713585386,-0.2475400633088964,-0.02137742249338448,-0.25699179468701355,-0.2161849122214684
6.0927158281035725,-0.06932373929124735,-0.49337039840700614,0.24947451080154598,1.535385554388826,0.3673549946594262,0.4665006755714384,-0.2043970576146701,0.06189963443921885,-0.3708172674970096,0.12344749481746198,0.4317239512427398,-0.04130424264506677,-0.0069077566982029825,0.2818798770189126,0.45465830653960754,0.39075090640121546,-0.3804167548086586
-1.0773254499273994,-1.1174097794367832,-0.19434005236980045,0.6112262710701805,-0.5268152545995786,0.8364194708892776,-0.34584161358659293,-0.9844021929057172,-0.32599094759973385,-0.10776548999121208,0.2777283706683441,0.48304146691195304,-0.16964802100550727,0.2770179577450588,0.14751497671297376,-0.40060511980393776,-0.24912168525327655,-0.08415997449975451
-0.878669085528454,-0.8734071889164945,-0.7827840310946861,0.36252905609210395,-0.27223042304894357,0.2983888582833616,-0.03602529292633008,-0.338327583109651,0.6032976359563549,0.14590744597649327,0.7581855567889073,-0.560111384132592,-0.040387490825275096,-0.6575690588592471,-0.20356482319540042,0.7753623475482119,-0.2151801912715452,0.13210550006346305
-0.401397010089905,-0.3106082565451376,0.4879271675404706,-0.8712155875093205,0.9055437101368649,-0.12120186997026637,-0.4475108259850835,-0.7467996163794401,0.7953855496968321,0.6399237845329122,0.27652553670450053,-0.29052529212519546,0.0014538755414216786,-0.4394114317001791,-0.5109217520577789,0.531248057585568,0.469613127041841,-0.03429013539598347
1.5223690396677036,-1.1605658116163402,0.19828907484388103,1.2001025789932442,0.01251933617675112,1.2092243281291235,2.669918338031272,-0.8885046897337352,-0.004087077739666586,0.031126587439646775,0.5739257414299339,-0.9898594668800498,-0.2946837106778164,-0.24498710093975012,0.004026526526587304,-0.21602037782044387,0.4667468056836521,0.2994540295135046
0.517862172809772,-0.6844509692830927,-0.16138423631931298,0.8411180880241347,-1.417555402787698,-0.5914165357880039,-1.8105627966973599,1.2349530816906784,-0.4511813458429364,-0.6248242182729046,0.8871089605640654,-0.44519854171666734,0.44944012796931865,0.29049265131441526,0.03591426391907787,-0.4242467087834069,-0.0991797284408672,0.3828806666344225
-0.4177543247168903,0.5071235197154664,0.8268316888086642,-0.8291725026570042,-0.683900086606073,-1.5743272548743388,0.7029534359496737,-0.8381927385321848,1.1469641747991222,0.25481518171614903,0.30711151399764125,0.08312775164406344,0.4212322860745268,-0.8421047649931366,-0.6742357267867307,-0.21778179763782632,0.03411524091881579,-0.48637384256133964
-1.2636584274114535,0.16310402053092798,0.918190269980053,-0.5973366823550249,0.9684222445254075,0.02035908752186856,-1.1169031057322063,-0.6471400442654158,0.8497839880450022,-0.4545257137314961,0.4159070455346825,0.5559154540960546,0.15959546563614413,-0.2720113135157321,-0.4557012051506429,0.6192372955668741,0.6056446572954725,0.048879133215324555
0.4772593313334944,-0.5436068683016222,2.309402961647824,-0.5312245603264211,0.5200310264302864,0.35634840322189365,-0.09031907282225281,0.291883155848984,-0.6151052273596509,-0.4480170344477855,0.03552058363835059,-0.5916372761454398,0.6659434621054773,0.371989387603779,0.13589125503080168,-0.3308689219900589,-0.0455124841061742,0.33222825038038145
-0.48046748903756326,4.331200023818486,-0.3276499682104425,-0.3820629465158508,0.4336776184718079,0.5555912707670952,-0.07712660768724149,-0.23132005638319278,-0.05005630887069282,-0.007541709745301189,0.19320352825517406,0.0977113474810744,0.14829287460163088,-0.09956633003224086,0.22917989795241844,0.17317395870658253,-0.0077365506406635864,0.12606664313247762
-0.6056521213529084,-0.49999925132858913,-0.3144129634366204,0.6918630330899262,-0.5363881511893899,0.5414281863280075,0.2439382676521156,0.12234801024503214,-0.9838515893785651,-0.27795509099478066,0.5050003531844472,1.3294007138387725,0.2130727368630947,-0.6685967675658117,0.17162180506844926,0.2859636835860057,-0.5011033924941677,-0.46281786193928565
-0.41755583449588823,4.495442266886815,-0.2093988323773634,0.039688450802332784,-0.02932069023313623,-0.23342409523147245,-0.08606021244723917,-0.0858295878238032,0.07988476427423295,0.05627108458624744,0.1425910334425431,0.08499225601496335,0.11653132591315574,0.08617838888333207,-0.0026609301246066086,-0.01979365929775001,0.42559770030507116,-0.05123229593983247
6.700136019720648,0.058759085547671175,-0.5636272295350349,0.6005026833396182,1.4552786069462924,0.10139028951134056,0.3053399132107041,-0.0433334993686991,0.09529512845177322,-0.42390479190592345,0.11491135495737659,0.2425718156500452,-0.07733111505446222,-0.17954835251130752,0.6120261379735059,0.7301393384783224,-0.42550541878825515,0.10107850582466565
-0.806078218852577,-0.7199853274908328,-0.5159750146618742,-0.3609130655709646,0.12499000889916571,-0.027272883436185794,0.24083634583789607,0.98907912974627,0.18857512485607814,0.5428954673094517,-0.04803787428555678,0.1603768399047861,-0.48285742570976853,-0.0494672672546268,0.5550312330910332,0.14789236922107446,-0.3726747969242056,0.37226549855151275
-1.1090143705563367,-0.7145104472625008,-1.1511436452297459,-0.06730236075636988,-0.047580722095480296,-0.32319024555345716,-0.02602557377262285,0.05628993770755872,-1.2610613915395024,-0.26536577320386623,0.11902595775702363,-0.8219581814864836,-0.3853057374817206,-0.42984224120582104,0.46890813916639407,0.37661481809557046,-0.30244820681385376,-0.1409338570316969
4.504480490759332,-0.00832458715712936,-1.6482461860693522,-0.40129263268014903,2.258650706914962,-0.6576062876054606,0.8494903645137671,-0.5103505868591491,0.4761052248615237,-0.15343058031867116,0.5457160059968116,0.7407449883292965,-0.3570391109853524,0.5674380924226766,0.4327158370513944,0.13981414769589734,0.18186887723256084,-0.28743114649641444
0.03421017648813551,-0.43160841618727686,0.9952054686657064,1.4945845711945926,-1.4004417231055828,-0.1130577714907806,0.381846683880699,0.892664406132412,-0.535867501064031,-0.3874405857868214,0.8666672070413473,-0.18148633893235583,-0.22361275341080122,-0.22202575636152827,-0.14970421951055657,-0.31062797565989214,0.06454797129286338,0.21059035963158063
-1.9135888117639894,-0.6890848535864775,0.11986207619225464,-0.1718910039551672,0.12596590911865313,0.583578697897126,-0.7347880408359995,0.03169640032278817,1.0258435066496825,-0.44242278081413233,-0.11728395424594606,0.10123514493970714,-0.16109518612144652,-0.156076924685552,-0.9449105401723956,0.14844536009978043,-0.07462832168228234,0.054016652614746474
-0.3397125858310042,-0.18008192750286933,0.6520493498110809,-1.199776651739655,1.0211378694447444,-0.3762093051258988,-0.2541806703793432,0.15436916585625918,-0.05291876763497105,0.05446029855959936,0.5949620631041921,0.29837183625974584,0.04803441342136616,-0.32851489030417197,-0.8719773038758868,0.262079320666644,0.08102712882822238,0.024019524991234553
-0.41755583449588823,4.495442266886815,-0.2093988323773634,0.039688450802332784,-0.02932069023313623,-0.23342409523147245,-0.08606021244723917,-0.0858295878238032,0.07988476427423295,0.05627108458624744,0.1425910334425431,0.08499225601496335,0.11653132591315574,0.08617838888333207,-0.0026609301246066086,-0.01979365929775001,0.42559770030507116,-0.05123229593983247
-0.26219803982913126,-0.9032996491813214,-1.1268090458957576,0.5626385884682433,-0.8601165438682871,0.5945606036086312,-1.297076694605697,-0.6522135038718051,-0.13854486154661055,0.8014808118659457,0.3160466896184131,0.4644567562344344,-0.4249857250389971,-0.5824111957795222,0.021216053065510165,0.5227003764723119,-0.42081864483342846,0.13524116551429005
-0.8543959224839942,-0.8809985641576799,-0.263596608798204,0.21566958807210102,-1.0077027907013092,1.0463294716923464,0.5176166434336074,-1.27974633518827,-0.4004093651381652,0.6973513321018535,0.2835507183511148,0.280491465373356,-0.2555187581905039,-0.3688549640912381,-0.17312984514027446,0.23549362759927522,0.17801759605428003,0.06218509934435407
-0.48046748903756326,4.331200023818486,-0.3276499682104425,-0.3820629465158508,0.4336776184718079,0.5555912707670952,-0.07712660768724149,-0.23132005638319278,-0.05005630887069282,-0.007541709745301189,0.19320352825517406,0.0977113474810744,0.14829287460163088,-0.09956633003224086,0.22917989795241844,0.17317395870658253,-0.0077365506406635864,0.12606664313247762
2.900652426736035,-0.9665693472304617,-1.1775354541453664,0.946605132779906,1.2079388661844845,0.17459894130881143,0.3366660375975089,1.3047835545970234,-0.02973678525809656,0.11130914017872695,-0.5248455668690796,-0.5330101707139614,0.24617772036063879,-0.5493629076243473,-0.1626033626208207,0.7534826973950735,-0.30305368211150796,0.3636021700479983
-0.9478776000676252,-0.4582677709255878,-0.8024312691749523,-0.6540141737964363,0.46076551648463776,-0.17076734726841525,-0.03700885087184279,0.20187439353455267,-0.8173992528406542,-1.2595749218255956,-0.7924609524082432,0.25092232007893506,-0.33572869186886717,0.0460149287673578,0.09568439990654526,0.06968865093162119,0.32544410936414747,-0.1555027994193874
-1.112660122529133,-0.8714273325759014,-1.1467753980959037,-0.2556929757633717,0.1575715961155914,2.2424251195002354e-05,-0.04630829910872522,-0.033066444755942476,-1.3358248648970208,-0.2904555546594102,0.12374858545068235,-0.796615580678413,-0.4097812776803599,-0.11790631002317314,0.1256013825329947,0.09412527241085256,0.28623657249963164,-0.35409010019145765
0.09701953191154178,-0.5960322522917314,1.5942349699733336,-0.7982720488559946,0.7365928064670436,0.09424317066135059,-0.09901889163690099,0.31924062614825294,-0.41770571380507604,0.3517207925273096,0.011148245491722775,-0.5699277491174819,0.6550332697787865,-0.04467511374685018,0.5157365455380539,0.4135087843364145,0.3331740619915978,-0.010987105406779163
2.2844091074740067,-0.025848413474451437,1.9211719019213669,-1.050726449231905,-0.43150630872737544,0.7935683912205634,1.6180728635305355,-0.7146903831177858,-0.09433407345642422,-0.029819356757917775,0.05708471669954346,-0.2774561401684484,-0.27250485622315024,0.34611127718574664,-0.2549142608406163,0.03050213984420802,-0.23753657623421737,-0.2447661017286591
1.1183268860199584,-0.9402857083496474,-0.29517376022904,1.9788148913570043,2.052201777261587,0.7272469770569833,-0.7767236606713339,0.4384961968899547,0.7789776927380605,-0.605751337466341,-0.49915709072655706,-0.3112882760501284,0.10969206888848998,0.03544707370908762,-0.7568951764759915,-0.3459752202013798,0.0725251404591668,0.44021693802524803
-0.48046748903756326,4.331200023818486,-0.3276499682104425,-0.3820629465158508,0.4336776184718079,0.5555912707670952,-0.07712660768724149,-0.23132005638319278,-0.05005630887069282,-0.007541709745301189,0.19320352825517406,0.0977113474810744,0.14829287460163088,-0.09956633003224086,0.22917989795241844,0.17317395870658253,-0.0077365506406635864,0.12606664313247762
-0.010714650026192152,-0.23900687191161718,0.49001024807415594,1.2480108079712633,-2.293944120361752,-0.05398091647394462,0.7623414013748359,-1.0600835187903326,-0.2536268486185387,-0.284807645586189,0.17879851807986324,0.8050946715847507,0.3990760141875559,-0.3714130978208585,0.13126964279823444,-0.5092633510985267,0.33171651327901275,-0.24255466748353263
-0.5776227654854278,-0.21549120233943797,0.3036205802292242,2.3733492562729848,0.17309024484739682,-0.5329915843551927,0.1151697179558062,1.2571596904009268,-0.15310231168544008,-0.7956988979439615,0.9333155787104386,0.5022030925957217,-0.3657933950158332,-0.26701105235516737,0.03766566055545201,0.5315253376628186,0.24312956333459557,-0.20467094507345382
0.10796053517137316,-1.0375065836927704,-0.984443254282117,-0.534103522308795,-0.03786315289331395,0.18765813571940437,1.4812639827549638,-1.1123345025617746,0.28915873119843977,0.6197434884562585,-1.1385792095990506,0.11746928672798251,0.8669980891954902,-0.16164092031346006,-0.026053345057649946,-0.3389151716063451,-0.04396155550116665,-0.33476864220793584
8.406546326951133,-0.13383055333069804,-1.0883251596024666,-1.1875158328897442,-0.6380599991907107,1.0677599249750787,-2.022989309378414,0.19944454186058477,-0.21391964654056267,0.10254967292467546,0.03673342839086868,-0.19474992799619245,-0.10114101665317743,0.2598071293665962,-0.11251486865077615,-0.05077113021340446,-0.20607726588166025,-0.09027479026655369
-1.7099364246635458,-0.4155326823786798,0.8759900934850149,-0.6919612062686035,0.7573809560599183,-0.33065621008468216,-1.2721610368847305,-1.308813457808031,0.07611513985024453,0.22937630596327563,-0.14105061039798072,0.5331652254035404,0.36074951222619234,0.28021228295097766,-0.3149574939406189,-0.09654554275862082,-0.25113000082436404,0.01761090524970771
-1.0210276783232404,-0.5475110529624643,-0.8994606185753118,-0.4660059607248217,0.26643365617093856,-0.4516608848055711,-0.02259149503223322,0.39474668457002376,-0.8072249562733088,-0.15523112002574166,-0.9147900901732058,-0.5948675765880391,-0.4201696667682588,-0.3593730516867289,0.3493154305775301,0.31378654735735384,-0.34739086831439814,0.014976542400135073
1.920925606221506,0.4118479212951828,1.5467208188440609,3.377292236649791,4.476138074937412,0.684241519715418,0.5978551817559995,0.4449058303435767,-0.09253105196515224,0.49465396479328505,0.07445808885547461,-0.8530288707619367,-0.2249618896545017,0.8281986988957754,0.094753415212117,0.28402932101895845,0.0033169710868276026,-0.08701675184282523
0.9098682971381038,-0.5083215137197992,-0.15351484162345608,-2.4697738994163814,0.10771268455088999,-0.6591568991631586,1.0626234404886516,-0.3640130630474357,-0.14524018799707195,0.7051318560235694,0.3625021221139204,-0.25445071789283097,0.3069197444208285,-0.039894401213920294,-0.01958777683331464,0.17452247852477026,0.42461536601493777,0.17194938080112915
-1.112660122529133,-0.8714273325759014,-1.1467753980959037,-0.2556929757633717,0.1575715961155914,2.2424251195002354e-05,-0.04630829910872522,-0.033066444755942476,-1.3358248648970208,-0.2904555546594102,0.12374858545068235,-0.796615580678413,-0.4097812776803599,-0.11790631002317314,0.1256013825329947,0.09412527241085256,0.28623657249963164,-0.35409010019145765
-0.8185860208875363,-1.3789179155055489,-0.6065038388125563,0.5314259119674571,-0.2852253273611974,0.6033926826505266,-0.14811571739722248,-1.016333405825679,-0.38050401792798544,0.23236608800377348,0.061083418105648324,-0.3450237608448435,0.5315986705120608,0.2433774019923569,0.03170297441014763,0.029890303642621352,0.12716622865663663,-0.11891644736366244
-0.571272710710412,-0.9666808509133038,-0.1466581420440085,0.2516067004739836,-0.23561019561173258,0.9540915734194853,0.3452318518897509,0.7208692253696076,-0.4563828742864943,0.27450146274535525,0.8794542783730077,-0.08535362336394942,-0.3938537288261492,-0.5390659297444952,-0.04832812878548948,0.4841903646634474,0.32835579093489886,-0.2898441864952228
-0.4836448124773339,0.4831091329939914,0.37460656664272207,-0.5180033435270748,0.2475629843517922,-2.2378468241866214,-0.4502165357118756,-0.1109056326010929,-0.785555355328375,-0.2938887386610831,-0.2986946744163874,-0.24855038572607918,-0.3516041681291036,-0.24479863566072285,-0.08947013412962762,-0.17969140788672494,-0.024048252927410918,-0.20421557743258217
3.496726905227174,-0.21182951087977697,1.1615588697490087,1.2063462586793905,2.777339027096367,0.14057595139286483,2.7838356883284185,-0.0755713322685185,-0.567812538091894,-0.04737859920470719,0.1720702996231922,-0.27160881858687885,-0.057599111483883414,-0.09287039342418207,-0.23362614292886727,-0.3625271884403979,0.04303512588748559,0.37017769280039275
-0.33247475749321326,0.15903088131497722,0.5627273113393481,-0.6945939170019136,0.7179483659257014,-0.415236248075726,-0.45973039067667887,-0.7258282724541187,0.8869250770323773,0.05975587300617194,0.4087559580231408,0.019137044820625115,0.021247008607963358,-0.5057663959214632,-0.4842306926232648,0.5637926397832547,-0.5668555571375428,0.14168426365416142
-0.41755583449588823,4.495442266886815,-0.2093988323773634,0.039688450802332784,-0.02932069023313623,-0.23342409523147245,-0.08606021244723917,-0.0858295878238032,0.07988476427423295,0.05627108458624744,0.1425910334425431,0.08499225601496335,0.11653132591315574,0.08617838888333207,-0.0026609301246066086,-0.01979365929775001,0.42559770030507116,-0.05123229593983247
0.8381934173574359,-0.898822621619807,-1.4192940616572474,-1.4955056498085235,-0.11614754676262391,-0.06935644604998835,1.7479176705461377,0.2765895760376988,0.02271144489899482,0.3380298596349407,-0.20362357932259906,-0.30008964326853044,0.24763927789250895,0.1047628703573148,-0.15908653915987425,-0.02687090506815376,0.31234185920150714,0.41200380842175205
-0.8860750497187571,-1.0050673111123463,-0.6123546542343181,-0.6803917336105378,0.4241544305564123,0.08255813738125899,0.13475651459647686,0.843181676355466,0.08836858041591304,0.22026211378418203,-0.13350110144222044,-0.22692910199120225,0.14065861815005715,0.28563029762412295,-0.11267361397020165,0.14050503373346007,0.20803108821819782,0.15459246978876656
-0.5714755262892361,-0.04330216570326795,0.18354222688239852,-1.034552521252089,1.0228941731610839,-0.6094121789181681,-0.6832474426729022,-1.3784963886971948,-0.16403253907619864,-0.4910322669054187,-0.4013672743970747,-0.40333397617899497,-0.43551582139028916,-0.26200347643816235,-0.07157383310352367,-0.28667514179065934,0.04104299524361654,-0.24270387357596962
-1.473435333306293,-1.3502222056144635,-0.33911153537823013,0.5540211786653532,-0.571706211356331,0.774509353923531,-1.223939942779879,-0.8289862529667966,-0.42136299041785336,0.323038128389984,0.07570506353689765,-0.25984089127883486,0.4183831043519244,0.5413111699208987,-0.013120740126533914,-0.046576353415107685,0.24378275247107206,-0.042002796281170596
-1.4333336800964425,-0.806798401547318,1.1185657087918404,0.46407756352031787,-0.288866021296666,1.4330343991893502,-0.47659527481376573,0.39668244743004805,0.7646359731053594,0.03310326420838705,-0.7998313402487476,-0.5673878310798679,0.6980110407086798,-0.5817566638590108,-0.15734091051090798,0.08429266053758772,0.36587037241814,-0.7736854722123803
0.1505755339333884,-0.3441156874789153,-1.0165285163656677,2.2451283078891753,3.2348129582552403,-0.3541638198903577,0.3616805077265425,1.3943801656641568,0.38844082039270145,-0.7572365902732198,0.08724730887667409,0.721075261357039,0.5070105455201256,-0.6965760785583837,-0.1051542573635158,0.29063759757163204,-0.2929945317780306,-0.22144060488181605
-0.9137949731233017,-1.0636573562245057,-0.8000630074117645,-0.015193650536380457,0.0028408143607490804,0.34439757152229,-0.11441389998543874,-0.5215893636419633,0.5394730838725461,-0.6095553716519139,0.8615817344183174,-0.3049815935895545,0.08347109716133005,0.16484224571362172,-0.2262059487888772,-0.21584236545190927,-0.08832836653717391,0.06330768927210845
-0.5711319945881843,-0.9478063576822715,-0.21935722025308535,0.533009281908283,-0.2935490154551859,1.0306675677591524,0.05811362405305438,-0.43509100076259016,0.3619172798929174,0.36698835034348165,0.8633418479344359,-0.27972808706771385,-0.6363461590961714,-0.2344419726961821,-0.0718385575449248,0.12163450327922426,0.44848207695902387,0.07438726465167528
-1.0523933537005816,-0.7630179833880255,-1.082800724618916,0.010801507342333858,0.05027235818634705,0.13339121914011204,-0.29204463495025124,-1.0593807378909066,-0.43088392617419397,-1.0101383869173817,0.08501537338099063,-0.6475774673783208,-0.5018327279556252,-0.1682251724145824,-0.10752366087454485,-0.32505039751273335,-0.055065543756284474,-0.2894644812762838
-0.7317739592477088,-0.8202183998069932,-0.8462335580164742,0.23166891417490765,0.1861991311168319,0.5833605363975187,-1.0712995656528534,-0.476967795130314,0.21489835441719657,0.6075304777658479,-0.8149424330080619,0.28285344721768857,0.17865989000722737,-0.13223694728172958,-0.7515963880912069,0.4007132415377164,0.12516894812970258,0.13661751603054756
-0.48046748903756326,4.331200023818486,-0.3276499682104425,-0.3820629465158508,0.4336776184718079,0.5555912707670952,-0.07712660768724149,-0.23132005638319278,-0.05005630887069282,-0.007541709745301189,0.19320352825517406,0.0977113474810744,0.14829287460163088,-0.09956633003224086,0.22917989795241844,0.17317395870658253,-0.0077365506406635864,0.12606664313247762
-0.914293895591919,3.649034120966852,-1.4543544582713959,1.0536267868990539,-0.9869745866211831,0.4908791149609463,0.27307413566102623,0.2742292161048225,-0.22323748891842343,-0.03615417419704764,0.6512188283143043,-0.6107309102007494,-0.08143755194787167,0.11679348313777205,-0.42537678147086605,-0.44073276770006414,-0.11960509429465732,-0.07920216532918908
7.238197321839583,-0.2707987464584758,-0.49486712469870975,-0.9551085278820641,-0.3218788767798984,0.8896486489482921,-1.149943707637431,0.025371107058002967,-0.17219850048614987,0.025303960533685804,0.04876039485478745,-0.19633547049096106,-0.1518875199779416,0.11235928683019303,-0.12465431462041526,-0.11394835256182012,-0.1474814249495191,-0.04675467991650034
-1.0751636535950966,-0.5761661230428934,-1.1427616159047875,0.031100177007002724,0.0294824971115472,0.19983167719025935,-0.2942506396312954,-1.0755699105707308,-0.45743359913217846,-1.0002146773258522,0.08937059185184393,-0.6550969923687899,-0.41888867308217403,-0.1741431026644505,-0.16598674170916403,-0.32357952397087597,0.03273607667065326,-0.1791575239268056
-1.02624706414758,-0.3671330137330344,-1.0558585671292027,0.8559117492976825,-0.8406529899308242,-1.2400359909727086,-0.25234388359496474,-0.6929587640305039,-0.20410242509456716,-0.22753137269973298,-0.1307485530380137,-1.0816910053103463,-0.46450161257438416,-0.2619168730331501,0.23563558991745914,0.05110207331012506,0.26842920628630673,-0.30928584552011434
-0.8733986242158123,3.7784836004337645,-1.342309893057323,0.26458748211012006,-0.22492981823650998,1.1699240295732616,0.3175102787757992,0.4262523412855604,0.1369287392975055,-0.41651317657913955,-0.35422987189699007,0.080558461180193,0.04711203874975661,0.06468116351043118,0.07363736159253326,0.07197043224629196,-0.14878775114110893,0.2352164348639954
-0.2080881245708387,0.47980600013136265,0.633999217686618,-0.38869856600123265,0.11432129760906755,-1.8175945844179118,-0.32102736205789517,-0.06836380832438452,0.6978244188562928,0.09009288753512715,0.4160600230138063,-0.08098067910408202,0.0508106440027104,0.7182366586912393,-0.2388858546990379,0.2666337526478368,-0.43358135304450285,-0.46381178847651816
-0.993275878297574,-0.4143698828984417,-0.9042951685960084,-0.3696012427148505,0.3563842466656459,0.07750147130421402,-0.2763011894466866,-0.7233584876343224,0.003464321529056985,-0.8574929784658543,-0.9723138640134343,-0.42140382478141697,-0.5051381329120415,-0.09016579271566016,-0.20624595337939394,-0.4457605849436938,-0.07380341335348212,-0.04648156148599919
-0.9384630600119352,-0.6087876640461218,-0.535171285833286,-0.014803618247495057,0.21069028745362867,-0.035174162722486954,-0.541127002126883,0.022631348640795412,1.111113901618944,-0.9156306764835378,-0.18962429210445647,0.36838626641360556,0.1940232669814148,0.017334587847448568,0.4055791025521882,0.4052713889752611,-0.2848168479986498,0.3834229690464365
-0.8733986242158123,3.7784836004337645,-1.342309893057323,0.26458748211012006,-0.22492981823650998,1.1699240295732616,0.3175102787757992,0.4262523412855604,0.1369287392975055,-0.41651317657913955,-0.35422987189699007,0.080558461180193,0.04711203874975661,0.06468116351043118,0.07363736159253326,0.07197043224629196,-0.14878775114110893,0.2352164348639954
-0.7467659862913856,-1.1832994972238502,-0.9813898388348097,-0.4608860104755147,-0.20229321723750576,0.3256092456479148,-0.6072558881706223,0.6633846805301713,-0.3783924573406428,0.12156098428137965,0.8982820513214314,-0.41673957646301224,0.18044604548746235,0.20818936928198428,0.030978502531427643,0.21201380282473276,0.25442158610982224,-0.0021847843984647564
1.1849698155549209,-0.26144501976056134,1.7818197182913262,-0.7978936611349522,-0.4044007397886727,0.9064596837987967,-0.9342211937512733,-0.5771799609228203,0.4184211820653505,-0.0036901156926872625,0.05182374679123408,0.045529445273497615,-0.17944802452994946,-0.5563427541277289,0.03321869020639967,-0.10333424993180607,0.08698347489755454,0.24253489907804454
-0.9411989662033908,-0.6666141686601845,-0.7938587478982337,-0.3532974178434305,0.29901051652784266,0.44915176534915546,-0.02604927976600975,-0.028672940457659918,1.0270971536673685,0.2993909690924025,-0.33996286521898655,-0.3478132465316585,0.5173855892090893,-0.11336282825986382,0.11506562666588349,-0.4283093765738094,0.20202880061031958,-0.3352727998130545
0.1821832579271938,-0.42332055468545327,1.669034335619459,-0.2604947768820033,0.5233120193704498,0.38252481460775234,-0.17512248697786884,-0.313092263388201,-1.144762026576899,1.1147092775876872,-0.32820094718906967,0.4913766748959849,0.031571036299359256,-0.20294586823662386,-0.10692151292519253,0.08380131039242367,0.23009663561246352,0.26508259349081037
-0.4738892762095039,0.30877501969842214,3.2322466246312436,0.661539897935279,-0.6442997929183126,-0.49883531091716227,-0.5949991815123606,0.8629599560434005,-0.30139652285970403,0.03597191121736468,0.10494301124974914,-0.06584249971444317,-0.17787136722074837,-0.10453990220577797,-0.093512157779297,-0.14631214498129208,-0.020916195038403307,0.21214545954598313
0.5166299876401845,0.9507812832201616,2.200727517742176,2.4162078200902695,1.363978118682731,-0.5493272590403653,-0.17931441247970378,0.12778158346895488,0.7423558414603351,-0.36825122518920994,0.02782628358049194,0.16714559432845272,0.3596800862002103,-0.4851012878046647,0.4164141345685124,-0.44263831514116464,0.3718535352752458,0.051604261972559184
-0.36936228313517794,-0.7116065353047427,0.2454632350762993,0.3027487824802518,-0.24478822017719015,0.966442832352181,0.32124472396886095,0.5722342640405045,-0.5108331599602565,-1.0834461181304593,0.9511897804851517,0.21889703774214228,0.8703224670580126,-0.6286772556811031,-0.016462918506020274,0.11940936126856277,0.2764972436452866,-0.4557443641661557
-0.42852256602398525,-0.1759661632991525,0.511985451352519,-1.1696848377918216,0.8817570097429762,-0.9158066113629172,-0.26580073664835424,0.21239290570058153,0.004465316300744759,0.0017502029579223033,0.5490613281812851,0.13384880434412533,0.2435795380029102,-0.16026428759889783,0.08908538141025923,0.18002590245721356,-0.6045465478296095,0.3200665608682057
-1.0264248245438714,-1.1449676109939333,0.4187959151581315,0.14437941330572268,-0.6722609641623055,1.0983862044601245,-0.17325580859178494,0.7813054370030452,-0.6437748933916153,0.1071894824588012,0.7526998066287063,-0.43194727448528675,-0.13842300222975026,0.19772235112933334,0.5803421197170924,-0.2248671985787586,0.2915817566260641,-0.006525566929452331
-0.737977567078303,-0.3702466632272108,-0.3573156409970069,0.10265192722018172,-0.4584759961821236,-1.412507712998277,0.12205108571597768,1.0844581393166037,0.3717867028865634,-0.30227719022945376,-0.0695617135312247,0.07689260176180562,0.1325188211359774,0.25251627601015314,-0.3636949584038451,-0.17168690228619157,-0.19836227620874552,0.25770638484732794
-0.41755583449588823,4.495442266886815,-0.2093988323773634,0.039688450802332784,-0.02932069023313623,-0.23342409523147245,-0.08606021244723917,-0.0858295878238032,0.07988476427423295,0.05627108458624744,0.1425910334425431,0.08499225601496335,0.11653132591315574,0.08617838888333207,-0.0026609301246066086,-0.01979365929775001,0.42559770030507116,-0.05123229593983247
-1.1090143705563367,-0.7145104472625008,-1.1511436452297459,-0.06730236075636988,-0.047580722095480296,-0.32319024555345716,-0.02602557377262285,0.05628993770755872,-1.2610613915395024,-0.26536577320386623,0.11902595775702363,-0.8219581814864836,-0.3853057374817206,-0.42984224120582104,0.46890813916639407,0.37661481809557046,-0.30244820681385376,-0.1409338570316969
-0.5186897864798783,-0.2844879615378144,0.3440524019769846,-1.3157764700486891,1.0769671416418427,-0.43194999989550154,-0.21346228726859237,0.27993069616479954,-0.017022334965202,0.7329613537951675,0.40956859363206477,-0.10981389038681194,0.6563238948084466,-0.20459281008865782,0.18577249273646945,-0.19422046691844386,0.2932332682285669,-0.534653091167003
4.712716403641329,0.37118096519182553,0.9057047256415389,0.1669173670850868,-0.7996003669147761,-0.6797124183941413,0.6076612759107799,-0.06882080347978478,0.13332947921149274,0.11426085616949058,-0.014116592805925643,-0.32884004657056304,-0.20277660344895854,0.1744185228536108,-0.15194872995374448,-0.02702653565472185,-0.24262712743756992,-0.0960525169214019
-0.501549874635853,0.10321084358113164,0.34934359714706087,-0.22241369857038118,0.08987695090368895,-1.9477434443779207,-0.33063128776990747,-0.06368239702137443,-0.5079182865307191,1.2042091250642033,-0.1965641074460044,0.37983180060855115,0.9212303825599896,-0.14906906883472615,0.08925460075725516,-0.14445438845574482,0.03169598300478127,-0.5021091483548137
-0.8359786704799185,-0.7200977765416188,-0.619933390560421,-0.24051021472212664,0.21290090286878782,0.5899525229201469,0.04743845937613203,0.030302627075523753,1.0720284123129582,0.5544237858887255,-0.22626382090446878,0.06575225847394112,-0.1621645191794978,-0.14411465213579605,0.41859330100970427,-0.6455296700781689,0.18380290287805467,-0.417828534568522
-0.7520889385500027,-0.910059159389027,-0.5979778929454951,0.9309521999201041,-0.5708434049529059,0.566291704835541,-0.054462579586512405,-0.9340069645040989,-0.21175954772138206,0.7661047615680592,0.24742081541716565,0.323524635425011,-0.40451822732957354,-0.44672569422689384,0.032386159823217964,0.4812401982164643,-0.32350325028725835,0.13541629805019145
1.4477874978218876,-0.5068943998010393,-1.3269062239886962,1.6961455568455155,-0.3621945255957077,-1.0937931764626874,1.9489562409719985,-1.2153196127543067,0.01822312110715958,0.21043442304872678,0.33963383374301737,0.460334697985716,-0.46623404422143505,-0.2909749805213016,-0.7592863906816714,-0.2524974220444047,-0.2696968015432927,0.24844426518848023
1.8049042679686746,-1.1652335667618134,-2.291061453119303,1.6676793066565534,1.2776801866715162,-0.23471944325478705,0.9974220132346097,-1.0512883505925965,-0.1384183027822818,0.7007569621583686,0.2847780946287921,0.15883086369558144,-0.19566662410972196,-0.23663983554459084,0.5906049161265097,-0.017196986031406736,-0.46929712681195523,0.3892980489905909
3.102169099511353,-0.1756531379243791,0.9749056197676187,-1.318725907143491,-0.47319803306662417,0.08385396533433488,0.9185377900792427,0.010806438792742706,-0.42104976752995693,0.1337641659547754,0.20704300972231438,0.12205393669064707,0.00893007994720596,-0.9773735167364948,0.1697802176617227,-0.04949839538086992,-0.44738900588912134,0.6480742465890088
-0.48046748903756326,4.331200023818486,-0.3276499682104425,-0.3820629465158508,0.4336776184718079,0.5555912707670952,-0.07712660768724149,-0.23132005638319278,-0.05005630887069282,-0.007541709745301189,0.19320352825517406,0.0977113474810744,0.14829287460163088,-0.09956633003224086,0.22917989795241844,0.17317395870658253,-0.0077365506406635864,0.12606664313247762
0.8005581316961234,-1.0097577713171815,0.579774318709724,0.712546345779283,-1.3652744298722386,1.9029018023800632,-1.9327279626621747,0.14866344493366188,-0.003138387019827646,-0.6165822862411797,0.7342845226424755,-0.38522057867558784,-0.3606391434372191,-0.09023570902114192,-0.14170257989450755,-0.4176570129381111,0.04272916803777593,0.2127902058073165
-0.9996076138912238,-1.0042037792225715,-0.9222905495243299,-0.2704224414542663,0.10434532666710576,0.3108533981627787,0.1777405204540587,0.5990463469710878,-0.28387372206319733,0.21385523378320456,0.89595124141013,-0.3540573815861378,0.5900069882431105,-0.11081450606507787,0.14982266496544827,-0.23259572264051787,0.19712472922866575,-0.5814136988673171
-0.05907760194655365,-0.9104676257032154,-0.7477389170169544,-1.7073883001357508,-0.3555539439725579,-0.15649716447401496,1.911927525131489,0.1323183306077738,0.08933809505928007,-0.37726206029070786,-0.03956705959427237,0.07852765788208455,0.1635048686926488,0.1978372526821618,-0.4883226268409017,-0.24725688534480397,-0.09391491510231925,0.3026239675440598
-0.36768447398606185,0.31654630604201595,0.22046281231900577,0.6989268156864414,-0.845778749368227,-0.48467964876674996,0.4122410412809543,1.3377915268691356,0.37218700937410953,-0.45093256655014724,-0.11267601534694754,0.9894811606169294,0.19222301184889024,-0.7704410964902096,0.05226433127940816,0.05727585701548232,0.3580666205441002,-0.5193994221905607
5.433249992923967,-0.1776727456629541,0.41640508114686114,-1.9843179718728425,-1.6488391687028552,1.0933753917309923,-0.9247911787051138,-0.2224939649733815,-0.1920234990245991,0.07521454406334008,0.02517402051694595,-0.16858958146236042,-0.1769033296739454,0.13853277038595757,-0.1709967098490261,-0.06524105955567527,-0.17090548553406076,-0.06728317921895338
-0.7642322667328479,-0.21344222696459592,-0.46564226402939585,0.41144539307602146,-0.5757174204235732,-1.1184949764465966,-0.051064075409683954,0.21503801910935885,1.3300034637009617,-0.26565909019463607,-0.2525102878437953,-0.04307458047711005,0.47768726786488747,-0.15406704005366378,-0.15682613385177485,-0.682619395900717,-0.23056935571997061,-0.319231405112946
-0.4799381603323768,-0.8070732694180396,0.1637593861956892,-0.23705066280024145,0.11063734786080219,0.8260978093001986,0.3992086489192579,1.1916236183391367,0.06837649202141875,0.39539355718753755,-0.4607108134895459,0.08313807903645615,0.24383683468875406,-0.3639176567469084,0.6768607380967508,-0.30258989104600786,0.07725414042615619,-0.6283375194415157
-0.48046748903756326,4.331200023818486,-0.3276499682104425,-0.3820629465158508,0.4336776184718079,0.5555912707670952,-0.07712660768724149,-0.23132005638319278,-0.05005630887069282,-0.007541709745301189,0.19320352825517406,0.0977113474810744,0.14829287460163088,-0.09956633003224086,0.22917989795241844,0.17317395870658253,-0.0077365506406635864,0.12606664313247762
-0.8104327985405481,-0.8879607027314294,-0.5616805219248433,-0.25177590690994633,0.21869562849167545,0.49012790139074114,0.0010203747781605543,-0.06401879040256295,0.9904342795258747,0.45069601271157855,-0.22190011582658992,-0.03421006682956784,-0.5766489599860127,0.18186096203431257,0.27568973066291824,-0.20960064296597436,0.23965192336813101,0.16226723465572973
-0.8651749256572251,-0.6426252691109491,-0.7731245887907674,1.2675012125634102,-1.0541682955760256,-0.8941919163944059,-0.17347701876374758,-0.771297058759326,0.037638211033319505,0.5920654357899853,0.15677548340449698,-0.045123092329158176,0.2000434567276288,-0.29010938642266754,-0.6433894718080144,0.542638880326193,0.1119673028181547,-0.04850680028410853
-0.41755583449588823,4.495442266886815,-0.2093988323773634,0.039688450802332784,-0.02932069023313623,-0.23342409523147245,-0.08606021244723917,-0.0858295878238032,0.07988476427423295,0.05627108458624744,0.1425910334425431,0.08499225601496335,0.11653132591315574,0.08617838888333207,-0.0026609301246066086,-0.01979365929775001,0.42559770030507116,-0.05123229593983247
2.170254806545193,-1.0138139346947985,-1.8882045358918338,-1.7958197485489589,-1.142282048375305,0.5292064628675159,-1.5445801593772266,1.1317260869436234,0.03181462792837822,0.6059821371376253,-0.08654362065862681,0.27700807806128014,-0.41851748096387653,0.07986465716241486,0.27024279474968216,-0.18191599516148058,0.30088202557881105,0.2761162835445054
-1.287653144481564,-0.7414334126642081,-0.18940580753152614,-0.5239925490545041,-0.1683033889309699,0.5400229195268313,-0.37364910984592625,-0.08128195636550442,1.0173426915406971,-0.1985624030475179,-0.0838490303610182,0.3630907067673201,-0.613295670739122,0.2427175351928924,-0.016474176113056127,-0.5179470060967537,-0.1366912336914236,0.18762404158251328
0.7481334154290902,0.4227408528495925,2.4625869568084227,-0.06667351569579809,0.29504836356983594,1.1084986103067653,-0.0034969914721477563,-0.08460053756164229,-0.13589644614987986,-0.0677654021916809,0.1263105612742208,-0.31584819841433426,-0.2559528297675636,0.5989326613142644,-0.23334985940481234,-0.011786971692436254,-0.23515405986865806,0.01919282634468883
-0.8860750497187571,-1.0050673111123463,-0.6123546542343181,-0.6803917336105378,0.4241544305564123,0.08255813738125899,0.13475651459647686,0.843181676355466,0.08836858041591304,0.22026211378418203,-0.13350110144222044,-0.22692910199120225,0.14065861815005715,0.28563029762412295,-0.11267361397020165,0.14050503373346007,0.20803108821819782,0.15459246978876656
-0.6629875774377718,0.39325063218182243,0.05528482956441594,-1.0927921342164661,0.945652134891411,-0.9528556093329708,-0.3996646363447669,-0.23193357008360235,-1.0708464478741133,0.27524991900651197,-0.346119010857609,-0.678728419200892,-0.23893494136291415,-0.42329698015864975,0.45970812338179,0.30751414194448473,-0.12457875775566252,0.2835337153394781
-0.48046748903756326,4.331200023818486,-0.3276499682104425,-0.3820629465158508,0.4336776184718079,0.5555912707670952,-0.07712660768724149,-0.23132005638319278,-0.05005630887069282,-0.007541709745301189,0.19320352825517406,0.0977113474810744,0.14829287460163088,-0.09956633003224086,0.22917989795241844,0.17317395870658253,-0.0077365506406635864,0.12606664313247762
-0.9644066614674851,-0.5960185890879888,-0.8311176979644818,-0.38790209262611797,0.36428673645276594,0.004920579887998086,-0.28861055620986154,-0.7209239910284415,0.022952509091999668,-0.900003733739257,-0.9488006745492388,-0.4204868624798764,-0.5366966572421634,-0.09775598289549026,-0.2271163694634088,-0.3878786682509499,-0.1000082052568288,-0.13355408184445186
-0.34504643190005396,0.18246976015751004,0.6573442838498733,-0.5439985014057892,0.2001314405261943,-2.0268404718044435,-0.27258580074706307,0.4268857416478507,0.18480165471836507,0.1066942766043846,0.4778716866209394,0.09404548806268703,0.23369965698785156,0.08826878246748115,-0.20815242204395995,-0.07048337582590097,-0.05731107570830024,0.1485565931158102
-0.05424667275873407,0.28378870389863264,2.7530431682079852,1.1854479661386266,-0.26654450059545925,-0.4853764261243666,-0.6608363361303086,-0.13075545202153135,0.6320500824192545,0.02221839522074978,-0.04053387412085507,-0.15861257900615128,-0.16732192003739815,-0.37983026233345796,0.05451783843239005,-0.24043001615405224,0.09964835640666714,0.21107662869950544
-0.7928543257573112,-0.7681949508278507,1.5553899740011643,0.2624003412160979,-0.39167862824221394,1.3176715442036486,-0.5126012402875311,1.2300840826571684,-0.2666759677873096,-1.1909328119825477,-0.5620298777038271,0.10576125318064628,0.4506345988253112,0.17753250929369702,-0.3186972283724733,0.4361151696521784,0.3652278546334019,0.11801795589748193
-0.48046748903756326,4.331200023818486,-0.3276499682104425,-0.3820629465158508,0.4336776184718079,0.5555912707670952,-0.07712660768724149,-0.23132005638319278,-0.05005630887069282,-0.007541709745301189,0.19320352825517406,0.0977113474810744,0.14829287460163088,-0.09956633003224086,0.22917989795241844,0.17317395870658253,-0.0077365506406635864,0.12606664313247762
-0.32922619821536864,0.3091620883927152,0.6359569582425915,-0.5125828089080876,0.18516352193950425,-2.008340283938582,-0.2405173411326774,0.3859425885255133,0.22107252081302614,-0.3199865846242832,0.4556265395272434,0.5455251630790738,0.36535162828354295,0.15143199223662107,0.17861360153127825,0.3120804768543392,0.39178317989152733,0.12976585480485248
-1.1354304224236484,-0.6845754722307698,-1.2067362893817752,-0.23539430609870282,0.13678173504079155,0.06646288230134231,-0.04851430378976937,-0.04925561743576659,-1.3623745378550054,-0.28053184506788065,0.12810380392153564,-0.8041351056688821,-0.32683722280690863,-0.12382424027304123,0.06713830169837548,0.09559614595270993,0.3740381929265695,-0.24378314284197952
-1.477824660150567,-0.8419136350675374,-0.17420501561682777,-0.855997879875649,-0.0670099110451813,0.35240687461957443,0.3610622606645457,0.8062696749221796,0.11564013488915019,0.5218597715140987,-0.04939797169978727,0.19443782182192698,-0.5214491288676197,0.2898287506532393,0.19745035928998922,-0.10052357201301293,0.2085978125715947,0.125344356964817
0.03333032754558274,-1.2342045512457969,-1.0895477477360258,0.562721841470469,-0.2971607771955128,0.6136284008025062,-0.24842920756296386,-1.098676602403316,-0.4597302623571731,0.34847283280226904,0.06480405696884528,-0.3257809095087227,0.5481076156156817,0.43174891424499007,-0.09622221884211885,-0.1189111527433454,0.38181287639932426,0.15980509307300333
-0.4962877227222486,4.20450769558328,-0.30626264260316066,-0.41347863901355253,0.448645537058498,0.5370910829012338,-0.10919506730162712,-0.19037690326085524,-0.08632717496535389,0.41913915148336656,0.21544867534887002,-0.35376832753531245,0.016640903305939536,-0.16272953980138083,-0.15758612562281987,-0.2093898939736576,-0.45683080624049116,0.1448573814434353
-0.8770642158449627,-1.012199566955892,-0.6332885832081863,-0.9277469425648679,-0.3168097108620932,0.33953792528582255,-0.05530295761760008,-0.2280040715142295,0.9497136440271665,0.17774816325600118,-0.32867316385921996,-0.43295514315914935,0.07935983372548061,0.18340990883150154,-0.05994612098526714,0.07770483965101554,0.2452286708006396,0.16247313221991405
-0.8860750497187571,-1.0050673111123463,-0.6123546542343181,-0.6803917336105378,0.4241544305564123,0.08255813738125899,0.13475651459647686,0.843181676355466,0.08836858041591304,0.22026211378418203,-0.13350110144222044,-0.22692910199120225,0.14065861815005715,0.28563029762412295,-0.11267361397020165,0.14050503373346007,0.20803108821819782,0.15459246978876656
0.2827509006099518,-1.3557875280768126,-1.543612713601037,-0.4446414363989154,-0.055416318826618946,-0.1663569606517828,1.9206489928407104,-0.7190120022639124,-1.1306443303967502,0.48982251673064414,0.33666247861967014,0.01058561443695577,0.48050285369418,0.19952020766857348,-0.20505814666622577,0.136918750688152,0.09766824668905882,0.10777210051190672
0.611175108099875,0.12540461287574,2.485932022971678,-0.2219734511003546,0.3808585064869628,0.899252722920234,0.0449445698386844,0.4106490124105929,-0.6489192102878076,-0.05116401312242355,0.1881222248813541,-0.14082203124756526,-0.0730638167824223,-0.03103521490949379,-0.2026164267497344,-0.348904100166174,0.14111621746754455,0.6315612079370172
-1.1133689502443076,-0.8824858225030974,-1.196849152492715,0.04183479790464838,0.04612489749702946,0.1942105392734697,-0.26584154483235833,-0.9968079824412741,-0.4592022368697058,-0.3575652278017394,-0.05483628378400929,-1.0165450882208376,-0.4790972717579648,-0.1985140119168814,0.1895666367382789,0.01912180590852164,0.30987851347848294,-0.3509321209274797
-0.7932141559730023,-0.839897240567218,-0.5242831301919086,-0.3805355221226139,0.17653343655358872,0.3009969845438686,0.1930322040978634,0.6691594394684626,-0.08553451620670001,-0.19189817389372574,0.6143323134037317,0.44001727976600713,-0.513894394441656,0.2598317559792309,-0.024685184640772018,-0.4486612689896613,-0.12518029685972454,0.14315841781382987
-0.5572633192659748,4.085039856468208,-0.4203110704769597,-0.382445348451238,0.44449807636918043,0.5979104030345915,-0.08299197718373429,-0.12780414781122282,-0.11464548566086571,1.0717123105990087,0.0755970181838701,-0.7227359483778293,0.03937635950359997,-0.19301837930367977,0.1395041719900038,0.13478230944759734,-0.09188674900572374,0.08338974179223946
-1.484853198870109,-0.7624308151309436,0.5799634784781118,1.8339925932912429,-1.6197021730817802,-0.1647369162481625,-0.7221762055720402,-0.4035742546588761,-0.2631950168628216,0.5278985936558468,-0.058896788797573096,-0.10781732280563722,0.02274444529506675,0.22937409677673348,0.5846730257117552,-0.08555183103313235,0.17251291578942962,-0.22805527359957808
0.8742673603750282,-0.25371292558381664,0.13575173763574155,-2.1080939483802603,0.3583753011711212,-0.572816074470627,1.4284898796124579,-0.4016298069514391,-0.07965572663230136,0.3356980686896487,0.5994804892179515,0.5072331734752197,-0.37075139725342815,-0.01779279839501069,0.0008856011512025086,-0.4492381781301044,0.0606895340419783,0.23224518333373828
-1.2383778925913087,-0.018086525421388444,-0.06386706060066838,1.0224210012953372,-0.06004706100456854,-0.809429881843503,-0.054058694856046016,1.5309398689623084,0.4918372291131116,0.792313957017451,-0.05878529710678998,0.3666537706834784,-0.2770726290399772,-0.538693599436527,-0.19534789762516147,-0.1516873927719866,0.18368784321152243,-0.512757298297323
-2.061755709110124,-1.1217938393357054,-0.375956774374435,-0.21871923075917477,-0.04205510328467503,0.36951380630540165,-0.5938256400153092,0.7025409567032226,-0.35293535331098375,0.09206594138118027,0.9133197229669743,-0.41129766601195467,0.13961874787624345,0.29807560904616304,0.027981558568403897,0.2629045813028484,0.21659588700219157,-0.07845658829120303
-0.5231579170919873,-1.2977517591869738,0.009261604891087627,0.18619847408500645,-0.25108215594564026,0.7510858377096867,0.268171408023794,0.6689858323302755,-0.6485848550011376,-0.17853696861488658,0.6488551007212693,-0.8693173034031987,0.39053079068255636,0.24993488932569707,0.21740413244163304,0.34422867378196614,0.23794458536237428,-0.1682255271893682
-1.3696669508300032,-0.9798420621876855,-0.3719532854730336,-0.9807117646316306,-0.004484189826448451,0.17535397178057993,-0.05863041798611217,0.8375991491045847,0.08531576800554679,0.22728378924501907,-0.13841075638506767,-0.2047885515813737,0.13009743873792018,0.30726877569171296,-0.11416741428695609,0.17187683826427308,0.20107241328345038,0.12589225735225978
-0.8733986242158123,3.7784836004337645,-1.342309893057323,0.26458748211012006,-0.22492981823650998,1.1699240295732616,0.3175102787757992,0.4262523412855604,0.1369287392975055,-0.41651317657913955,-0.35422987189699007,0.080558461180193,0.04711203874975661,0.06468116351043118,0.07363736159253326,0.07197043224629196,-0.14878775114110893,0.2352164348639954
0.2161744406674143,-1.030500429467171,0.5130362535164898,0.09557145428814139,-0.6966317799675087,1.0645788035778103,2.1128961779580093,-1.1588834291477008,-0.048478336879836464,0.6074104378262751,-1.2619903648682749,0.1626296908595664,-0.045252436841391463,-0.3522184907405207,-0.1635756140541667,0.17949008780008474,0.1508785931010751,0.17297278545907252
-0.806078218852577,-0.7199853274908328,-0.5159750146618742,-0.3609130655709646,0.12499000889916571,-0.027272883436185794,0.24083634583789607,0.98907912974627,0.18857512485607814,0.5428954673094517,-0.04803787428555678,0.1603768399047861,-0.48285742570976853,-0.0494672672546268,0.5550312330910332,0.14789236922107446,-0.3726747969242056,0.37226549855151275
-0.5185358467701144,0.8711543947535575,0.3146920899355694,-0.4981390883927481,0.2681740263639469,-2.1247087899078547,-0.4326527905613685,-0.08001348958596585,-0.8621917987609811,-0.272379166462668,-0.27745699525295475,-0.34956411463981346,-0.27155027857563324,-0.1444750705899716,-0.13461997768525297,-0.28716733975988484,0.05771265713087936,0.17349138723827856
-0.7989531636220293,-0.4897145023422831,-0.47136406887080595,0.1336852177824962,-0.46262345687144124,-1.351688392864919,0.14825417583387052,1.1470308947662362,0.3434683921910516,0.3502959688861884,-0.20941337069622462,-0.29207501908071104,0.15525427733363784,0.22222743650785415,-0.06660466079102134,0.17248530113506338,0.16658178102602184,0.196238745196132
-0.4983850735950992,-0.2612718818211659,-0.06419136050062813,1.5058389123154805,-1.3277351828763488,-0.26567538310724864,0.30015177055785747,0.48731931089002994,-0.9783806142879584,0.8560229522305153,0.19076983593916608,0.3906975598955579,0.3691428215841033,-0.6866024187081206,-0.009250522772608127,-0.16332931904796127,0.14815462805799107,-0.7369346822755758
3.8527525522610526,-0.8900658273021198,-2.162200161939662,-0.5544421027055411,-2.0027694116163937,1.2371633782929492,-1.096091414879916,-0.9958392821054147,-0.39256432360167487,-0.20131341598032534,0.24015369359780192,1.036561980974739,0.22072173641701942,-0.4227630328876662,-0.10359096778733035,-0.5552064812624584,0.294465609735473,-0.07191735619809952
0.4190014203740574,-0.7481717083993995,-1.4790894082912387,1.9364409030581322,0.09219677501088257,-1.3078967709196179,-0.5381271617054696,-0.6262073457035064,0.04352409174209089,-0.1438252516273468,0.27426161952654016,0.15768853821541778,0.3776608628765674,0.1566065820334549,-0.29317538043157254,-0.26249841563594223,-0.3446487200652193,0.1937104834503947
3.306619266527626,-0.05393159652835178,0.9183546410337997,-1.0656540417429874,-0.10405505628762536,0.5900663352902166,1.012644994844152,-0.5503956952797131,0.011655678089230445,0.10815006407470787,0.11766423842370255,0.006809447498514254,-0.2182909474660823,-0.007310923259134405,-0.17522296286923572,0.153992265357982,-0.09634625681688147,-0.41695622990560466
-0.8733986242158123,3.7784836004337645,-1.342309893057323,0.26458748211012006,-0.22492981823650998,1.1699240295732616,0.3175102787757992,0.4262523412855604,0.1369287392975055,-0.41651317657913955,-0.35422987189699007,0.080558461180193,0.04711203874975661,0.06468116351043118,0.07363736159253326,0.07197043224629196,-0.14878775114110893,0.2352164348639954
0.7586801329171147,0.5662248335742287,2.523345527380755,0.5258970452979569,-0.5995898682968738,-0.5977510220494087,0.5786725994247995,-0.032742127832466744,0.2513583266645383,0.1048962702434372,0.04991540366259589,-0.15547031512976323,-0.24869859416860618,0.25032450977826426,-0.08406522288563323,0.135041189388534,-0.25918274149560155,-0.34177953243527515
-0.5610111623062315,-0.20657778907164026,3.091256039267731,-0.15253705345775526,0.2424780945095409,0.9354112193290158,-0.6084968427497545,0.5591107376326303,-0.5564963346348427,-0.0940619438846417,0.18085528050375332,-0.0006965826249341611,-0.19246702640432894,-0.04113704108950922,-0.13958111095847725,-0.1782924123828954,0.020533112153772737,0.1704991841386177
-0.7642322667328479,-0.21344222696459592,-0.46564226402939585,0.41144539307602146,-0.5757174204235732,-1.1184949764465966,-0.051064075409683954,0.21503801910935885,1.3300034637009617,-0.26565909019463607,-0.2525102878437953,-0.04307458047711005,0.47768726786488747,-0.15406704005366378,-0.15682613385177485,-0.682619395900717,-0.23056935571997061,-0.319231405112946
0.8782924760619077,-0.7102740972982273,-0.7876098708732218,4.904488188254541,2.40612046176255,-0.7533600156581222,0.34275498556824324,-0.07577847958856412,-0.0960536977106669,0.5267212670146851,0.123582414886648,-0.04628277369547967,-0.14800788543815688,-0.4273342665900796,-0.05635631637780125,0.10597624623350066,0.1616158537570518,-0.16490536957061194
-0.41755583449588823,4.495442266886815,-0.2093988323773634,0.039688450802332784,-0.02932069023313623,-0.23342409523147245,-0.08606021244723917,-0.0858295878238032,0.07988476427423295,0.05627108458624744,0.1425910334425431,0.08499225601496335,0.11653132591315574,0.08617838888333207,-0.0026609301246066086,-0.01979365929775001,0.42559770030507116,-0.05123229593983247
0.04876327372329026,-0.23275368253837248,-0.022895785447360817,-0.37853245036933425,-0.3416972356483742,0.42354200848764173,1.2247467063189508,0.8536938650175654,0.2647117278814929,-0.440325254547728,-0.25054328297887246,1.098063015352019,0.10684200714305742,-0.9975045629048627,0.32623441141938647,0.2667935584321817,-0.2602071120145051,-0.2816925930153316
-0.5280412086744715,-1.1370296616636935,-0.04503004344538408,0.6149161158850517,-0.5217973100955073,0.5946043109013716,0.04982287511605585,-0.22435061608273127,0.31967067600389026,-0.25406173569340396,0.5039783471604128,-1.1604919826587043,0.36196553673853393,-0.15721092716121837,0.5977252158223814,0.40550500561274033,-0.4662776787117755,0.2732029489054488
-0.9679567136913187,-1.0646190316404176,-0.9571497232124822,0.2955078620465949,-0.11243940753624108,0.2813508451519105,-0.21301210210976182,-1.2099948283612447,-0.17025181337344863,-0.695022316713552,0.3091161555005566,0.7012896895117045,0.46543389702498406,0.3469320578529619,0.017973229627966436,0.18450729828942664,0.14067791103104432,0.03541461836597465
-1.6901414896993971,-0.8333147713834095,-0.08920996186824981,-0.7170899289213887,0.035183608856960744,0.3809219709261894,0.1264741285781763,0.8921623978477973,0.12109337078232867,0.5126139095070369,-0.04246602367703428,0.2035613187185341,-0.530750558694447,0.3125846818920366,0.20726138201111688,-0.09007536704503638,0.197435405893143,0.10743085722876305
-0.03928131351167763,0.7607722195491592,0.8704427557176238,-0.09931171190949294,-0.04546226434641078,-1.3878282989983382,-0.20332746454746498,0.019509905222097085,0.7406468793607419,0.46543633666207385,0.5474239850933769,0.47084829470752676,-0.7682505244386596,0.21488849110721542,-0.5322436929239487,0.35607450634488164,-0.3287135615290743,-0.5421857955907432
-0.48435364019250843,0.47205064306679545,0.3245328122459108,-0.22047556985905475,0.1361162857332303,-2.0436587091643466,-0.6697497814355086,-1.0746471702864246,0.09106727269893998,-0.3609984118034123,-0.47727954365107905,-0.46847989326850376,-0.4209201622067085,-0.32540633755443105,-0.02550487992434336,-0.2546948743890559,-0.0004063119485596678,-0.20105759816860425
-1.0452514663883474,3.4019122782006628,-1.7041022763386309,1.363945897546642,-1.0914343506208009,0.470151520858063,0.16861056404021038,-0.31066034004248916,-0.9975515629545912,0.9576329010856243,-0.01885326067476023,-0.4249069229583939,0.19160873281775115,0.2054312460056733,-0.27087332901643696,-0.07877475321771354,0.02525098490850075,-0.14977213757556126
-0.9362950853127094,-0.8814975553779634,-0.9081919815304409,0.41348107249273225,-0.1993860821828462,0.5488131976894726,-0.14697408905565565,-1.1149451009174853,-0.20056779594840551,0.07171287185824404,0.39803396798037927,0.661541594897836,-0.28265113399905056,0.2681974045675498,-0.02352428743542123,-0.531040681280661,-0.27423265849435463,0.1457946626383702
1.7682933173103759,0.3349329740291994,1.3973077515947947,-1.0921374804499937,-0.38152913938179306,0.1524426855351283,1.7893992975984958,-0.7346679136985086,0.24500456661450393,-0.2849137039898403,0.14672629136665827,0.5320773966006982,-0.15433819797830267,-0.28307356623367363,0.5506875307264426,1.094300720619252,-0.3686909775905435,-0.33169289087141496
-0.9644066614674851,-0.5960185890879888,-0.8311176979644818,-0.38790209262611797,0.36428673645276594,0.004920579887998086,-0.28861055620986154,-0.7209239910284415,0.022952509091999668,-0.900003733739257,-0.9488006745492388,-0.4204868624798764,-0.5366966572421634,-0.09775598289549026,-0.2271163694634088,-0.3878786682509499,-0.1000082052568288,-0.13355408184445186
-0.7122231200968046,-0.7683424196870845,-0.46436376161340576,-0.0043197543989547255,-0.07060365230376024,0.5896568291209857,0.21104952090691587,0.4881228211573176,-0.4177532212093347,-0.21614683295169054,1.0567236859526306,0.2098296423369754,-0.4436014247677631,0.5526588373285471,0.06884122559678985,-0.35851961940819793,-0.08304523613126003,-0.026086643170776525
-0.6341487901760821,-1.0238053479370361,-1.19855496472629,0.4950462967602318,0.510554682097862,0.44429065579082505,-0.3891792446530631,-0.29535487016881595,0.49650561348782835,0.07166658752069952,0.7117165498494935,-0.6773247091120025,0.14075209488313284,0.1403196441765886,0.1130383567348528,0.0466766245648339,0.29700181937533654,0.10429944925211782
-0.9636978337523106,-0.5849600991607928,-0.7810439435676705,-0.685429866294138,0.47573343507132787,-0.1892675351342767,-0.06907731048622844,0.24281754665689018,-0.8536701189353153,-0.8328940605969279,-0.7702158053145471,-0.2005573549374518,-0.4673806631645585,-0.017148281001782062,-0.291081623668693,-0.31287520174861894,-0.1236501462356801,-0.1367120611084298
-0.8506453251144012,-0.7177365458074629,-0.5565590949960968,-0.7001593319850327,0.42250716562284224,0.12156343877730703,0.1549715090765555,0.8749303383839204,0.19828102389850816,-0.32858327215431304,0.0019868506449005063,0.2420008441548234,0.5324076027589119,-0.01005647704368684,-0.2668603412362394,-0.6395961967999894,-0.21276198950664593,-0.3640356597842893
-0.9740617419518535,-1.1720667054123826,-0.8640376808887522,-0.281688133642086,0.11014005228999339,0.21102877663337294,0.13132243585608722,0.504724929493001,-0.3654678548502806,0.11012746060605746,0.9003149464880089,-0.4540197068896467,0.17552254743659534,0.21516110810503086,0.006919094618662303,0.2033333044716767,0.2529737497187421,-0.0013179296430653742
-0.48046748903756326,4.331200023818486,-0.3276499682104425,-0.3820629465158508,0.4336776184718079,0.5555912707670952,-0.07712660768724149,-0.23132005638319278,-0.05005630887069282,-0.007541709745301189,0.19320352825517406,0.0977113474810744,0.14829287460163088,-0.09956633003224086,0.22917989795241844,0.17317395870658253,-0.0077365506406635864,0.12606664313247762
-0.2686953530066704,0.31063485846562255,0.7580921705561596,-0.4129104483732178,0.1061193370800194,-1.8134588228172361,-0.18678869484174623,0.4834268125751536,0.21024472580101194,0.4042378486741103,0.5680575414712616,0.5066940307667459,-0.41429192707061335,0.06510714877137902,0.11624566838387573,-0.34558558602300443,-0.049332181537218356,0.1530733787187955
-0.9101492211505052,-0.9067404709111055,-0.8044312545456067,0.17319696447062127,-0.20231150385032254,0.02118490171763779,-0.09413117464933635,-0.43223298117846215,0.6142365572300643,-0.5844655901963698,0.8568591067246587,-0.3303241943976251,0.10794663735996934,-0.14709368546902607,0.11710080784452226,0.06664718023280858,-0.6770131458506592,0.27646393243186923
-0.8733986242158123,3.7784836004337645,-1.342309893057323,0.26458748211012006,-0.22492981823650998,1.1699240295732616,0.3175102787757992,0.4262523412855604,0.1369287392975055,-0.41651317657913955,-0.35422987189699007,0.080558461180193,0.04711203874975661,0.06468116351043118,0.07363736159253326,0.07197043224629196,-0.14878775114110893,0.2352164348639954
-1.112660122529133,-0.8714273325759014,-1.1467753980959037,-0.2556929757633717,0.1575715961155914,2.2424251195002354e-05,-0.04630829910872522,-0.033066444755942476,-1.3358248648970208,-0.2904555546594102,0.12374858545068235,-0.796615580678413,-0.4097812776803599,-0.11790631002317314,0.1256013825329947,0.09412527241085256,0.28623657249963164,-0.35409010019145765
-0.8761062919039214,-0.8862514879262464,-0.7785575791332219,0.3855400487917181,-0.16139950063469277,0.4074075820847761,-0.2130258395538455,-1.285373966433003,-0.29435694870027135,-0.7179113207240263,0.394449346970957,0.6199664493053119,0.5913363888984392,0.36028852032135805,0.056005342900209254,0.1266478336398576,0.19169210135916948,0.28874645288152095
-2.1408447654195157,-1.1179939012536002,-0.33806351648384525,-0.20234979887883653,-0.020535687483783246,0.36373973720782093,-0.5354661122679731,0.6903376097303364,-0.35110757904401074,0.0903930343946758,0.9138982001465079,-0.4137626410350463,0.13752716973269602,0.3021955520856502,0.02573128424430071,0.2644814021136464,0.2148896436536718,-0.08141374209123883
-0.8250994531750308,-0.885599471997274,-0.4983062263605191,-0.7114250241728524,0.42830189124572987,0.02173881724790129,0.10855342447858403,0.7806089209058336,0.11668689111142487,-0.43231104533146014,0.006350555722779483,0.1420385188513145,0.11792316195239677,0.31591913712642195,-0.4097639115830254,-0.20366716968779489,-0.15691296901656954,0.2160601094399625
-1.9226910970067108,-0.8052204462127934,-0.40992577011272857,0.488245488046626,-0.35899712602001305,0.7102389555600634,-0.9996521792154877,-0.9438613727158938,-0.20530639405926077,-0.1964912712070875,0.38926128466109045,0.4265870928141081,0.21202958508266012,-0.12424062372621997,-1.0218401196789186,0.22519063694980762,-0.15848164119540348,0.008566407762285178
-0.9079751696853309,-0.6802874996091348,-0.674975770003738,-0.4807354264157164,0.21320738672245304,-0.14082991089398744,0.2014573245305507,1.0268594762970538,0.24472618656051465,0.3490796684168732,-0.14258743421375802,-0.15230937749576395,0.5796185991552114,-0.3522812477286335,0.3735367130099838,-0.012934447694016582,-0.4365027115853639,-0.21234705627572434
-0.970415989979057,-1.015149820098982,-0.8684059280225944,-0.0932975186350843,-0.09501226592107818,-0.11218389317127934,0.1516051611921896,0.594081311956502,-0.2907043814927624,0.1352172420616016,0.8955923187943504,-0.4793623076977173,0.19999808763523474,-0.09677482307761681,0.35022585125206174,0.4858228501563944,-0.3357110295947431,0.2118383135166954
-1.0447525439197303,-1.310779198990695,-1.0498108254789993,0.2951254601112077,-0.10161894963886862,0.32366997741940673,-0.21887747160625462,-1.1064789197892748,-0.23484099016362153,0.384231703630758,0.19150964542925264,-0.11915760634719913,0.35651738192695315,0.253480008581523,-0.07170249633444808,0.14611564903044144,0.05652771266598422,-0.007262282974263623
-0.9600520817795141,-0.42804321384739197,-0.7854121907015127,-0.4970392512871362,0.27058111686025615,-0.5124802049389288,-0.048794585150126066,0.3321739291203913,-0.778906645577797,-0.8078042791413839,-0.7749384330082058,-0.2258999557455224,-0.4429051229659192,-0.32908421218442996,0.05222513296470643,-0.03038565606390109,-0.7123349255491656,0.07644418205133102
-1.284748008975399,-0.6672178616024591,0.5629101843716753,0.7081696832448332,-0.8207776635023221,0.9513258688481321,-0.3530929229429528,-0.1660350220598381,0.4345845281414628,-0.46426606337926124,0.9234247991664037,-0.0020791327035608043,-0.44630265083764625,-0.818042423514858,0.1697285544150008,0.3408704014797462,-0.6636336310473416,0.0663179645926329
-0.43337606818057356,4.368749938651609,-0.1880115067700816,0.008272758304631159,-0.014352771646446175,-0.2519242830973339,-0.11812867206162483,-0.044886434701465666,0.04361389817957188,0.4829519458149153,0.16483618053623905,-0.3664874190014235,-0.015120645382535602,0.023015179114192152,-0.38942695369984487,-0.40235751197799013,-0.02349655529475636,-0.03244155762887485
-0.9130861454081272,-1.0525988662973103,-0.7499892530149532,-0.3127214242044005,0.11428751297931099,0.15020945650001524,0.1051193457381944,0.44215217404336854,-0.3371495441547688,-0.5424456985095847,1.0401666036530088,-0.08505208604712994,0.15278709123893497,0.24544994760732985,-0.29017120299416144,-0.1408388989495783,-0.11197030751602521,0.060149710008130575
0.007445104297997274,-0.025148190526798286,0.4568695840944379,-1.8625004940314849,0.2570706074394086,-0.20720792384864267,-0.2552215778475585,0.13809385404819566,0.0027541041394397725,0.1960488467125856,0.568295297715969,0.4152379004676748,0.4831332093840708,-0.7052172650312748,-0.7387895926300141,-0.17673289413853088,0.04933027187328676,-0.5257764766578088
-1.3805799670288343,-0.8373092030024518,-0.4941522890771153,0.32739861820750066,-0.13731493305913134,0.21349081459715613,-0.8975738061051983,-0.39821598195182056,0.3230566768561968,0.8073533418563419,-0.7456355922293338,0.5331346743420255,-0.3212580135992459,0.03544937345041044,0.503029372290491,0.12101313643429018,-0.59356688663744,0.3264723132911424
-1.0702984158591007,-1.1429162728008844,-1.108063694114577,0.3063911522990274,-0.10741367526175626,0.4234945989488125,-0.17245938700828314,-1.0121575023111882,-0.15324685737653826,0.48795947680790497,0.18714594035137366,-0.019195281043690227,0.771001822733468,-0.07249560558858575,0.07120107401233794,-0.28981337808175317,0.0006786921759076581,-0.5873580521985153
-1.2727435537185365,-1.1514344874979858,-0.8360366945183164,1.48071486251931,0.9317909717558356,0.4883326411619239,-0.5893117637621117,-0.7833031389581178,-0.18537131679208946,0.4094539322076983,0.26811515817007636,0.013532837618739857,0.1590544320351005,-0.15798394489995476,-0.656955783663398,0.5108504927876312,0.11695230910835486,-0.1281878623893505
-0.8055190072728389,-0.7841639068796178,-0.6857546816943266,0.17452084302048942,-0.07789856273524436,0.5792823958205175,-0.05044264876593968,-0.531199874145122,0.5931233393890096,-0.9584363558233608,0.8805146945538698,0.28567851253438237,0.04405348407411658,-0.2521810784051603,-0.45719585386638556,0.5312644511224791,0.4576547864070002,-0.03837384175605946
-2.1176579859788105,-1.0077573991198794,-0.2562137905848818,0.07318761090841676,-0.11610740748593655,0.4940027993660142,-0.7528478684322965,-0.34173304144889105,0.5551077116710315,-0.6307501859642067,0.875514430603886,-0.26578700242199377,0.04425194121063414,0.2547260928097407,-0.20826344119762188,-0.15295618652794535,-0.12710176819515367,-0.019652677602639612
-0.8860750497187571,-1.0050673111123463,-0.6123546542343181,-0.6803917336105378,0.4241544305564123,0.08255813738125899,0.13475651459647686,0.843181676355466,0.08836858041591304,0.22026211378418203,-0.13350110144222044,-0.22692910199120225,0.14065861815005715,0.28563029762412295,-0.11267361397020165,0.14050503373346007,0.20803108821819782,0.15459246978876656
0.32735288272497065,0.5040138932999969,1.6159620534222745,-0.5687675025456965,0.623156170555152,0.47369667536365834,-0.11290230979438406,-0.30332317346767407,0.10994024412372937,-0.3253118832554952,0.2697867839595465,0.29225380651823835,-0.25496326378966505,1.2778360814641063,0.5612399664411187,0.018292428968098906,0.035556697752487376,0.28005632021561694
-0.8104869696741372,3.9427258435020933,-1.2240587572242436,0.6863388794283037,-0.6879281269414542,0.3809086635746938,0.3085766740158016,0.57174280984495,0.2668698124424313,-0.3527003822475909,-0.40484236670962104,0.06783936971408194,0.015350490061281474,0.25042588242600405,-0.15820346648449174,-0.12099718575804058,0.2845464998046259,0.0579174957916852
-1.0246734302960367,-0.7044279382758651,-0.8950923714414696,-0.6543965757318235,0.4715859743820103,-0.12844821500091896,-0.04287422036833559,0.30539030210652257,-0.8819884296308271,-0.18032090148128563,-0.9100674624795471,-0.5695249757799685,-0.4446452069668981,-0.047437120504081,0.006008673944130738,0.03129700167263599,0.24129391099908737,-0.19817970075962568
-0.7391683586261699,-0.3993212801913386,-0.4385322319727322,-0.19134857232397673,0.053423824766974645,0.28893637452558607,0.31915722204098096,1.1147331898435353,0.2875486470649639,0.7244231175438198,-0.011223472134187118,0.399519596315845,-0.2394425692861585,-0.8556294153126576,0.08017887478507307,0.07650630600302827,-0.33163492006993545,-0.2907210633899493
-0.48435364019250843,0.47205064306679545,0.3245328122459108,-0.22047556985905475,0.1361162857332303,-2.0436587091643466,-0.6697497814355086,-1.0746471702864246,0.09106727269893998,-0.3609984118034123,-0.47727954365107905,-0.46847989326850376,-0.4209201622067085,-0.32540633755443105,-0.02550487992434336,-0.2546948743890559,-0.0004063119485596678,-0.20105759816860425
-0.7989531636220293,-0.4897145023422831,-0.47136406887080595,0.1336852177824962,-0.46262345687144124,-1.351688392864919,0.14825417583387052,1.1470308947662362,0.3434683921910516,0.3502959688861884,-0.20941337069622462,-0.29207501908071104,0.15525427733363784,0.22222743650785415,-0.06660466079102134,0.17248530113506338,0.16658178102602184,0.196238745196132
-1.047383621905238,-0.5587050800291875,-1.067607007163184,-0.26746192026296667,0.1751285701154997,0.02920071595038745,-0.07881058913642294,-0.10145148329412201,-1.3190488109189937,-0.8957132476416945,0.2607016344629809,-0.46161064292452175,-0.4144636848124575,0.1276746569381907,-0.1910143146658909,-0.1558196910761786,-0.1615473323662669,-0.39127194430107354
-1.8406037088458451,-0.7238010140873088,-0.11749585065938994,-0.10648195818357183,0.4264525301443098,0.34377087998066946,-0.6682256255517469,-0.022329892500240645,1.0483187176061497,-0.9532134712234963,-0.17627269921806038,0.40347969755397567,0.14366971688349867,0.3837185207657555,0.06160566886145452,0.15367056263204232,0.27736678483960575,0.1272685056650032
-0.7337929467333305,-0.28238863098392986,-0.5296381065524367,0.6638592727189067,-0.8814703964814075,-1.0521552368930944,0.2364825724952905,0.7615993102591039,-0.020335795202322357,-0.5415491325665204,1.0321950421556307,0.7139302145838069,-0.3489568623402581,0.22204866256409883,0.4670618641880928,-0.0013969890648383165,0.3036535350627081,0.08752203270752362
-0.44233870758649485,-0.156322863229702,0.4448002886832707,-1.1846884170161178,0.9829550381956677,-0.21856835090829407,-0.12766518136327556,0.3364717670921023,0.008420736117444969,1.0305049258648933,0.49975444848238704,0.30283465231724704,0.008332310749981364,-0.22775444378475995,0.5101705831643053,-0.46932267711554737,0.30121216239964876,-0.5301363055640177
-0.8352698427647439,-0.7090392866144228,-0.5698596361636097,-0.5380379883901467,0.3243476014873497,0.39576440789787215,0.2669717050997652,0.9940441647608556,0.1954057842856433,0.6215334590310548,-0.04767895166977715,0.28568176601636563,-0.0928485251018929,-0.06350695024208786,0.35462804680442006,-0.5705262035758379,0.16016096189920337,-0.4209865138324999
2.1148802320250306,0.5030152455785601,2.193145475076518,-0.4139590525191541,-1.5474304969948314,-0.6044799334284531,1.6389455807017566,-0.4454221034402592,0.15746821955306367,0.10780310849775501,-0.02288914269311365,-0.33637155344128017,-0.2615088590796204,0.28702882493045845,-0.2148559757819668,0.0721782348711314,-0.2816645099438149,-0.20852811574818397
-0.8503802216555391,-0.7090974284782372,0.9253160800541209,0.8219243563896843,-1.045861170850277,1.1665138661541727,-0.3022579587966714,-0.1433439004906309,0.258379970657273,-0.7806252938539251,0.6930839767900556,-0.6780906980366357,0.6388042877890282,-0.7519828436309516,-0.014366970503249976,-0.061408551443131176,-0.740718223249326,-0.22830453844734053
-0.8614645416860721,0.04602654791727967,-0.7115144382082514,0.4575905512646178,-0.5374590695617777,-1.4108257624923186,-0.24304443535808232,-0.45801792574000894,0.3143231869617994,-1.1966507398659185,-1.0469580908969391,-0.034153104552998304,-0.3904490267628914,-0.09799563424261898,0.20571860729100977,0.026665451830893694,0.30763674315082257,-0.11069854474804411
-0.7943281452681541,-0.8633246799298584,-0.5267327573064097,-0.2245651588833496,0.24693627342854696,0.49313088883589984,-0.05287393952204285,-0.08922721871068703,0.9823705978650303,0.23095231769907387,-0.27090786344766365,-0.30767817842607686,-0.09972696031045261,-0.275163938157507,-0.666464288417664,0.43004453112527746,0.3285619265413957,0.07485965633553421
2.4425916832529353,0.4844444311837266,2.0189831679944543,-0.03491290743220103,-1.0553864107993949,-0.6863514029606711,1.7509883175335463,-0.4045392285492327,0.16408586321544982,0.09561027941102421,-0.014208097178968482,-0.3555694581644185,-0.2567322357903184,0.27867490131986006,-0.2100094048773964,0.046277981590941986,-0.2814421394953764,-0.1895429161345663
-0.5707666985740616,-0.03224367577607201,0.2336159812792098,-1.332080294920109,1.134340871779646,-0.8036002939404429,-0.4637141969492692,-0.414754851011863,-1.0406551671035136,-0.4239225937630895,-0.22278240516238312,-0.1834044686365704,-0.36619982731268425,-0.18139577454445416,-0.13553908730880787,-0.2116716752883284,0.017401054264765237,-0.24586185283994755
-0.30049758328995835,-0.3874418405737312,2.736004305904122,-0.08685583423329028,0.10015673846646754,0.9391363479531694,-1.1211614084875188,-0.3813825048323222,0.2944679359746343,-0.231319799885334,-0.0415143303188692,-0.3488069280688391,-0.08129874293322686,0.3397861895286449,0.5521562930835228,-0.6251423034185067,-0.045111626841207064,0.2701450953878595
-0.41755583449588823,4.495442266886815,-0.2093988323773634,0.039688450802332784,-0.02932069023313623,-0.23342409523147245,-0.08606021244723917,-0.0858295878238032,0.07988476427423295,0.05627108458624744,0.1425910334425431,0.08499225601496335,0.11653132591315574,0.08617838888333207,-0.0026609301246066086,-0.01979365929775001,0.42559770030507116,-0.05123229593983247
-0.9740617419518535,-1.1720667054123826,-0.8640376808887522,-0.281688133642086,0.11014005228999339,0.21102877663337294,0.13132243585608722,0.504724929493001,-0.3654678548502806,0.11012746060605746,0.9003149464880089,-0.4540197068896467,0.17552254743659534,0.21516110810503086,0.006919094618662303,0.2033333044716767,0.2529737497187421,-0.0013179296430653742
-0.056900413965981056,-0.1319024352398941,2.150664195369461,0.6616060008342975,1.6615268830731198,0.6626580445762403,-0.2959476367634487,0.6511178176176593,-0.42968951578988557,0.6679796223646972,0.1435239317345618,-0.1920708003743215,-0.12541626565492175,-0.1583654063721729,0.2589516238097096,0.4156036158475174,0.2806533918165125,0.00417656660250032
-0.8614645416860721,0.04602654791727967,-0.7115144382082514,0.4575905512646178,-0.5374590695617777,-1.4108257624923186,-0.24304443535808232,-0.45801792574000894,0.3143231869617994,-1.1966507398659185,-1.0469580908969391,-0.034153104552998304,-0.3904490267628914,-0.09799563424261898,0.20571860729100977,0.026665451830893694,0.30763674315082257,-0.11069854474804411
-0.5549464648893763,0.09444865245913303,0.21222865567192795,-1.3006646024224073,1.1193729531929557,-0.7851001060745814,-0.43164573733488354,-0.45569800413420053,-1.0043843010088525,-0.8506034549917574,-0.24502755225607917,0.26807520637981647,-0.2345478560169929,-0.11823256477531424,0.25122693626643045,0.17089217739191181,0.46649530986459287,-0.2646525911509051
0.17409666521354117,-0.3750066309771103,0.14261194430245694,-1.3457935553020104,0.36520332346700374,-0.11693742700385772,-2.479411014445619,-0.3814686311818522,0.7804670549312331,-0.07391909243866454,0.37595377389587536,0.03497469520200375,0.15825002080628792,0.06740180532500673,-0.12063243623675723,-0.1498298771701649,0.008167853994323404,0.09355128855616351
-0.8104327985405481,-0.8879607027314294,-0.5616805219248433,-0.25177590690994633,0.21869562849167545,0.49012790139074114,0.0010203747781605543,-0.06401879040256295,0.9904342795258747,0.45069601271157855,-0.22190011582658992,-0.03421006682956784,-0.5766489599860127,0.18186096203431257,0.27568973066291824,-0.20960064296597436,0.23965192336813101,0.16226723465572973
-0.1067770375924118,-0.1646952186236832,2.107311790235693,-0.08962457799982897,1.1293343065085018,0.43803229358718,-0.31367383687152817,0.49220730546417385,-0.30983438260288015,0.00993947108232976,0.34054928032725695,0.3088816279012804,-0.19213360909913274,-0.4783769472885584,-0.08349741227143437,0.028189329779672534,-0.09136856228026308,0.1582266293795555
-0.48046748903756326,4.331200023818486,-0.3276499682104425,-0.3820629465158508,0.4336776184718079,0.5555912707670952,-0.07712660768724149,-0.23132005638319278,-0.05005630887069282,-0.007541709745301189,0.19320352825517406,0.0977113474810744,0.14829287460163088,-0.09956633003224086,0.22917989795241844,0.17317395870658253,-0.0077365506406635864,0.12606664313247762
0.5657989639861136,-0.4099968753195262,-0.8550567590987614,-1.1310773033704555,-1.8204081246129393,-1.2414408482290753,1.6555253031746473,0.5819313789457192,0.3157611614243265,0.7361790609250143,-0.1783864574988236,0.07875905110673748,-0.4258474189122479,0.02958042023097518,0.18558654642465777,-0.16526471560864672,0.2538570476277885,0.3309951354589313
-0.9636978337523106,-0.5849600991607928,-0.7810439435676705,-0.685429866294138,0.47573343507132787,-0.1892675351342767,-0.06907731048622844,0.24281754665689018,-0.8536701189353153,-0.8328940605969279,-0.7702158053145471,-0.2005573549374518,-0.4673806631645585,-0.017148281001782062,-0.291081623668693,-0.31287520174861894,-0.1236501462356801,-0.1367120611084298
-0.42852256602398525,-0.1759661632991525,0.511985451352519,-1.1696848377918216,0.8817570097429762,-0.9158066113629172,-0.26580073664835424,0.21239290570058153,0.004465316300744759,0.0017502029579223033,0.5490613281812851,0.13384880434412533,0.2435795380029102,-0.16026428759889783,0.08908538141025923,0.18002590245721356,-0.6045465478296095,0.3200665608682057
-0.8250994531750308,-0.885599471997274,-0.4983062263605191,-0.7114250241728524,0.42830189124572987,0.02173881724790129,0.10855342447858403,0.7806089209058336,0.11668689111142487,-0.43231104533146014,0.006350555722779483,0.1420385188513145,0.11792316195239677,0.31591913712642195,-0.4097639115830254,-0.20366716968779489,-0.15691296901656954,0.2160601094399625
-0.9485864277827998,-0.4693262608527837,-0.8525050235717636,-0.35648640012841626,0.3493188178660758,0.023420767753859525,-0.2565420965954759,-0.7618671441507792,0.05922337518666075,-1.3266845949679247,-0.9710458216429347,0.030992812536510483,-0.405044685946472,-0.034592773126350285,0.15964965411182952,-0.00531481557070973,0.3490860503429988,-0.15234482015540948
0.08668250588382365,-0.23513695079302543,2.8141059533808193,-0.30154290489786373,0.2446218540048098,0.8200444887277042,0.06793257473515991,0.3576003727494648,-0.5660336349974179,-0.07755398268288491,0.168153488779889,-0.03463427211586373,-0.16789319257819196,-0.10041345753763536,-0.16315372129969086,-0.21714034732004361,0.04745829924543099,0.22407571506165275
-0.48046748903756326,4.331200023818486,-0.3276499682104425,-0.3820629465158508,0.4336776184718079,0.5555912707670952,-0.07712660768724149,-0.23132005638319278,-0.05005630887069282,-0.007541709745301189,0.19320352825517406,0.0977113474810744,0.14829287460163088,-0.09956633003224086,0.22917989795241844,0.17317395870658253,-0.0077365506406635864,0.12606664313247762
-0.8860750497187571,-1.0050673111123463,-0.6123546542343181,-0.6803917336105378,0.4241544305564123,0.08255813738125899,0.13475651459647686,0.843181676355466,0.08836858041591304,0.22026211378418203,-0.13350110144222044,-0.22692910199120225,0.14065861815005715,0.28563029762412295,-0.11267361397020165,0.14050503373346007,0.20803108821819782,0.15459246978876656
1.0151163620631154,0.12406590685614338,1.9529306400848745,0.5923611290560408,0.3283424969971233,-1.274354451511612,0.8476131145022724,0.485826521452462,-0.2158574728642218,-0.16335538551044912,-0.014446079227838082,-0.46606862839686997,1.1795179884435987,-0.2265287314837076,0.38483460596524366,-0.772266798050182,-0.03803454270038903,-0.19267216314005048
-0.4962877227222486,4.20450769558328,-0.30626264260316066,-0.41347863901355253,0.448645537058498,0.5370910829012338,-0.10919506730162712,-0.19037690326085524,-0.08632717496535389,0.41913915148336656,0.21544867534887002,-0.35376832753531245,0.016640903305939536,-0.16272953980138083,-0.15758612562281987,-0.2093898939736576,-0.45683080624049116,0.1448573814434353
-1.3854694145509165,-0.6256626659938014,0.2455623328862877,1.9708880323083684,-0.9264735940183418,-0.6332227730930067,-0.6193109849213935,-0.5591060747583632,-0.1229135849051806,-0.8253179336868669,0.03247908132342081,0.389407137183423,0.7300790492617867,0.2253405318376468,0.3789655637718883,0.40445686520722096,0.13498799684102814,-0.18366573836667752
-0.4870388862799733,-0.3449032139556605,0.30919322828883233,-0.7498461665478279,0.8601824074384957,-0.46145255290636966,-0.6042149098324129,-1.529110479167533,0.09659957372454668,-0.17591619670158906,-0.17726649227750876,0.9455331807110303,0.53175080359032,0.253153753829382,0.05392305739898762,0.22288255401150064,0.23678645003094523,0.08217522606628891
-0.48046748903756326,4.331200023818486,-0.3276499682104425,-0.3820629465158508,0.4336776184718079,0.5555912707670952,-0.07712660768724149,-0.23132005638319278,-0.05005630887069282,-0.007541709745301189,0.19320352825517406,0.0977113474810744,0.14829287460163088,-0.09956633003224086,0.22917989795241844,0.17317395870658253,-0.0077365506406635864,0.12606664313247762
0.5081665499644313,-1.0657797757207355,-1.2291668675407625,-1.5983876054121455,-0.6164307342880107,0.1999634969672483,-0.46004049370945366,0.8304996716897874,0.04311387839672745,0.2747422170282561,-0.16511311517949118,-0.18504196074604345,0.18748233823257499,0.1858410184724003,-0.09923097952098425,0.125029802926849,0.25871821077887247,0.21197064686044514
0.4698461118593772,-0.2522071963420347,2.086003007935741,0.3093122344507389,0.16126411163955595,0.8002191872575742,-0.3267780484560381,-1.3416990042573036,-0.41209322375032,-0.21007974866893772,-0.3033586708093343,0.7659142699190011,0.07252863183813463,0.019655166504705557,0.06655577295644671,0.0073980229108865925,0.3654245971300992,0.2263179074950839
-0.9101492211505052,-0.9067404709111055,-0.8044312545456067,0.17319696447062127,-0.20231150385032254,0.02118490171763779,-0.09413117464933635,-0.43223298117846215,0.6142365572300643,-0.5844655901963698,0.8568591067246587,-0.3303241943976251,0.10794663735996934,-0.14709368546902607,0.11710080784452226,0.06664718023280858,-0.6770131458506592,0.27646393243186923
-1.4499137381219154,-0.19817780906882398,0.9024896689878172,0.1872098651897618,-0.30493668150299774,0.8305917381531036,-0.22514001977158418,1.3980272017410014,0.2397701607902042,-0.6015825149859909,-0.29308041829667336,1.058616141325938,0.16829880368624817,-0.9749215777689504,0.5119589210296662,0.4455489363193577,-0.367733446974855,-0.5376208017260761
-0.8052549308926923,-0.8911004859945859,-0.6275941428577465,0.0076987204496536815,-0.04964350966548496,0.6407950620529463,0.24902233336651744,0.5925986430394827,-0.32264539434583134,0.4854709097330042,1.0316789085675797,0.09780926692196229,-0.6435386210047744,-0.2881870594789932,-0.2864387436062484,0.29277405816872154,0.35784154123417067,-0.07969193675729033
-0.8104869696741372,3.9427258435020933,-1.2240587572242436,0.6863388794283037,-0.6879281269414542,0.3809086635746938,0.3085766740158016,0.57174280984495,0.2668698124424313,-0.3527003822475909,-0.40484236670962104,0.06783936971408194,0.015350490061281474,0.25042588242600405,-0.15820346648449174,-0.12099718575804058,0.2845464998046259,0.0579174957916852
6.962103210650255,-0.2988460204863075,-2.008208637721501,1.8686663887594457,0.2108855403915595,-0.4566532395825472,0.31422062123220484,1.0748354704202046,0.49573972418712947,-0.24148063040826748,-0.5850703834911459,-0.1685168411791405,-0.3421171189507022,0.12582107846245172,-0.3631035741462273,0.0028472599443554736,-0.2743928062160328,-0.26336145850527504
-1.3940770096252244,-0.9114511345271523,0.47492089557030304,1.2283622651428399,-0.46234785005409335,1.4009845091578161,-0.43671550150115046,-0.8208285850551473,-0.5040788360247695,0.48361225680260644,0.21069658835092997,0.0695500185722912,-0.1209908611808185,-0.29875059797839076,0.03249155434305945,0.17120946481141358,0.05243508895506621,0.10304525516707369
-0.4481271181339378,-0.23729962156118378,-0.8301704256977337,0.18796522066815857,-1.6018136598008055,-1.2014994165910733,1.6169070045383394,-0.41750186244794124,-0.803204079924283,-0.11850867702657489,0.4434642083612318,1.2160880253359627,-0.03731587812616577,0.2686219741357382,0.2798555290573259,-0.06736908726105029,0.15475195628722394,0.22166775600706395
-0.9925670505823995,-0.40331139297124574,-0.8542214141991972,-0.6671290163828706,0.4678309452842078,-0.11668664371806074,-0.05676794372305348,0.24038305005100932,-0.873158306498258,-0.7903833053235251,-0.7937289947787427,-0.2014743172389924,-0.43582213883443655,-0.009558090821952026,-0.27021120758467815,-0.3707571184413629,-0.09744535433233342,-0.04963954074997706
-0.4197519508968472,0.2840128643338542,3.0330309361633967,0.022027228009520908,0.17007746490300485,1.2346547185480972,-0.6632376039703914,0.05804890457184822,-0.05501582721439971,-0.06334786682054125,0.11614500874391886,-0.20968543288032865,-0.35730299032390744,0.8041229625933136,-0.189839943199617,0.25305195602506597,-0.43857701281356104,-0.5405186812145224
1.8998796962533777,-0.13789120578766778,1.9764201771301477,-1.3443855066666324,-0.5477426036525274,0.6114362949576767,1.5806302851175154,-0.8138671161945767,-0.12064112164945853,-0.32287698190587666,-0.03655294026675121,-0.6852026722854871,0.3698004348616415,0.3790099851272992,-0.5862373400129779,0.3193010887369892,-0.24897629582421305,-0.2610183971801956
-0.4685334065078231,0.5987429713020006,0.30314548663862895,-0.1890598773613531,0.12114836714654025,-2.025158521298485,-0.6376813218211229,-1.115590323408762,0.12733813879360106,-0.7876792730320803,-0.499524690744775,-0.017000218252116894,-0.28926819091101713,-0.2622431277852911,0.3612611436508949,0.1278689782911842,0.44868794365126796,-0.21984833647956187
0.611175108099875,0.12540461287574,2.485932022971678,-0.2219734511003546,0.3808585064869628,0.899252722920234,0.0449445698386844,0.4106490124105929,-0.6489192102878076,-0.05116401312242355,0.1881222248813541,-0.14082203124756526,-0.0730638167824223,-0.03103521490949379,-0.2026164267497344,-0.348904100166174,0.14111621746754455,0.6315612079370172
-0.6875302988867843,-1.053685561905681,-0.8632383834969863,-0.18466598197787187,-0.02976158379656195,0.4370060924611906,0.06887882027894236,0.5934554892446211,-0.3420035056811214,0.4074545352468123,0.9895029797800474,-0.034177728421089515,-0.4685875552625143,0.1873800937178306,0.33857541519144174,-0.06907136701787175,0.26625012225475153,0.0008640911397727602
-0.6280965431449912,0.00520537042225655,0.1151993062715686,-1.1126563893507928,0.9250410928792564,-1.0659936436117374,-0.41722838149527386,-0.26282571309872943,-0.9942100044415072,0.25374034680809665,-0.36735669002104165,-0.5777146902871577,-0.3189888309163845,-0.5236205452294009,0.5048579669374154,0.41499007381764447,-0.2063396678139528,-0.09417324933138263
-0.8860750497187571,-1.0050673111123463,-0.6123546542343181,-0.6803917336105378,0.4241544305564123,0.08255813738125899,0.13475651459647686,0.843181676355466,0.08836858041591304,0.22026211378418203,-0.13350110144222044,-0.22692910199120225,0.14065861815005715,0.28563029762412295,-0.11267361397020165,0.14050503373346007,0.20803108821819782,0.15459246978876656
-0.8381484363204343,-0.577258437572522,-0.5928710225993277,-0.6617084817638831,0.4054314828719197,0.11281989652997866,0.1529312508561447,0.7372312711776152,0.13346956964314327,-0.8164811512867252,-0.03940778083511215,0.5926012315661607,0.28113365757821007,0.38667253707539195,-0.0021274719237722173,0.12101476629970126,0.3183860784866047,0.28434189148745764
-0.4894981625677115,-0.2954340024142248,0.39793702347872006,-1.1386515472295071,0.8776095490536585,-0.8549872912295594,-0.23959764653046148,0.27496566115021376,-0.02385299439476707,0.6543233620735645,0.40920967101628514,-0.23511881649839145,0.2663149942005707,-0.19055312710119676,0.38617567902308303,0.5241981058784684,-0.23960249059484212,0.2585989212170097
-0.48046748903756326,4.331200023818486,-0.3276499682104425,-0.3820629465158508,0.4336776184718079,0.5555912707670952,-0.07712660768724149,-0.23132005638319278,-0.05005630887069282,-0.007541709745301189,0.19320352825517406,0.0977113474810744,0.14829287460163088,-0.09956633003224086,0.22917989795241844,0.17317395870658253,-0.0077365506406635864,0.12606664313247762
-0.5549464648893763,0.09444865245913303,0.21222865567192795,-1.3006646024224073,1.1193729531929557,-0.7851001060745814,-0.43164573733488354,-0.45569800413420053,-1.0043843010088525,-0.8506034549917574,-0.24502755225607917,0.26807520637981647,-0.2345478560169929,-0.11823256477531424,0.25122693626643045,0.17089217739191181,0.46649530986459287,-0.2646525911509051
-0.7938836186835156,-0.29268060407880725,2.2827231861623556,-0.2647305687961553,0.22973320791695062,0.8418375632911713,-0.5324353029536402,-0.39071118582494496,0.48447169891693004,0.6364385512953923,-0.12882138201500093,-0.3616361242100982,0.37266609995063193,-0.2884960237983512,1.0253340136633098,-0.521976559346774,0.39107314358469647,-0.6378836607611522
-0.9137949731233017,-1.0636573562245057,-0.8000630074117645,-0.015193650536380457,0.0028408143607490804,0.34439757152229,-0.11441389998543874,-0.5215893636419633,0.5394730838725461,-0.6095553716519139,0.8615817344183174,-0.3049815935895545,0.08347109716133005,0.16484224571362172,-0.2262059487888772,-0.21584236545190927,-0.08832836653717391,0.06330768927210845
-0.9645626398886793,-0.23660668469076618,-0.8917363848585924,0.527350685067348,-0.7250588306229446,-1.495043426128341,-0.05901372798922447,0.20821001820519522,-1.0524067424263701,-0.812994858673046,0.18768797336167786,-0.49279387692540505,-0.4179210746944397,-0.15102033163714296,-0.1254199619006488,-0.21806666360879895,-0.12015679192731188,-0.25097618513289643
-0.6249821460799365,-1.0526754182759037,-0.1635141861665812,0.2507104331996817,0.025182513097572676,0.685815645780929,-0.10870394384201579,-0.6110793328585555,0.16180083636442633,0.461927137415145,-1.1384087765815907,0.15779602643870594,0.3642350369851215,-0.3312202419302393,-0.6184024014670285,0.6285171817348538,0.06590896197969409,-0.01655070720600199
0.27239754540486716,-0.7438931493815855,0.5219844564070253,0.12109484616828102,-0.2683536836383399,1.3337058578434196,0.15353234966791887,1.3026622080638508,-0.11206802518873163,0.4280541356288359,-0.5481140266670608,0.0392195081502964,0.16983117662065927,-0.63648283797643,0.09720411418085356,-0.18733491159248225,0.3981262324847904,-0.6732264326291622
-0.623547603088145,-1.27893744408027,-0.20944725792175567,0.5038966177641909,-0.36148862152918443,0.7797809977609418,0.19602386635420385,0.06025052898787517,-1.3129657607090401,0.5019506916207384,0.25338089250599627,0.21761768287554864,0.07957378164679058,0.17537240028634893,0.3986624662701572,-0.06604160653877461,0.12235926649255036,-0.2026669160999319
-0.43216831799678174,-0.33288304861255313,0.5163536984863613,-1.3580754527988232,1.0869093279540478,-0.592593941558265,-0.28608346198445667,0.12303652323708039,-0.07029815705677345,-0.023339578497621777,0.5537839558749436,0.1591914051521959,0.21910399780427092,0.15167164358374996,-0.25422137522314026,-0.10246364322750429,-0.015861768516124253,0.10691031770844478
3.3141968133180146,0.4364507030237603,1.5659661878707472,0.6644705769805462,-0.14684039123860393,-0.8302432114477306,1.805415454956037,-0.28906002788838975,0.1680650265616297,0.08269707575225996,0.0007743878727845543,-0.38817867470919293,-0.23898018123888554,0.24133862888091007,-0.19605681374794015,-0.020026150675524657,-0.27746288107382683,-0.1284040826693353
-0.5531851102001625,-0.10808202221224383,-0.21287833633018632,-0.7195925711767956,-1.413894360471525,-1.3112015515970357,1.972230940839785,0.47134684576397107,0.4152603120410586,-0.38595585432788904,-0.04275538794949235,0.8869898880676399,-0.3578446297897798,0.21706111683350138,0.26788350545321493,-0.0782633748853298,0.3040482130547627,0.2911403276746008
-1.7760959539613022,-0.9632891546667997,-0.21013476091019384,-0.6997661907637756,0.20320856741432586,0.23170377422834892,-0.5362321999745642,1.012017320208797,0.09790572438453464,0.2057691221193494,-0.1242856590856421,-0.1855043532994612,0.1107502285310481,0.3564589770341243,-0.09309314737315372,0.19744523577412182,0.17969815766520092,0.08329476502880767
-0.9925670505823995,-0.40331139297124574,-0.8542214141991972,-0.6671290163828706,0.4678309452842078,-0.11668664371806074,-0.05676794372305348,0.24038305005100932,-0.873158306498258,-0.7903833053235251,-0.7937289947787427,-0.2014743172389924,-0.43582213883443655,-0.009558090821952026,-0.27021120758467815,-0.3707571184413629,-0.09744535433233342,-0.04963954074997706
-0.974770569667028,-1.183125195339578,-0.9141114352855635,0.015839640025934063,-0.0013066463285685143,0.40521689165564767,-0.08821080986754587,-0.45901660819233087,0.5111547731770343,0.04301778746372828,0.7217300772533173,-0.6739492144320713,0.10620655335899049,0.13455340621132272,0.07088434882394651,0.12832983796934577,0.2766156906975934,0.0018400496209124984
-2.0035101592371998,-0.9785648977822266,-0.4568314265268485,0.2565895986645849,-0.3726997781035029,0.24428306668679944,-0.8332798614808037,-0.16333155241888836,0.5974281682014468,0.050801939087144005,0.7296555915683423,-0.6547888918325444,0.09609206794917219,-0.09678713336341399,0.43694072758145075,0.4698996072562241,-0.3471859756353105,0.13902045656310685
-0.7428141105989663,-0.556238165504739,-0.43416398483889,-0.37973918733097844,0.25857614297804626,0.6121490443302382,0.29887449670487853,1.0253768073800342,0.2127851737074457,0.6993333360882759,-0.006500844440528619,0.4248621971239156,-0.26391810948479777,-0.5436934841300098,-0.26312788184832636,-0.2059832396816896,0.25704985924354984,-0.5038773065497102
-0.9711248176942315,-1.0262083100261779,-0.9184796824194057,0.20423025503293568,-0.20645896453964013,0.08200422185099551,-0.0679280845314435,-0.3696602257288297,0.5859182465345525,0.06810756891927236,0.7170074495596588,-0.699291815240142,0.13068209355762977,-0.17738252497132506,0.41419110545734594,0.4108193836540635,-0.3120690886158918,0.21499629278067328
-0.9018966837428615,-0.8592070435055581,-0.8106618820066656,0.3163015522850013,-0.2021701450239765,0.6513371361311739,0.17161260055705138,0.0009324689707589096,-1.1184190933038771,0.876563304648173,0.3616733105741926,0.5286616756699247,0.25743477606893395,0.10761904874710548,0.40664406406808173,-0.5845997886650094,0.11500646211629939,-0.491030380522136
-0.9607609094946886,-0.4391017037745879,-0.835485945098324,-0.19951147761911614,0.15913441824169422,-0.31829208991665403,-0.2683278308737592,-0.6315676085649404,0.09771598244951794,-0.874913952283713,-0.9535233022428973,-0.445829463287947,-0.5122211170435241,-0.4096919140781381,0.11619038716999064,-0.10538912256623206,-0.6886929845703142,0.079602161315309
-0.9824677020471985,-0.6165049741036259,-0.9169993543542536,0.8229403300240415,-0.8827448640710479,-1.2049400463196402,0.06057151995274364,0.2554332537849137,-0.7747696736287144,0.6851030050522405,0.289818540332061,0.13558830940922534,0.8549134759946534,-0.0552907648111462,0.053304772986233984,-0.18282964417781883,-0.06441255599511964,-0.548869756055128
-0.8733986242158123,3.7784836004337645,-1.342309893057323,0.26458748211012006,-0.22492981823650998,1.1699240295732616,0.3175102787757992,0.4262523412855604,0.1369287392975055,-0.41651317657913955,-0.35422987189699007,0.080558461180193,0.04711203874975661,0.06468116351043118,0.07363736159253326,0.07197043224629196,-0.14878775114110893,0.2352164348639954
-0.7337929467333305,-0.28238863098392986,-0.5296381065524367,0.6638592727189067,-0.8814703964814075,-1.0521552368930944,0.2364825724952905,0.7615993102591039,-0.020335795202322357,-0.5415491325665204,1.0321950421556307,0.7139302145838069,-0.3489568623402581,0.22204866256409883,0.4670618641880928,-0.0013969890648383165,0.3036535350627081,0.08752203270752362
0.5143997438810525,-0.5208209815772111,2.2460249272147843,0.3660091780809269,0.14434100185662846,0.9595752095608583,-0.2966159926562716,-1.1688742244371777,-0.46997421286405433,0.8540038168195038,-0.6817724125058349,-0.07391382263390028,0.05061258435212529,-0.12332871900605186,0.06100212346560435,0.045526379687005514,0.22785332759126364,0.18644225028376243
-0.974770569667028,-1.183125195339578,-0.9141114352855635,0.015839640025934063,-0.0013066463285685143,0.40521689165564767,-0.08821080986754587,-0.45901660819233087,0.5111547731770343,0.04301778746372828,0.7217300772533173,-0.6739492144320713,0.10620655335899049,0.13455340621132272,0.07088434882394651,0.12832983796934577,0.2766156906975934,0.0018400496209124984
-1.0253822580112113,-0.7154864282030611,-0.9451661258382809,-0.35686880206380345,0.36013927576344834,0.06573990002135578,-0.26240746609196874,-0.658351235578809,-0.00536580160351216,-0.2474305746236148,-1.0886523317142387,-0.7894544833223931,-0.5139612010445029,-0.1280448223977892,0.06997392814941494,-0.043706464829694924,0.2649358519779387,-0.19502172149564775
0.47696320274564596,-0.715376348029306,-1.3500595728477673,0.1484082389177115,-1.7702607317987709,-1.0699506565008141,0.09140207020881545,0.07613026448673241,-0.8725698276800389,0.9339562786936015,0.3524739423658838,0.45772433395523193,-0.15775918563949048,0.1339717255071714,0.2274232229405787,-0.06171765399415963,0.051463534802257405,0.11851643639661319
-0.5777167647838914,0.2813005128042654,0.15226776438605638,-1.2803659327577384,1.0985830921181559,-0.7186596480244342,-0.4338517420159277,-0.47188717681402464,-1.030933973966837,-0.8406797454002279,-0.24067233378522582,0.2605556813893473,-0.15160380114354166,-0.12415049502518233,0.19276385543181118,0.1723630509337692,0.5542969302915307,-0.15434563380142702
1.364003771398221,-0.4104162882830973,2.1462594606142478,-1.2452057807360226,-0.6495843623814525,0.8255638483572288,0.7943228000533297,0.06244897862354895,-0.6406245718430763,0.6448236914263311,-0.013899302300984961,-0.42399701989314215,-0.08684804149649655,-0.27328477345403934,0.09566621760163746,0.06674014314660881,0.47480027216855525,0.2770804408679179
-0.8097239708253735,-0.8769022128042334,-0.511606767528032,-0.5493036805779664,0.33014232711023733,0.2959397863684664,0.22055362050179367,0.8997227472827689,0.11381165149855992,0.5178056858539077,-0.04331524659189828,0.1857194407128567,-0.5073329659084078,0.2624686639280208,0.21172447645763404,-0.1345971764636434,0.2160099823892797,0.15910925539175186
-0.9740617419518535,-1.1720667054123826,-0.8640376808887522,-0.281688133642086,0.11014005228999339,0.21102877663337294,0.13132243585608722,0.504724929493001,-0.3654678548502806,0.11012746060605746,0.9003149464880089,-0.4540197068896467,0.17552254743659534,0.21516110810503086,0.006919094618662303,0.2033333044716767,0.2529737497187421,-0.0013179296430653742
-0.6940106313553596,-0.21844863320892838,-0.6280847392679444,-0.36347370692287073,0.25194697188081366,0.6950079071169539,0.21223094387912808,0.4929823317000733,0.6968862917060862,0.6522475360951554,-0.11238922342961172,0.07669291576097109,-0.25768448902147134,0.7817530534407352,0.30436921456328037,-0.1391818351678765,-0.29894916306813035,-1.13200437918564
-0.8812795789296191,-0.66726129191252,-0.8080723534092011,1.2402904645368134,-1.082408940512897,-0.8971949038395644,-0.1195827044635441,-0.7460886304512018,0.045701892694163984,0.81180913080249,0.20578323102557072,0.22834501926735082,-0.27687854294793146,0.16691551376915204,0.29876454727256774,-0.09700629376505876,0.023057299644889895,0.03890077803608699
3.45423897317192,0.43633350736705845,1.540657018647736,-0.4952761161509409,-1.6542290398501358,-0.5515720894023198,0.8075729623363298,-0.2428982934973893,0.1252090834479444,0.1401787395801153,-0.02872113109487956,-0.31120940916121437,-0.22313900568716477,0.20314358608115035,-0.1827171087631943,0.015688164813520866,-0.2584206379580947,-0.12533207183148828
7.633867807393108,0.23802524683713444,-1.1940831842775106,0.9914777063001815,0.14734282748889105,-1.048040321269364,-0.74923232060157,-0.27300356335061726,-0.4742834455219663,0.10100662803485985,-0.5710616721265429,0.8008964480772012,0.8974045188983298,0.23128026045687022,1.0182783122113068,-0.5012248181353915,-0.02499467232244812,-0.567208939644819
-0.23568562674779847,-0.7276908746753381,-0.8904209162188801,0.33841650647078897,0.9567806220732701,0.4762353110863655,0.0949455332201615,0.08065065495070808,1.072457522417909,0.31720518562373,-0.2627949852329368,-0.23346815809028792,0.32396010198417735,-0.616941136540526,-0.5133417342453817,-0.04489017782957533,0.27523202269982494,-0.4757981517468871
0.8701463358185986,0.5500483998600891,2.6634920188790874,0.7275391805629093,-0.6123405658701718,-0.43888595421817955,-0.007563075385261117,0.18835653783400105,0.1958398090578648,0.04075888071191017,0.029160612856784007,-0.279980386590109,-0.3214110601374533,0.43520623512724455,-0.14213106267000675,0.12766922758232696,-0.35836427711912416,-0.3168678629188064
-0.8581866893310623,-0.979381562230426,-0.6054056685648758,-0.026200124627000124,0.16386199987245043,0.3786766862532277,-0.18162197225064977,-0.714902474358478,0.19915395982102613,0.48911961154454375,-1.09875841565532,0.08103267686677829,0.49159797512588765,0.26849943161142864,-0.16563620928635908,0.16127825786918631,0.045965600418602315,0.26175631793596327
6.268391763733848,-0.5035013171937355,-3.4977761700286916,-0.6318153965918958,0.14048720571005974,0.500266140588932,-0.9630675172067586,0.570563375779527,0.6162115405407721,-0.4218563772376661,0.011270378516768875,0.9800981184267556,-0.573303818556748,0.14654732272580806,-0.26522145630671906,0.4048343131018746,0.1904068150659065,-0.21487736154151219
6.516587225262334,-0.23417403941270165,-0.4092105504327346,0.24717281440239908,1.3981137625750106,0.4825241083558335,0.19735453580033183,-0.13655923186503174,-0.06078800053911568,0.012693853698145158,0.11077105212353522,-0.13953329395538355,-0.11376589360622691,0.010677945099016095,-0.06892548231392853,-0.12036019503137785,-0.08699846355734941,-0.11206567508451101
-0.2080881245708387,0.47980600013136265,0.633999217686618,-0.38869856600123265,0.11432129760906755,-1.8175945844179118,-0.32102736205789517,-0.06836380832438452,0.6978244188562928,0.09009288753512715,0.4160600230138063,-0.08098067910408202,0.0508106440027104,0.7182366586912393,-0.2388858546990379,0.2666337526478368,-0.43358135304450285,-0.46381178847651816
0.2827662043656185,-1.3819181737235848,0.27375513114809547,-0.17022151768622906,-1.572831549609123,0.888472371224361,1.467924624027467,-1.723685943151104,-0.7346738891134365,-0.5576816395493103,0.05471095057568043,-0.38058084564766254,0.8035036077259096,0.2725444637644704,-0.05563806282611378,-0.5204488608261111,-0.13676696337739663,0.3186466245815713
-1.7239499925340414,-1.1745163632586648,-0.35033141153471004,0.7060853720892338,-0.24970379092478762,0.7375550046481378,-0.4382513595121206,-0.9232666481153573,-0.28771717383028356,0.6261193335761773,0.2387373966214703,0.20025421980130878,-0.2682646978782381,0.41171758558987315,0.23422078569906113,-0.2909722221361289,0.14730463843603814,-0.04817247826336318
-0.5382842635229332,-0.9555322591238287,0.07281902508598592,-0.11679024031510434,-0.05830215471736207,0.1962629539532093,0.2646102262640878,1.0789848989834825,-0.06381315982731925,-0.0015823619823484014,-0.34512320614414915,-0.5480744638230086,0.4668661480493943,-0.16185931005130483,0.4405652690452513,0.4109360675437344,-0.2991590904609518,0.17098527348385179
-1.9141634940241812,-0.32810944878645576,0.0008150040811338854,-0.1900121872204732,0.1042115111348582,0.6974935479125566,-0.7007814405831359,0.09558552932143347,0.9560021373263554,-0.19993559219240473,-0.04742669061651855,0.27523792499750366,-0.5565696568361465,0.3984177180778291,-0.04651765748421377,-0.5999283273191365,-0.08071704804728458,0.5213824583262114
-0.1292701104748981,0.16758354975728662,0.45513755628372854,-1.7760816976029026,-0.11450066616952405,0.1237028815350847,1.5081938733750602,-1.2620771739076042,0.8605727638479448,1.1352097170722755,0.2938193627535288,0.16413211907852837,-0.16838782415491388,-0.8709258708543481,-0.10586984383183456,-0.2584469638849987,0.4999206668651378,-0.4634776489397303
-0.8614645416860721,0.04602654791727967,-0.7115144382082514,0.4575905512646178,-0.5374590695617777,-1.4108257624923186,-0.24304443535808232,-0.45801792574000894,0.3143231869617994,-1.1966507398659185,-1.0469580908969391,-0.034153104552998304,-0.3904490267628914,-0.09799563424261898,0.20571860729100977,0.026665451830893694,0.30763674315082257,-0.11069854474804411
-0.974770569667028,-1.183125195339578,-0.9141114352855635,0.015839640025934063,-0.0013066463285685143,0.40521689165564767,-0.08821080986754587,-0.45901660819233087,0.5111547731770343,0.04301778746372828,0.7217300772533173,-0.6739492144320713,0.10620655335899049,0.13455340621132272,0.07088434882394651,0.12832983796934577,0.2766156906975934,0.0018400496209124984
-0.906717040767446,-1.0520877716403148,-0.7849407565021029,0.09765244891344461,-0.0800368937771641,0.28204419125098174,0.06024978990480245,-0.1487690666262727,-1.0577022364127777,0.0963117897271707,0.6001320266792665,0.8823880647418012,-0.24489366425156756,0.34121491628142797,-0.10835995772472035,-0.3981552980855861,-0.32407939137655273,0.05556416301593975
-0.7172682386595959,-0.7241010916945496,-0.37591111620331236,-0.39100487951879814,0.2643708686009339,0.5123244228008325,0.25245641210690706,0.9310553899019478,0.13119104092036232,0.5956055629111288,-0.0021371393626497537,0.3248998718204067,-0.6784025502913127,-0.21771786995990106,-0.40603145219511233,0.22994578743050492,0.3128988797336264,0.07621846267454163
-0.7522169291286172,-1.2372260267381965,-0.48559751481463276,0.24799106212521416,-0.15104893991274432,0.6374490064409863,-0.0675150854062686,-0.4645497842739234,0.34031197771741356,-0.04501207080761907,0.6347558094091135,-0.9162957873062338,0.20807886980221024,0.3503548125317397,0.06989467067648364,-0.25816047794717606,0.3522026407364993,0.24823945854416668
-0.6165602753077726,4.0408544629215735,-0.28231827367195467,-0.22180196517020884,-0.21707533797398276,0.2059348334175699,-1.6416577448038734,-0.16054557292168273,-0.48493963323936407,0.49530598891457833,-0.186523598899494,-0.07844869701315227,-0.09783696785207752,-0.10942633436467958,-0.2504830907133797,-0.22802948651950475,-0.41065041959950516,-0.3113173973601612
8.175078430635066,-1.1162214608928454,-4.961431535799193,-2.0186391684428973,-1.2483169842064452,-0.018146844692101552,-2.9575900546912886,1.576406785003663,0.032792888608203646,0.5812166694724189,-0.22529200061736926,-0.06045037198263142,0.8555245842217306,-0.959556898094435,0.4948630927305353,-0.36652187504742534,-0.22051960990596897,0.33316430835293215
-1.02624706414758,-0.3671330137330344,-1.0558585671292027,0.8559117492976825,-0.8406529899308242,-1.2400359909727086,-0.25234388359496474,-0.6929587640305039,-0.20410242509456716,-0.22753137269973298,-0.1307485530380137,-1.0816910053103463,-0.46450161257438416,-0.2619168730331501,0.23563558991745914,0.05110207331012506,0.26842920628630673,-0.30928584552011434
-0.9478776000676252,-0.4582677709255878,-0.8024312691749523,-0.6540141737964363,0.46076551648463776,-0.17076734726841525,-0.03700885087184279,0.20187439353455267,-0.8173992528406542,-1.2595749218255956,-0.7924609524082432,0.25092232007893506,-0.33572869186886717,0.0460149287673578,0.09568439990654526,0.06968865093162119,0.32544410936414747,-0.1555027994193874
-0.8337981422571217,-0.7785753726029931,-0.7036833678393206,0.3042850175031928,-0.2963236072964975,0.23456655070484522,-0.008334068744019527,-0.3756919102511593,0.6396796283127111,-0.2869220181266442,0.947044961574981,0.08232434830643381,-0.5400449466984957,-0.1702553191651282,0.4414988982723578,-0.20845502996429488,-0.6690342516795773,0.2809807180348545
-0.5610111623062315,-0.20657778907164026,3.091256039267731,-0.15253705345775526,0.2424780945095409,0.9354112193290158,-0.6084968427497545,0.5591107376326303,-0.5564963346348427,-0.0940619438846417,0.18085528050375332,-0.0006965826249341611,-0.19246702640432894,-0.04113704108950922,-0.13958111095847725,-0.1782924123828954,0.020533112153772737,0.1704991841386177
0.2486084216698451,0.07584533186274411,1.8491534012202722,0.35646043336039185,-0.2997061318056012,-1.3136246995540846,-0.2358181602048661,-0.09015475445022011,-0.9761098462779167,0.14343647432794818,-0.49489009133174655,0.1292261587760229,0.9970851231198067,0.14945066755137282,0.08786935613339042,-0.28846382303566726,-0.29530156336951685,0.4086000613593938
-1.6085612850535893,-0.2894176191908031,0.9965750022969686,-0.9786633376016585,0.8480514024640985,-0.24654971962479683,-1.1653262684228178,-0.6564837451657373,0.8211051282527684,-0.11071964654782204,0.3888876779610182,-0.020710526728851042,0.11143217154287033,0.15903408602498392,-0.17160187545394423,-0.11562787581851397,-0.03043905433388705,0.028879490593444024
-0.6979745443882952,-0.7770995292656175,1.2316764504834106,0.6735624126159687,-0.19875169741991056,1.3834944528749595,-0.7142651354627527,0.2505283583809263,0.6662308485184829,-1.2023903505872575,-0.708210043449516,0.025172485472380768,0.45340950411135095,-0.08203969248607551,-0.17028567584414295,0.3583370383798881,0.47859471410631327,0.1007829209227073
-0.451190324743298,-0.7748215247521875,0.09703045089017404,0.5601464266070768,-0.19390802657088924,1.1017058646194964,0.0013194265554664353,-0.5754855753358834,0.06618974306936058,0.7508342464312109,-1.1145978676584145,0.47912091292096776,-0.1672624732136882,-0.24522140991795455,-0.29832765412463436,0.31808009488386785,0.2654755014225283,0.10616938072538079
-0.8214537012022343,-0.7286825866838733,-0.5026744734943613,-0.5230344091658506,0.22314957303465827,-0.30147385255675097,0.1288361498146864,0.8699653033693346,0.1914503644689431,-0.40722126387591606,0.001627928029120873,0.11669591804324392,0.14239870215103606,0.003983205943774215,-0.0664571549496259,0.07882237599692293,-0.7455977483300549,0.4292163525997234
-0.6477503120147619,-0.9838419904788467,0.2180700000702982,0.17117320330623287,-0.564523529894004,0.37224549934410095,-0.19003259236967415,0.7363354754567166,-0.5489067660457329,-0.8225121947693074,0.9372413085304263,-0.4905322236016297,0.3939441248884934,-0.10632004122796718,0.31970927780921987,0.28425336797427664,-0.8628596379951068,0.21440541517967487
-0.2864520734629882,-0.7594462565079698,-0.5388540684366726,2.294817778376772,0.004822694674378861,-0.8729914797392864,-0.36960494678205513,0.6014438639624387,-0.9859147039625727,0.7238649345401434,0.2700280079766686,0.28599255833675175,-0.05451984956886974,0.2636778867181363,0.43594313460518186,0.013319365822584361,0.09139255491026388,-0.037049178767817714
-0.9478776000676252,-0.4582677709255878,-0.8024312691749523,-0.6540141737964363,0.46076551648463776,-0.17076734726841525,-0.03700885087184279,0.20187439353455267,-0.8173992528406542,-1.2595749218255956,-0.7924609524082432,0.25092232007893506,-0.33572869186886717,0.0460149287673578,0.09568439990654526,0.06968865093162119,0.32544410936414747,-0.1555027994193874
-0.3404214135461788,-0.19114041743006527,0.6019755954142696,-0.9022488780716351,0.9096911708261824,-0.18202119010362405,-0.4737139161029764,-0.8093723718290726,0.8237038603923439,-0.012649374582729939,0.41637719386950045,0.07844232871732132,-0.021281580656238752,-0.40912259219788016,-0.8080120496706026,0.1870758541643131,0.10466906980707369,0.027177504255212426
-0.669742968015272,-0.3082860874857436,2.688405433579095,0.033129072970453435,0.2028100367808942,1.0709769401609466,-0.8606929841228016,-0.35053325680250175,0.38400592495961217,0.5279744512863062,-0.08328392509238808,-0.4748865039114282,-0.28968698125764886,-0.26965974388046604,0.251647992681966,0.2941667481564439,0.29961937514223036,0.09957127213099654
0.012210307007628707,-0.4405467247606907,0.923788837638359,1.7110085929838716,-1.522878635979628,0.05526276653709569,0.19103591562118769,0.03266010453794452,0.35009484153809894,-0.4877571723973302,0.61403547432536,-0.5889645272751336,0.22439860978214543,0.022151716990489567,0.5931552189472944,-1.1998186201572625,-0.15387744446461898,-0.24810833039877275
-0.6979138278911907,-0.5908120799048062,-0.46850517637202443,-0.92085908845763,-0.04836492686883338,0.3545250675880897,0.38597206739327694,0.8298942846124646,0.20895434209052527,-0.006421687011270244,0.07969102865892963,0.6547976920890848,-0.10480863998077836,-0.06504233516318308,0.0437169008022269,-0.9255844621971041,-0.194551122950528,-0.33106506043153444
-0.8271794198824836,-1.146164062231392,0.059156467914674105,-0.22927605431739206,-0.6623210048206583,0.6756631311809426,-0.17192236822998394,0.54037913118125,-0.6139187327202449,-0.6809696254253585,0.8318340344857482,-0.32231285130210724,0.36009564076771683,0.3613757736922065,-0.15271232963580333,-0.24905956732597706,0.1115674893586509,-0.025482694303827602
-0.9442318480948287,-0.3013508856121867,-0.8067995163087945,-0.4656235587894345,0.2556131982735661,-0.49398001707306727,-0.01672612553574042,0.2912307759980538,-0.7426357794831359,-1.2344851403700516,-0.7971835801019018,0.22557971927086445,-0.3112531516702279,-0.26592100241529,0.4389911565399447,0.35217819661633903,-0.26324066994933804,0.057653443740373345
-1.1422381670743966,-0.7008371163135507,-1.2700266231242416,0.06013564781591586,0.03822240770990941,0.26679143068968564,-0.2535321780691834,-0.999242479047155,-0.4786904244326485,-0.3150544725283366,-0.07834947324820485,-1.0174620505223781,-0.44753874742784283,-0.1909238217370513,0.21043705282229375,-0.03876011078422226,0.3360833053818295,-0.263859600569027
-0.9560570239714593,-1.1327213147634632,-0.7480540444277539,-0.40110591352526415,0.3238421272461121,0.0010112231450180448,0.0040898528577681115,0.195719364758522,-0.6576271829247429,0.5614760299512117,-0.6637215332662851,0.32786250609366985,0.3909694467180198,0.4045568999943233,-0.25526045912859624,0.15829084479455574,-0.012056889813411464,0.14549013719359044
0.3455727645623524,0.3331455470753678,1.9637326621222646,0.11728535865661853,-0.18089313468771911,-1.1933948274458954,-0.06685108181810855,0.531955285415056,-0.06376790619776745,-0.5532043710495053,0.13245133690576472,0.27865148985445237,0.6237510596124364,-0.5094146428901615,0.006774368568967348,0.7022139175395388,0.3335844247693128,0.21555953229469244
-0.6455218349125253,-0.21744554211752698,-0.22161998967228708,0.26095072827935,-0.5242474546914271,-1.196123076565911,0.1539538773210911,1.1157907819357824,0.3891660923083658,-0.2244773131722327,-0.028383606301976172,0.21607303286935545,-0.038550763246927466,-0.22767025787776873,-0.9814508870565917,0.1928560616079567,-0.10147337886439894,0.1748155921301176
-0.9740617419518535,-1.1720667054123826,-0.8640376808887522,-0.281688133642086,0.11014005228999339,0.21102877663337294,0.13132243585608722,0.504724929493001,-0.3654678548502806,0.11012746060605746,0.9003149464880089,-0.4540197068896467,0.17552254743659534,0.21516110810503086,0.006919094618662303,0.2033333044716767,0.2529737497187421,-0.0013179296430653742
-0.8977106630584699,-1.0439016071042697,-0.7632897941824661,-0.15060008060951457,0.016127948843818476,0.4244104256205803,0.21711954176140402,0.5612660004203038,-0.34002478376763373,0.4076710326757832,0.9905008013383312,-0.04137116418558778,-0.4724690366218696,0.19199947440892873,0.331317185046498,-0.07176890572542682,0.260952643889824,0.0031988559599199218
-0.4915452792299783,-1.2903498430571505,-0.27251395488072405,0.13693079751671866,-1.1793726772111925,1.0014885385485668,0.30705288949456466,-1.1106314113783686,-0.4547627200266415,0.4663933321121517,0.05197649755738465,-0.00026074393430358667,0.025070326253612996,0.055592078701888425,0.43914702653887505,-0.13691837806864332,0.16885762356364875,-0.1810868507531924
-0.5567102582260623,-0.013323375639998414,3.056376002326652,-0.1332727073950356,0.2558876078201316,1.0254088311615657,-0.6147960426595592,0.5532984545440833,-0.5680385913523275,-0.046746477751283905,0.17795667235105217,-0.03465926571355965,-0.17441397733876618,0.17415508636955557,-0.15910651054453906,-0.08406517244867173,-0.06230673547735843,0.07184970037780597
-0.8374438942299182,-0.9354922579163933,-0.6993151207054784,0.115894402496191,-0.09117128908542581,0.5577792205094975,-0.02861679408012191,-0.46504829271466047,0.5649161549551929,-0.31201179958218817,0.9517675892686395,0.10766694911450442,-0.564520486897135,0.14168061201751947,0.09819214163895851,-0.4909445756490127,-0.08034947236609202,0.06782447487509374
-0.7943281452681541,-0.8633246799298584,-0.5267327573064097,-0.2245651588833496,0.24693627342854696,0.49313088883589984,-0.05287393952204285,-0.08922721871068703,0.9823705978650303,0.23095231769907387,-0.27090786344766365,-0.30767817842607686,-0.09972696031045261,-0.275163938157507,-0.666464288417664,0.43004453112527746,0.3285619265413957,0.07485965633553421
0.02128561588601441,-0.9198410449068046,-0.32768188278921523,-0.8831872508327815,-0.7482078390196311,0.7402030462768016,-0.04913583396541561,-0.1428131611133329,0.7637665375107665,0.10081068701660512,-0.6787280338579829,-0.7189305339932701,0.25468967747758464,0.3629794900071939,-0.14488928340713053,-0.08856134958257883,0.31963251755749045,0.3698270059075874
-1.5518905227204562,-0.647276273243572,-0.25950546159321114,0.0870739434484603,0.5434662849769812,0.2635512329602316,-0.2262348822567978,0.28810295665779334,-0.612583193632292,0.0026957626824914704,-0.4899729711600311,0.8443665602193797,0.20166175972003042,0.02557115247271169,-1.1375441448306793,0.15018775997531025,-0.2823230397073563,0.16038403591420863
2.7086631681327944,-0.8336687387921751,-1.0256663273633262,-0.8103639122294367,-0.6106258662199642,0.23465031330471448,0.5348729390121724,0.9949833685494269,-0.012264141609258233,-0.4853647334777539,-0.5124587640758638,-0.11928098844077456,1.046544403433698,-0.7343087037786611,0.36461016521041634,-0.4193909668688048,-0.6786373699949474,-0.15055924274458057
-0.8824292977459606,-0.8481504257989456,-0.6167229013681603,-0.4920011186035361,0.21900211234534067,-0.2406545324233933,0.15503923993257926,0.9325380588189671,0.16313205377343126,0.24535189523972617,-0.13822372913587905,-0.25227170279927286,0.1651341583486965,-0.026305633558524666,0.2306331426631978,0.4229945794181778,-0.38065369109528746,0.36774871294852746
-0.8214537012022343,-0.7286825866838733,-0.5026744734943613,-0.5230344091658506,0.22314957303465827,-0.30147385255675097,0.1288361498146864,0.8699653033693346,0.1914503644689431,-0.40722126387591606,0.001627928029120873,0.11669591804324392,0.14239870215103606,0.003983205943774215,-0.0664571549496259,0.07882237599692293,-0.7455977483300549,0.4292163525997234
-0.9711248176942315,-1.0262083100261779,-0.9184796824194057,0.20423025503293568,-0.20645896453964013,0.08200422185099551,-0.0679280845314435,-0.3696602257288297,0.5859182465345525,0.06810756891927236,0.7170074495596588,-0.699291815240142,0.13068209355762977,-0.17738252497132506,0.41419110545734594,0.4108193836540635,-0.3120690886158918,0.21499629278067328
1.4873734528632412,0.5654543237451221,0.11035094940474877,-1.0015931428334155,-0.40570416679432847,-1.845740399150863,1.4451222990273174,-0.6251497544768856,0.6820065527015604,0.22458432248274246,0.4135077609001847,-0.016601403240776413,-0.0543425556520819,0.07830621977942409,-0.923977850947246,0.5474125693591594,-0.2593064035647749,-0.41562502191372397
-0.6744483684417872,-0.9020068664838001,-0.29434383356788746,0.22715784919282417,-0.006492549238267545,0.749063473729757,-0.0338393092580422,-0.529674555438874,0.23953310298865343,0.8445024369654613,-1.0719663311674283,0.4885231991269913,0.2271938745225588,0.040605307767807464,0.3319500438841765,-0.7546986713511384,0.02127420460627716,-0.41074081276152463
0.6906064551755462,-0.448039899674584,-0.72027486860874,0.8190428291835795,-0.9257939879473913,-0.9136760763201884,1.331642710106967,-0.7476975433403155,0.3907941015446067,0.9869456574281441,-0.960610237395715,0.27353363255056423,0.23451392729855325,0.010360240466006476,0.3559296862598853,-0.8918408420050425,0.044227114263649114,-0.03950165697052371
8.356283623553885,0.18763295582523942,-0.8966699411957412,1.018899379721739,0.2936063747663957,-0.7962445050661903,-0.8118770123235263,0.4584137952177488,0.1116220592138734,0.10361823637301817,0.00041052662056767497,-0.31535760018441256,-0.12750689904680046,0.043331866390493246,-0.058256720126803274,-0.1367585671578021,-0.18458789347119736,0.01831959382802123
-1.7612134686363419,-0.834690442165203,-0.23947884031896294,0.7251715523783598,-0.5672427057154532,1.0947724306621494,-0.6939456434307769,-0.8456996230272187,-0.2950594323679267,0.7526831062797765,0.2541514304325865,0.35778511181973804,-0.4099089522573469,-0.05576709557033882,-0.3556987364142447,0.02871535799525815,0.26815878217475264,-0.053488179897111354
0.5517373132277404,0.2773439650156624,2.294870476695623,0.6120453875813482,-0.4546443615646352,-0.7848932995049952,-0.25881567526220284,-0.3728615332039293,0.664771959378994,-0.7154136640143656,-0.12931343031679338,-0.2022484634221085,0.5382554951380355,-0.30412289548323485,-0.03920418041141921,0.410020445679342,0.3788772777798609,0.2674546290446375
-0.1956709096717007,-0.8523346209578648,0.6573059052955719,0.6365566757087155,-0.4174972941621933,0.7825774917387539,0.30807594535000526,0.5420613397059961,-0.8392100945462613,0.6651441380080737,-1.0531416461286467,0.4382943587496321,0.0164444161732874,-0.4955832967712183,0.1982496986126432,0.5783362089630562,-0.5103880751344025,0.3138283112590275
-1.7721953093451779,-0.6492154355462545,-0.13649083632979941,-0.31856390173165605,-0.011851983366049049,0.6946501408696645,-0.24299131222594092,0.04576163236978467,1.073229534600092,0.32551203587190203,-0.27119790353411727,-0.18423386925222557,0.28756704427524005,-0.541324209780127,-0.5221223165943374,0.04329357209700985,0.24930887736455276,-0.5647608103643973
-0.04320389196517521,-0.4974482899804742,2.4715094271689146,0.5421434191081168,0.1378524926000353,1.104024369237197,-1.2363898657120076,-0.8940929802838276,-0.46276644371575865,0.837867481232379,-0.6671376585746012,-0.029414171975854664,0.026881373214138804,-0.06404248423251085,0.09483276156063158,0.08443962575679537,0.199442684107476,0.1330908731147329
-0.20378436300277641,-0.959585612035988,-0.9361297369474666,-0.3968243888101807,-0.4433307693537997,0.4284767719042152,1.0675887814779883,-0.8418434586790569,0.5475636059252353,-0.2787428820186644,0.9255189070713776,0.06433646259564346,-0.5327123961193868,0.06073984531860488,0.05258155833233924,-0.529688698010614,-0.04048978191775465,0.13326663098416075
-0.5748810745141755,-0.96006501953028,-0.19923057558099733,0.29705088942391045,-0.24526966592942728,0.9004841488642228,0.28881607034800216,0.6060167601490662,-0.5103576194256468,0.4309459268533893,0.9062738973558822,-0.09863473504718995,-0.5579415044964979,-0.05778346974801646,-0.2604774942957762,0.05249348960381223,0.5726079170125925,-0.05840678150511419
-0.8867838774339316,-1.0161258010395418,-0.6624284086311294,-0.38286395994251776,0.31270773193785034,0.27674625240353373,-0.08477673112715624,-0.12055986132986576,0.9649912084432279,0.15315244064185285,-0.3120859706769121,-0.4468586095336268,0.07134262407245229,0.20502259573041481,-0.04870835976491744,0.06550156723112915,0.23167302919704913,0.15775044905274443
4.726334496702424,0.37377259627023285,0.9225258194494788,-0.5359906969943632,-1.7107788512038218,-0.511347794295519,0.04520378753541994,-0.05143480341385395,0.10264373774316209,0.15794898232576665,-0.032535725235495916,-0.2863263450634486,-0.19128949182536448,0.14065878083657446,-0.14887822432186731,-0.019985072683380622,-0.2344701787123898,-0.07347308157819804
-0.4788124833826266,-0.6218532154223599,-0.6591939642551913,-0.7728373430731371,-1.5534124581495872,-1.6089774135859414,2.1194099509444286,-0.26129158138211145,-0.42755962318192503,0.7489307867494246,-0.79084342434788,0.19454838996888935,0.44441257907668086,0.23464195790550124,-0.30368941804153127,0.1631400771855343,0.008361711902172164,0.25773196068790166
-0.9149442665488459,-0.8234186049227994,-0.6855321248658448,-0.6620908836992703,0.41625194076929223,0.15513902879747493,0.14706588135965187,0.8407471797495853,0.06888039285297036,0.2627728690575848,-0.157014290906416,-0.22784606429274284,0.17221714248017905,0.29322048780395304,-0.09180319788618674,0.08262311704071607,0.23423588012154462,0.24166499014721937
2.0655252982298844,-0.455058677032286,0.9593995849473114,3.885442319957045,5.32731307187734,0.09394301238442339,0.5333038144224854,-0.10429825332925072,0.4776765098213505,0.5306108461059907,0.05692456814148955,-0.5309213028151243,-0.25817409165696026,-0.25305775520242785,0.21104693218487047,-0.22538336426253935,0.5338709195981427,0.3646815571271607
0.7120122011409307,-0.25484524126958585,2.615356917798316,-1.1733536566142329,-0.456446186566178,0.6755325976811991,1.5839170990382938,-0.19374765763969395,-0.5895633952377284,-0.030269965913257674,0.12864788943416605,-0.08678459978813563,-0.12973101363954231,-0.19942418793896283,-0.22985416428984762,-0.2516594433406859,0.10084474103446206,0.2953295224161498
-0.09256839856119747,-0.7489667120290882,0.814196217793258,0.34325481000459857,-0.18601028256447766,1.2753301967759132,0.16049846120913983,0.11935957766123781,0.7765925967889653,-0.4614170288153874,-0.5147066854567839,-0.006642978992061399,-0.45217008977365236,-0.2973969707805222,-0.37150030876604406,-0.11802425449930004,-0.23603289779194891,0.20185198184340775
-0.8250994531750308,-0.885599471997274,-0.4983062263605191,-0.7114250241728524,0.42830189124572987,0.02173881724790129,0.10855342447858403,0.7806089209058336,0.11668689111142487,-0.43231104533146014,0.006350555722779483,0.1420385188513145,0.11792316195239677,0.31591913712642195,-0.4097639115830254,-0.20366716968779489,-0.15691296901656954,0.2160601094399625
-0.6156429624683224,-0.20156549437114224,-0.5450618994061214,0.8590633206160709,0.41366783651778655,-1.444770720074728,0.16532058433830235,1.2093777061483377,0.37189762867693893,-0.29205107787726015,-0.07194864164627163,0.052592819111115297,0.15782042022034093,0.2797726983946207,-0.32882736627591497,-0.2524026481100715,-0.18541469392573467,0.34609298664539206
0.1655334618764397,-0.27830880062448493,1.6278187981796826,-0.2732205135975492,0.37852529374527694,0.10715203394673335,-0.26911911842467073,-0.5000854104804373,0.564046615613228,0.3972974579877342,-0.16085417903451443,-0.9233382027710273,0.8796251065930248,-0.3666928230140923,0.904808966630342,-0.11583168164281887,-0.42329672127340756,-0.021300471269307453
5.362179649102437,0.03895429767874359,0.5747616456146494,-0.8617955934260727,-1.8478789674854796,-0.6610987345901262,-0.48426586901542545,0.563327055557914,-0.43145847870793996,0.19611157411532099,0.0230200446394761,-0.08793303521018464,0.013912594176934912,-0.5366457408261146,-0.09758620577672594,-0.38021393353602906,0.15761879310725957,0.5791918447969959
-1.616917872188388,-1.2059412757340657,-0.02169149074057075,0.17674602115076432,-0.02741078341889451,0.6021124002412551,-0.2916366408412553,0.7377837045048117,-0.4980030944027444,-0.04499065486508605,0.7681413420109295,-0.6244264826415835,0.30168189997039074,0.27512978179317427,0.20942794297606027,0.2961374046441095,0.2843791572704759,-0.17906356991672498
-0.9925670505823995,-0.40331139297124574,-0.8542214141991972,-0.6671290163828706,0.4678309452842078,-0.11668664371806074,-0.05676794372305348,0.24038305005100932,-0.873158306498258,-0.7903833053235251,-0.7937289947787427,-0.2014743172389924,-0.43582213883443655,-0.009558090821952026,-0.27021120758467815,-0.3707571184413629,-0.09744535433233342,-0.04963954074997706
-0.8104869696741372,3.9427258435020933,-1.2240587572242436,0.6863388794283037,-0.6879281269414542,0.3809086635746938,0.3085766740158016,0.57174280984495,0.2668698124424313,-0.3527003822475909,-0.40484236670962104,0.06783936971408194,0.015350490061281474,0.25042588242600405,-0.15820346648449174,-0.12099718575804058,0.2845464998046259,0.0579174957916852
-0.42852256602398525,-0.1759661632991525,0.511985451352519,-1.1696848377918216,0.8817570097429762,-0.9158066113629172,-0.26580073664835424,0.21239290570058153,0.004465316300744759,0.0017502029579223033,0.5490613281812851,0.13384880434412533,0.2435795380029102,-0.16026428759889783,0.08908538141025923,0.18002590245721356,-0.6045465478296095,0.3200665608682057
-0.48046748903756326,4.331200023818486,-0.3276499682104425,-0.3820629465158508,0.4336776184718079,0.5555912707670952,-0.07712660768724149,-0.23132005638319278,-0.05005630887069282,-0.007541709745301189,0.19320352825517406,0.0977113474810744,0.14829287460163088,-0.09956633003224086,0.22917989795241844,0.17317395870658253,-0.0077365506406635864,0.12606664313247762
-1.0404516398395613,-1.1175247855590535,-1.0846908624200786,0.31438980617392726,-0.08820943632827792,0.4136675892519569,-0.2251766715160595,-1.112291202877822,-0.2463832468811063,0.4315471697641158,0.18861103727655149,-0.15312028943582462,0.37457043099251597,0.46877213604058776,-0.0912278959205099,0.2403428889646651,-0.026312134965147005,-0.10591176673507549
-0.8860750497187571,-1.0050673111123463,-0.6123546542343181,-0.6803917336105378,0.4241544305564123,0.08255813738125899,0.13475651459647686,0.843181676355466,0.08836858041591304,0.22026211378418203,-0.13350110144222044,-0.22692910199120225,0.14065861815005715,0.28563029762412295,-0.11267361397020165,0.14050503373346007,0.20803108821819782,0.15459246978876656
-0.8104869696741372,3.9427258435020933,-1.2240587572242436,0.6863388794283037,-0.6879281269414542,0.3809086635746938,0.3085766740158016,0.57174280984495,0.2668698124424313,-0.3527003822475909,-0.40484236670962104,0.06783936971408194,0.015350490061281474,0.25042588242600405,-0.15820346648449174,-0.12099718575804058,0.2845464998046259,0.0579174957916852
2.7531068048399536,-1.2939927399010165,-0.7518893877160266,0.6027957068464607,-0.06270569483126222,1.0757002643542646,-2.0599316086822985,1.0001762882958867,-1.0842508181638266,0.3951705094182931,-1.1434768797732873,-0.026459208037293902,0.5690680651746303,0.12090478831795937,-0.611848186491443,0.18003156694061545,0.17464182889751634,0.38702070295725605
-1.9705776581568548,-0.9541271911018867,-0.11739084479625728,-0.6649801185384463,0.24957952448114445,0.21909782375003067,-0.39669368559853646,0.9821486987352437,0.10073256399362922,0.2043564482416913,-0.12317571940055078,-0.19193813789389585,0.10657849868804814,0.3629231149687385,-0.09936707041841764,0.19733220023617043,0.1750603677420356,0.08192852928744304
-0.48046748903756326,4.331200023818486,-0.3276499682104425,-0.3820629465158508,0.4336776184718079,0.5555912707670952,-0.07712660768724149,-0.23132005638319278,-0.05005630887069282,-0.007541709745301189,0.19320352825517406,0.0977113474810744,0.14829287460163088,-0.09956633003224086,0.22917989795241844,0.17317395870658253,-0.0077365506406635864,0.12606664313247762
-1.0480387740126105,-0.5950426081474287,-1.037095217355947,-0.0983356513186844,-0.0434332614061627,-0.38400956568681477,-0.0522286638905157,-0.00628281774207376,-1.2327430808439905,-0.9179389323195084,0.25887761492202366,-0.45299056064396687,-0.408041193679381,-0.3995534017035221,0.17181784155357038,0.03244261467431547,-0.6673922640486212,-0.07946621738050094
-0.8097239708253735,-0.8769022128042334,-0.511606767528032,-0.5493036805779664,0.33014232711023733,0.2959397863684664,0.22055362050179367,0.8997227472827689,0.11381165149855992,0.5178056858539077,-0.04331524659189828,0.1857194407128567,-0.5073329659084078,0.2624686639280208,0.21172447645763404,-0.1345971764636434,0.2160099823892797,0.15910925539175186
0.7830244497218708,0.03469559109002662,2.5225014335155755,-0.08653777083012475,0.27443732155768125,0.9953605760279982,-0.02106073662265477,-0.1154926805767694,-0.059260002717273746,-0.0892749743900961,0.10507288211078825,-0.21483446950059998,-0.33600671932103393,0.49860909624351313,-0.188200015849187,0.09568896018072359,-0.3169149699269482,-0.35851413832617185
-0.43216831799678174,-0.33288304861255313,0.5163536984863613,-1.3580754527988232,1.0869093279540478,-0.592593941558265,-0.28608346198445667,0.12303652323708039,-0.07029815705677345,-0.023339578497621777,0.5537839558749436,0.1591914051521959,0.21910399780427092,0.15167164358374996,-0.25422137522314026,-0.10246364322750429,-0.015861768516124253,0.10691031770844478
-0.8599904874678114,-0.49755421023770774,-0.5582207030676716,-0.6915607690385257,0.44891293325788467,0.13487685152666812,0.12611716962909103,0.8115010639209608,0.04005044767881874,-0.41080147313304494,0.02758823488621215,0.04102478993758035,0.19797705150586709,0.4162427021971731,-0.45491375513865073,-0.3111431015609547,-0.07515205895827931,0.5937670741108232
-1.8510516144432478,-1.0117451183558115,-0.39009979700645836,0.3591875198990784,-0.01432455818037974,0.7116619520331293,-0.45372891016976535,-0.2480203746152705,0.5532249104566294,0.317534387012088,0.8268560921450916,-0.23685752621573913,-0.5744480041302263,0.1866467112404775,0.4101977016939249,-0.10174301014399417,0.25110202435162665,-0.05877202665593401
0.47523057507457556,-0.26965603204457644,2.5351574536483,0.3245478555891212,0.4016444460995526,1.0790181186442753,-1.047488688655237,-0.31350647395347236,0.30848974868613566,-0.15340955000097953,0.0027763796144069652,-0.22594452728309694,-0.23548034753654096,-0.17638902575878967,-0.059221728078529434,-0.3002490039105298,0.06256775730338238,0.22977936711544783
-0.20977546859877078,-0.8648447648729711,-0.9394843465080426,-1.0097778877627763,0.32828380235547944,-0.01982657640143877,1.6070469081904426,0.5067999166238824,0.16097581495118257,0.34646439626098946,-0.16117815200496494,-0.1900519319654222,0.5868356262362311,-0.11946901662410914,-0.02222047302116209,-0.34085497177057095,0.1942068361524788,-0.36020331497031394
-0.3606868016076969,0.03357739638654467,0.29333450897406776,0.5724165303809118,-0.7461744122108955,-0.6370219159056434,0.3454880616865993,1.3111754836345662,0.34937386940023213,-0.015494246077531748,-0.2982695530509523,0.49519753281805573,-0.44494916430021364,-0.41820133799524706,-0.42047634488986785,0.0236414137345628,-0.1610525989067007,0.14416316755781672
-0.6496530213345048,-0.4253604844892269,-0.6440375346980036,-0.3257620737742274,0.15321250559990562,0.5889604285439018,0.12037115051231649,-0.07041108583154809,1.0791206449308774,-0.05339937952611276,-0.11334939574038594,0.431207838471043,-0.14864273478345674,-0.11550102118926397,0.1397674923314554,-1.048742571490073,-0.14776175743686842,-0.2659688961131593
-0.9113577826219744,-0.6862400211370296,-0.499282875937365,-0.9738111213891609,-0.05606191598290579,0.3051998564261136,1.0899274859108532,0.5941935957833682,0.08845157465926116,0.5787556252264161,-0.08511250217356686,0.1580913153278475,-0.46706662400883336,0.2422484303217488,0.19353681843338033,-0.19470944282306965,0.2607644412029365,0.2618157432224412
-0.4338083912448463,0.2650925641977806,0.21027091511595453,-1.1767803595155526,1.0485307288625192,-0.5943544065539113,-0.5121557582601013,-0.9100044009840982,-0.5276324029655858,-0.44052398283234684,-0.28459406876951626,-0.3584306358033394,-0.5490888402978256,0.44857210167930417,-0.1662725199638858,0.12544545318540928,-0.35886922307143737,-0.8582302344322756
-0.7451026223088507,-0.6005174883757607,-0.4019265867880752,-0.3919463561332791,0.12913746958848332,-0.08809220356954349,0.21463325572000322,0.9265063742966375,0.21689343555158996,-0.10967769180619044,0.0918137828794432,0.5293444607473028,-0.505592881907429,-0.019178427752327865,0.2579409354782096,-0.1962798342001805,-0.737618854158973,0.4337331382027087
1.2836046430581995,0.3151426597687964,0.14913141624964932,-1.6054217237196236,0.4343288544358796,-0.19617539026423814,1.706861232020173,-0.9457370605495006,0.49482680930898987,-0.04123930704717524,0.559146767992684,0.9064726591621974,-0.5916042745109766,0.1956234211836907,-0.26421123773031824,0.6303599345635904,0.23507697738787037,-0.4842406743083073
-0.41755583449588823,4.495442266886815,-0.2093988323773634,0.039688450802332784,-0.02932069023313623,-0.23342409523147245,-0.08606021244723917,-0.0858295878238032,0.07988476427423295,0.05627108458624744,0.1425910334425431,0.08499225601496335,0.11653132591315574,0.08617838888333207,-0.0026609301246066086,-0.01979365929775001,0.42559770030507116,-0.05123229593983247
0.1786249068592206,-0.37598376177075443,0.16424190629898172,-0.6125384555576713,1.6355462320042868,-0.5562475437580667,-0.03535719061471575,-0.8795081061806236,0.8126969345264439,-0.10106489842237196,0.3819202302201985,-0.10159036821233097,0.16394857913828764,0.04007118051669578,-0.19553044573853207,-0.2254879377517883,0.01722061973645317,0.1538402083982407
-0.9522968117539529,-1.1579780778810116,-0.9141151741542797,0.45342426117037604,-0.16739040814817213,0.5400546138517729,-0.18697468000114129,-1.0751462771700961,-0.21746160074181914,0.462031580687979,0.23268775265850128,0.020022824760350832,0.18544779754404805,-0.22670652530639884,-0.6894584249871947,0.5106586129245896,0.1534166100103307,-0.09015307569147399
-0.42196090459248947,-1.118784825525392,0.2885999294185144,-0.23311169523552755,0.1423799941444493,0.5678952540035981,0.21791193352722305,0.9021992307972229,-0.1702705187869972,0.09850162801177675,-0.5520127653096204,-0.5724606027906907,0.3630814211915028,0.5669782636634767,0.02459852210308494,-0.2062710263436975,0.33398299192814285,0.4116894678198569
0.7481334154290902,0.4227408528495925,2.4625869568084227,-0.06667351569579809,0.29504836356983594,1.1084986103067653,-0.0034969914721477563,-0.08460053756164229,-0.13589644614987986,-0.0677654021916809,0.1263105612742208,-0.31584819841433426,-0.2559528297675636,0.5989326613142644,-0.23334985940481234,-0.011786971692436254,-0.23515405986865806,0.01919282634468883
-0.18335223179863497,-0.4989180630485446,1.0935533779975881,0.3011829337697949,-0.8106430144781407,1.696994100153323,-0.3226157370929478,0.2406298748364321,0.7527221776156594,-0.7695827488323712,-0.6423844267469168,0.5350976612058475,0.242440823218544,-0.486690856976604,0.28002021985512426,-0.3686086114177853,0.45688421966759785,-0.43506869568255424
0.32712162558192426,-0.15809656931074945,1.0255687755686669,1.3520961487614849,2.3276002573236196,0.09202436956428418,-0.5448963370875458,-1.123915529539117,-0.005770732000847906,0.06503910834458762,-0.25135159567862997,1.2811509772224152,-0.13873089467463307,-0.11866448567148818,0.03103542870265502,0.2513242276644218,0.3252420125090617,0.15331808439078204
2.93461713185269,-0.27522493148038074,0.36189062054834276,-0.46799897241239874,-0.14323024604267198,0.680724267779537,-1.6437056187169832,-1.0693731384387923,-0.2350550917488765,0.6418124702129328,-0.38928149440364335,0.7712350786230966,0.34045255181069856,-0.5090203954954207,-0.20144856618079132,-1.002472398805615,-0.010981546035247869,-0.01228749293807635
1.334808019433869,-0.4549621631865921,-0.6766043925642314,1.601272855421396,-1.471471810295503,-0.4453240299058756,0.47478370955415283,-0.9117295174115538,-0.1649178245377686,-0.3112693322611315,0.14315144362084986,0.8907791724802292,-0.07482225215724458,-0.22813009928432476,-0.10696037985356377,0.10292014810859906,0.483446777699972,0.028043644049990324
-1.0811042374256985,-0.4333998659731326,1.2419397748697765,0.6684046181492946,-0.6237059437854716,1.1617924568389757,-0.5461984999941105,0.39562861469138383,0.8816441308156815,-0.8460689706663722,-0.5676232852302648,0.5103621181268977,-0.3463296631249504,-0.4523637767147119,0.40863749973191,0.751413384487128,-0.27126731057575526,0.09659838430197126
-0.41755583449588823,4.495442266886815,-0.2093988323773634,0.039688450802332784,-0.02932069023313623,-0.23342409523147245,-0.08606021244723917,-0.0858295878238032,0.07988476427423295,0.05627108458624744,0.1425910334425431,0.08499225601496335,0.11653132591315574,0.08617838888333207,-0.0026609301246066086,-0.01979365929775001,0.42559770030507116,-0.05123229593983247
-0.7292823886241654,-0.4738251601405554,-0.42331391239535704,-0.3605306636355774,0.11416955100179325,-0.06959201570368205,0.24670171533438887,0.8855632211743001,0.25316430164625103,-0.5363585530348582,0.06956863578574707,0.9808241357636898,-0.3739409106117376,0.043984782016811996,0.6447069590534478,0.18628401848005965,-0.2885245985591455,0.414942399891751
0.9355443063974371,-0.9089641808271633,-0.3365590404103025,0.3253100581892423,0.07964720851461397,0.7227738823178624,1.4198116158119618,0.3698818209738897,-0.5720497463717604,-0.6257505815019411,0.9368776639062837,-0.2808949764586924,0.7835667131517928,-0.7749967762893956,-0.49014670470916355,-0.3588751137333094,0.018930954033250513,-0.5645492302486428
3.9551592387209134,0.7309926083784999,1.2384093958205242,-0.07807498546274093,-1.1824550060763117,-0.5193511793238402,0.8463324162090132,-0.2256391482282625,0.15886251856189781,-0.25760818623326076,-0.04520811626495569,0.09318604517561374,-0.06801384579649511,0.478122325815416,0.1963209919370562,0.47751300484987397,0.11290831994999417,-0.23876112114988374
-0.9600520817795141,-0.42804321384739197,-0.7854121907015127,-0.4970392512871362,0.27058111686025615,-0.5124802049389288,-0.048794585150126066,0.3321739291203913,-0.778906645577797,-0.8078042791413839,-0.7749384330082058,-0.2258999557455224,-0.4429051229659192,-0.32908421218442996,0.05222513296470643,-0.03038565606390109,-0.7123349255491656,0.07644418205133102
-0.4962877227222486,4.20450769558328,-0.30626264260316066,-0.41347863901355253,0.448645537058498,0.5370910829012338,-0.10919506730162712,-0.19037690326085524,-0.08632717496535389,0.41913915148336656,0.21544867534887002,-0.35376832753531245,0.016640903305939536,-0.16272953980138083,-0.15758612562281987,-0.2093898939736576,-0.45683080624049116,0.1448573814434353
-1.1913501601216927,-0.9558393799590832,0.36428428341540897,0.22511951223686028,0.3659138440139546,0.42926593623093173,-0.15016361426842964,0.42418865228300434,-0.7045294872608925,-0.7659585943076586,-0.943690764260779,0.9562274368518393,0.8121183807135995,0.25360366840215787,0.16892721347758055,0.4880118618919383,-0.03863581405026795,-0.060620143505749347
-0.7107077308853291,-0.2551216202001201,-0.3932930275966176,-0.3924716279820254,0.2548211138802438,0.6239106156130965,0.2849807733501607,0.9603695553245211,0.22161529684001485,0.08927093224603624,0.1098376232602758,0.7929128556648917,-0.2550950413523363,-0.5058144544478808,-0.5393477633771352,-0.6080373597956885,-0.08168940608787073,-0.35533714654006154
-0.5812622427902149,-0.6834396747041087,0.26805257274044325,0.32666196533509717,-0.5450193376562562,1.170985804938741,-1.3799006494898443,-0.28341657271747794,0.1885203858033372,-0.37736569364801587,-0.9526765172236806,1.3126255496891719,-0.2553091387720206,-0.054676419354731276,-0.24021414554674847,0.4186581024545178,0.051190891652224346,0.023928603513422242
-0.8984736619072337,3.7757264492020566,-1.4757417838786777,1.0850424793967557,-1.001942505207873,0.5093793028268078,0.3051425952754119,0.23328606298248497,-0.18696662282376236,-0.46283503542571547,0.6289736812206084,-0.15925123518436252,0.05021441934781967,0.17995669290691196,-0.03861075789562779,-0.05816891501982402,0.32948916130517025,-0.09799290364014676
-1.4564008867070743,-0.8956990731816334,0.42883975178509126,1.6791799777213021,-1.5566403004878442,-0.3698749188883866,-0.8867832472960981,-0.4438923469660306,-0.2916802975874288,0.23357628258470622,-0.1499654296295343,-0.517337918817294,0.6738689204390022,0.24571265307641554,0.2629814924530106,0.1859769424639352,0.1666306137468827,-0.22645736738020159
-0.36525845777037463,-0.01221900131305853,0.5937964811755032,-1.1885109595518355,1.0153431438218568,-0.2763846835964931,-0.20776258578137183,0.24869058333434574,0.028675365152112206,0.15818807173674632,0.5905983580263132,0.39833416156325474,0.4625188542278811,-0.6544905044742808,-0.7290737335291009,-0.17384970644555048,0.02517810833814582,-0.5560762442330174
0.6982969941966028,0.6407574216458028,2.6269226083351906,0.5921035002926797,-0.5059193809408905,-0.5349938073259445,0.05844223107607806,0.7144982308213632,-0.3938193985126691,0.07886984197958283,0.11220995562734992,-0.20596794833707427,-0.05846815759884172,-0.09443807602576254,-0.15654747357055415,-0.3169238327645706,0.09966691027536856,0.6732074833443824
-0.8733986242158123,3.7784836004337645,-1.342309893057323,0.26458748211012006,-0.22492981823650998,1.1699240295732616,0.3175102787757992,0.4262523412855604,0.1369287392975055,-0.41651317657913955,-0.35422987189699007,0.080558461180193,0.04711203874975661,0.06468116351043118,0.07363736159253326,0.07197043224629196,-0.14878775114110893,0.2352164348639954
-0.5556552926045508,0.0833901625319371,0.16215490127511667,-1.0031368287543874,1.0079262545743939,-0.5909119910523066,-0.6511789830585165,-1.4194395418195322,-0.12776167298153757,-0.9177131281340865,-0.4236124214907707,0.04814569883739189,-0.30386385009459776,-0.19884026666902238,0.31519219047171465,0.09588871088958084,0.49013725084344417,-0.26149461188692724
-0.4355835752344952,-1.1993122908526461,-0.357611290803933,-0.9857563030249124,-0.8260131110046706,0.2969447630817632,1.618267608556544,-1.3382310249480058,0.1101770202642847,0.4940227700248033,-1.2029133397815355,-0.07968041971963064,0.49329549270801,0.29981909770348025,-0.21692436227371786,-0.0629505659225485,0.12222216125736629,0.22225045138676153
-0.8733986242158123,3.7784836004337645,-1.342309893057323,0.26458748211012006,-0.22492981823650998,1.1699240295732616,0.3175102787757992,0.4262523412855604,0.1369287392975055,-0.41651317657913955,-0.35422987189699007,0.080558461180193,0.04711203874975661,0.06468116351043118,0.07363736159253326,0.07197043224629196,-0.14878775114110893,0.2352164348639954
-0.536799771088271,-0.9042822700126687,-0.6279832066000088,-0.9807763209867595,-0.18414252837578104,0.15750874469022297,0.6735193803980515,-0.48968887503792596,0.9782816966020518,-0.47010638890924206,-0.19595180853865402,-0.10131368129123314,0.06902972409177094,0.18165974291831188,-0.3827211432432368,-0.2924703349461823,-0.10376397765896556,0.2552146472047678
-1.6591672242899513,-0.9761423777464013,-0.3154034079285905,-0.20974769181609165,-0.22758394302748491,0.47925357881763475,-0.10380389242433159,-0.7626569254348698,0.2488084458039052,0.7917141339174275,-0.7547585983726686,0.5336570961467062,-0.34505547620598026,0.33912420829422163,0.12347811205191234,-0.15311909483434114,0.006397017355766033,0.11129867373816821
-0.8733986242158123,3.7784836004337645,-1.342309893057323,0.26458748211012006,-0.22492981823650998,1.1699240295732616,0.3175102787757992,0.4262523412855604,0.1369287392975055,-0.41651317657913955,-0.35422987189699007,0.080558461180193,0.04711203874975661,0.06468116351043118,0.07363736159253326,0.07197043224629196,-0.14878775114110893,0.2352164348639954
3.7639402623429907,-0.4508341871151502,-2.4232432313472514,-1.282021087858728,-1.7698370331070927,-1.4140187564925069,-0.2740266960942592,0.901484702750597,0.29353669119994896,-0.5874833604310197,-0.1593788118615777,0.5401477571739401,0.41489315793567805,-0.026561470883259553,0.031241655419085135,0.03447092726366369,0.38642154187057354,0.529826812131019
-0.6631763471024794,-0.8198228330560304,-0.41361112263449784,0.8160229454307244,-0.5311116423335949,0.35475707822724767,-0.09137853582310695,-1.1051110825279848,-0.26080846496220905,-0.44116648702471173,0.4208825088430692,0.9021520454539453,-0.0630766123127654,0.14643407946519804,0.7539947823573581,-0.07091052278355486,-0.3658350532765644,0.4095013345680459
-0.43216831799678174,-0.33288304861255313,0.5163536984863613,-1.3580754527988232,1.0869093279540478,-0.592593941558265,-0.28608346198445667,0.12303652323708039,-0.07029815705677345,-0.023339578497621777,0.5537839558749436,0.1591914051521959,0.21910399780427092,0.15167164358374996,-0.25422137522314026,-0.10246364322750429,-0.015861768516124253,0.10691031770844478
0.3053950359590305,-0.7703056395155039,1.6854645292574422,0.3527619186285798,0.777407193989624,0.40824479141793313,-1.1031899103288272,-1.0690375805587002,-0.41969811148825414,0.5475152130071691,-0.7199182391931498,-0.535394928609195,0.7326015122247399,0.5410980522853995,0.2819202440801972,-0.13390322311960096,0.09865800600326746,0.3170384681263723
-0.4894981625677115,-0.2954340024142248,0.39793702347872006,-1.1386515472295071,0.8776095490536585,-0.8549872912295594,-0.23959764653046148,0.27496566115021376,-0.02385299439476707,0.6543233620735645,0.40920967101628514,-0.23511881649839145,0.2663149942005707,-0.19055312710119676,0.38617567902308303,0.5241981058784684,-0.23960249059484212,0.2585989212170097
-0.8258082808902053,-0.8966579619244694,-0.5483799807573304,-0.4138972505048323,0.31685519262716794,0.21592693227017606,-0.1109798212450491,-0.1831326167794982,0.9933095191387398,-0.4994207184737893,-0.1722343135119121,-0.07789098869111005,0.04860716787479186,0.2353114352327138,-0.3457986573777412,-0.27867063619012583,-0.13327102803771823,0.21921808870394038
-1.59234892303133,-0.2702925564776415,0.05233461430023745,0.09981821232770836,0.6361354096853462,0.6335035081056244,-0.1836357439583202,1.134822730120519,0.30120171057412726,-0.4150425709139375,0.13416428737208985,1.263835000478883,-0.19101316411073468,-0.3651841149764724,-0.1519063427001372,-0.12861117943837058,0.30167660803262397,-0.5285228655496755
7.363510043446695,0.36139594978532597,-0.4433348302625575,1.4832313641669723,0.8445425246204111,-0.9044887506663774,0.1418860474108551,0.2569859698483616,0.17851887602406274,-0.3543175547772698,-0.008877008685817533,0.09003073328794159,-0.024602046755398177,0.16388076748115477,0.2976718876755884,0.25676045923751284,0.23938217690268815,-0.03560075148398556
-0.38086619790612564,-0.32585031250916185,0.48598756261528364,-1.2015408431126995,0.981188616428054,-0.31630878607406676,-0.19925090596833642,0.24764654105684375,-0.07343955826915849,0.9266234262974051,0.5039610996436847,0.20411800905108776,-0.40553064072104517,0.0975900257034823,0.3685396766650594,-0.03276011308143284,0.3579857981454472,0.04930518384764537
2.8761392827082854,0.5972165528751215,-0.6304050740936236,-0.8599143559301988,-0.27187445887103184,-1.8282486209737383,0.844068897781778,-0.43567870262694147,0.7017493317749108,0.038725517540273785,0.4399363043748026,0.7207354840677829,-0.3628756655531762,0.5201614971824532,0.43701984567057417,0.2272832118516333,0.12222597350722408,-0.26467944970895296
-0.8859271296139413,-0.4507222221643541,0.8012304220735611,1.6549000342978186,-0.7032341203464182,-0.45858338001977395,-0.7611871500445839,-0.06390099191511736,0.3310344276463054,-0.2555725672867225,-1.1618079584494432,0.24593621998158652,0.5013084506452977,-0.3220154226498372,-0.6814382647100299,0.2508005793388997,-0.449840657572379,0.14241919769847516
-0.5975596797186172,-0.8797424736788086,-0.537627913231436,-1.016242341726078,0.0776678977076297,0.11210256437866277,1.827779788190308,0.39841100045351413,0.10776418333649133,0.5415605286782317,-0.0688261498729224,0.12179204059429188,-0.4858988087979239,0.20167684171507672,0.14701118168425004,-0.16364876800140368,0.25055453702312624,0.20727252333774965
-0.8278223804521182,-0.3080657961527362,-0.5445415395023326,0.15198606769376377,-0.4705259466585613,-1.2791075014487032,0.16056354259704556,1.1445963981603553,0.3239802046281089,0.39280672415959106,-0.23292656016042018,-0.29299198138225163,0.18681280166375958,0.22981762668768435,-0.04573424470700649,0.11460338444231949,0.19278657292936863,0.2833112655545847
-1.036573120015896,-0.6363256551528205,-1.1041880502261978,0.042217199840035566,0.03530443959965694,0.15189140700597348,-0.2599761753358656,-1.1003238910132442,-0.39461306007953284,-1.4368192481460493,0.06277022628729467,-0.19609779236193398,-0.37018075665993383,-0.10506196264544249,0.27924236270069347,0.05751345516750683,0.39402871184354304,-0.30825521958724145
0.6460661423926556,-0.262640648883826,2.545846499678831,-0.24183770623468126,0.360247464474808,0.7861146886414668,0.027380824688177388,0.3797568693954659,-0.5722827668552015,-0.07267358532083876,0.16688454571792133,-0.03980830233383098,-0.1531177063358926,-0.1313587799802451,-0.15746658319410906,-0.24142816829301417,0.05935530740925443,0.2538542432661565
-1.051684525985407,-0.7519594934608296,-1.0327269702221047,-0.2867262663256862,0.161719056804909,-0.060796895882162735,-0.07251138922661807,-0.09563920020557487,-1.307506554201509,-0.9430287137750526,0.26360024261568227,-0.42764795983589626,-0.4325167338780203,-0.08761747052087426,-0.17148891507982908,-0.2500469310104024,-0.07870748473513578,-0.29262246054026175
4.1083884947576035,-0.7688597921012985,-1.1153326077265044,1.5676283982426253,1.6349371324026107,0.38630964269324153,2.249235224241238,1.0416597227265554,-0.09729762686834989,0.44055626357280453,-0.5363966110931591,-0.365086129214573,0.15277225264127092,-0.7843451311515856,0.24641545687694077,-0.4487137984932192,-0.24139843694766056,0.15633815950632673
-2.0758582247714257,-0.7927792759450105,-0.07793873227644399,-0.40660434286764946,0.09622715592974311,-0.0900472261188535,-0.4916928748663293,1.1140254238535245,0.17827390106398905,0.2247853553438735,-0.12441451209885696,-0.21280809812743412,0.1263375351494347,0.06248136478891564,0.2487607957934772,0.48507059304862393,-0.4192687012290687,0.28606957784822323
-0.2080881245708387,0.47980600013136265,0.633999217686618,-0.38869856600123265,0.11432129760906755,-1.8175945844179118,-0.32102736205789517,-0.06836380832438452,0.6978244188562928,0.09009288753512715,0.4160600230138063,-0.08098067910408202,0.0508106440027104,0.7182366586912393,-0.2388858546990379,0.2666337526478368,-0.43358135304450285,-0.46381178847651816
1.9377920395681902,0.07460853178749605,0.8805692856791807,4.154100523800623,4.764687753066888,-0.16261302872899713,0.2962559708699448,-0.7434133043446629,-0.20182196491049997,0.34282527219714565,-0.36953697605800645,0.34411277965997156,0.043265577644830744,-0.1937401357033619,0.11515847294238102,-0.2230214972150363,-0.6953577035052236,0.6141484118974858
-0.464593415759676,-0.27794662499273426,-0.3548733808779274,0.9743895001979214,-1.6321348675188512,-0.7092155576826034,0.6192432189420678,-1.148607132436926,0.016759403457384872,-0.19524413417052286,0.4252459557386946,1.0932549972913788,-0.2803367311351217,-0.2450727210827484,-0.16724264596640437,0.23373009851825172,0.18956928627357028,0.17470915199071096
-1.4104151632638593,0.38883757036047417,1.3145405290562635,-0.3104869516743156,-0.0014730260082637253,-1.6564291144145191,-0.915731073578188,0.6452713931208729,0.21564136552689672,0.1660714885517106,0.5324376602381411,0.27360748461496726,0.025275267325270523,-0.30687355449029213,-0.8071489213195208,0.35337105662128715,0.001503294428439994,-0.011641358978483674
-0.9711248176942315,-1.0262083100261779,-0.9184796824194057,0.20423025503293568,-0.20645896453964013,0.08200422185099551,-0.0679280845314435,-0.3696602257288297,0.5859182465345525,0.06810756891927236,0.7170074495596588,-0.699291815240142,0.13068209355762977,-0.17738252497132506,0.41419110545734594,0.4108193836540635,-0.3120690886158918,0.21499629278067328
-0.5950236732040268,-0.5177017627722955,-0.7145250950699271,0.7228748312600729,-1.8695356013505955,-0.6492454766188489,0.19883811390821066,-0.9125067856931328,0.0436840252665683,0.921750380671502,0.22377635152283937,0.37157742596204724,-0.4317729295622077,-0.3546713887991557,-0.3405411989841333,0.2714841754132205,0.1442356122839925,-0.02482105141395402
-0.9478776000676252,-0.4582677709255878,-0.8024312691749523,-0.6540141737964363,0.46076551648463776,-0.17076734726841525,-0.03700885087184279,0.20187439353455267,-0.8173992528406542,-1.2595749218255956,-0.7924609524082432,0.25092232007893506,-0.33572869186886717,0.0460149287673578,0.09568439990654526,0.06968865093162119,0.32544410936414747,-0.1555027994193874
-0.974770569667028,-1.183125195339578,-0.9141114352855635,0.015839640025934063,-0.0013066463285685143,0.40521689165564767,-0.08821080986754587,-0.45901660819233087,0.5111547731770343,0.04301778746372828,0.7217300772533173,-0.6739492144320713,0.10620655335899049,0.13455340621132272,0.07088434882394651,0.12832983796934577,0.2766156906975934,0.0018400496209124984
-0.32460117986149345,-0.06444808919486023,0.5805882698069877,-0.8708331855739332,0.8947232522394925,-0.1635210022377626,-0.44164545648859077,-0.8503155249514103,0.859974726487005,-0.43933023581139774,0.3941320467758045,0.5299220037337082,0.11037039063945264,-0.3459593824287402,-0.4212460260953644,0.5696397068445531,0.5537633254069011,0.008386765944254804
-1.0255382364324055,-0.3560745238058385,-1.0057848127323914,0.5583839756296625,-0.7292062913122622,-1.434224105994983,-0.03281063787133162,0.27078277365482767,-1.080725053121882,-0.16042169955740385,0.04783631619667794,-0.8617614977679218,-0.39518561849677925,-0.18130917113944184,0.17167033571217494,0.12610553981245604,0.24478726530745543,-0.31244382478409227
-0.36525845777037463,-0.01221900131305853,0.5937964811755032,-1.1885109595518355,1.0153431438218568,-0.2763846835964931,-0.20776258578137183,0.24869058333434574,0.028675365152112206,0.15818807173674632,0.5905983580263132,0.39833416156325474,0.4625188542278811,-0.6544905044742808,-0.7290737335291009,-0.17384970644555048,0.02517810833814582,-0.5560762442330174
-0.43216831799678174,-0.33288304861255313,0.5163536984863613,-1.3580754527988232,1.0869093279540478,-0.592593941558265,-0.28608346198445667,0.12303652323708039,-0.07029815705677345,-0.023339578497621777,0.5537839558749436,0.1591914051521959,0.21910399780427092,0.15167164358374996,-0.25422137522314026,-0.10246364322750429,-0.015861768516124253,0.10691031770844478
-0.48046748903756326,4.331200023818486,-0.3276499682104425,-0.3820629465158508,0.4336776184718079,0.5555912707670952,-0.07712660768724149,-0.23132005638319278,-0.05005630887069282,-0.007541709745301189,0.19320352825517406,0.0977113474810744,0.14829287460163088,-0.09956633003224086,0.22917989795241844,0.17317395870658253,-0.0077365506406635864,0.12606664313247762
-0.8733986242158123,3.7784836004337645,-1.342309893057323,0.26458748211012006,-0.22492981823650998,1.1699240295732616,0.3175102787757992,0.4262523412855604,0.1369287392975055,-0.41651317657913955,-0.35422987189699007,0.080558461180193,0.04711203874975661,0.06468116351043118,0.07363736159253326,0.07197043224629196,-0.14878775114110893,0.2352164348639954
1.0691099219158429,-0.26771681216717935,-1.2835753746893808,0.7757149691652444,0.4659844892497123,-1.4713431387356701,1.923470535973956,0.8596450716003041,0.3483038321023993,0.6934559962707911,-0.14950914980215696,0.009708369753676449,-0.4069181724613292,0.0819396829765211,0.23826577341271005,-0.28330653430219266,0.2527044378412887,0.42202612856543337
0.3613950946093043,-0.3381099119985691,1.9913065263679302,-0.1673916695741977,0.42459999764678097,0.45668055535118135,-0.1563022536442715,-0.3647552296343542,-1.182121315569005,0.42274378202938656,-0.25835758524730923,0.7332504872734447,0.03876908903534826,-0.05755536323434368,-0.324814769242996,-0.31409400375659846,-0.0822593163641277,0.29451287853354685
-0.8513541528295757,-0.7287950357346589,-0.6066328493929081,-0.4026315583170126,0.3110604670042803,0.31575155379958175,-0.06456173664707761,-0.08881119930141149,1.074903651925823,-0.39569294529664234,-0.17659801858979107,0.02207133661239885,0.46309160868130694,-0.09066417893739498,-0.20289508703095516,-0.7145996633023204,-0.18912004852779463,-0.3608776805203114
-1.0253822580112113,-0.7154864282030611,-0.9451661258382809,-0.35686880206380345,0.36013927576344834,0.06573990002135578,-0.26240746609196874,-0.658351235578809,-0.00536580160351216,-0.2474305746236148,-1.0886523317142387,-0.7894544833223931,-0.5139612010445029,-0.1280448223977892,0.06997392814941494,-0.043706464829694924,0.2649358519779387,-0.19502172149564775
2.2315465632548346,0.49588703352524366,2.1284100407561652,-0.21797245642797225,-1.2925241855795484,-0.6478984328990615,1.7273895047173713,-0.4321775299124419,0.16085982995024684,0.10234074886420266,-0.018392334912487207,-0.3476662737411976,-0.2597814393158355,0.2830942057145658,-0.2142227893211921,0.05775753082317259,-0.28283853171915535,-0.19723131468013566
-0.5549464648893763,0.09444865245913303,0.21222865567192795,-1.3006646024224073,1.1193729531929557,-0.7851001060745814,-0.43164573733488354,-0.45569800413420053,-1.0043843010088525,-0.8506034549917574,-0.24502755225607917,0.26807520637981647,-0.2345478560169929,-0.11823256477531424,0.25122693626643045,0.17089217739191181,0.46649530986459287,-0.2646525911509051
-1.1691984417811447,-0.6184909854880845,0.6491393272958248,0.04996011688134376,0.05631634250940702,1.1262172976201787,0.04880440648908968,1.3444747436696798,0.0979490596206644,0.456500411859289,-0.40857166186387617,0.24417117155749546,0.0465903057037923,-0.784063883085259,0.07086352401018453,0.09996308025738515,0.1475728881269891,-0.7642330202597152
0.2610340891906431,0.054514185973492335,2.0751346464586753,0.4978721130422131,-1.165155463890873,-0.6702087274095302,-0.22006607768888067,-1.1065332116208957,-0.1180766196068076,1.1782219474263649,-0.6687160125058709,0.13246532157700014,0.01386866486810906,-0.242881762369404,0.042798635384730666,0.022667627240654575,0.3270802478808875,0.31181427223383046
-0.8029101148496642,-0.7583960491050734,-0.5546450554549507,-0.26963545855730553,0.2190095659025647,0.17207373986472924,0.09575232825957775,0.14874452711385483,-0.567594935051923,-0.2202344183233725,-0.455929168344659,1.5609583446566324,-0.14810562224241441,0.47484731556966,0.1588133572616539,-0.07841971614356252,0.08007220272273041,0.192683824136814
0.19787752889853483,-0.6575569540200938,-1.4493245881790444,0.5936743461041322,-1.275237442224526,-1.2551115630627283,1.2568214978373027,-1.2946210394281887,-0.02732337991453647,0.5622875945578968,0.08768392245172385,-0.2559090582664791,0.5023204933956547,0.06744684349807861,-0.1390602612911801,0.11725276749369712,0.16163564277087428,0.23950989809124795
1.2874434113716962,-0.21612679385082,-0.37668603899416125,0.44131525455025006,-1.567182560433054,-0.33806502733374366,-1.5065544813939926,0.5668979405129739,1.0310010065994295,-0.37689770344997187,-0.6242975068178926,-0.11113052403827733,0.26195082011466275,-0.44575436760211373,-0.6735315841394967,0.2550872899969869,0.10698609045521934,0.24904900993009765
-0.8104869696741372,3.9427258435020933,-1.2240587572242436,0.6863388794283037,-0.6879281269414542,0.3809086635746938,0.3085766740158016,0.57174280984495,0.2668698124424313,-0.3527003822475909,-0.40484236670962104,0.06783936971408194,0.015350490061281474,0.25042588242600405,-0.15820346648449174,-0.12099718575804058,0.2845464998046259,0.0579174957916852
0.42147227022562495,-0.3044639541576588,-0.6007907260555432,4.01059286751189,2.7468915107799337,-1.1349262899677375,0.6769946707464485,1.1294615442629432,-0.39075047298576243,0.9930226459696537,-0.6561544334523385,0.603214047309345,0.07310093911369941,-0.2085455253324554,-0.2880932370878886,-0.5163244412272178,0.16643224712365,-0.41035494349912566
0.13164826375107597,-0.6773854130416093,-1.128699403543277,0.9891579021342604,-0.15724935927574102,-1.414279722952533,0.37651173427029694,-0.5616455594360816,0.4728319614773007,0.6236764102158281,-0.9193679253724494,-0.0012288997702347704,0.3632866834836772,0.20177195119445757,-0.15441005205103447,0.05785193538762062,-0.004923940397724813,0.2518204015732249
-1.0329273680430997,-0.4794087698394194,-1.10855629736004,0.2306078148470373,-0.1698478786114147,-0.1713212627986786,-0.2396934499997632,-1.0109675085497432,-0.31984958672201463,-1.4117294666905056,0.05804759859363595,-0.22144039317000458,-0.34570521646129454,-0.4169978938280903,0.6225491193340928,0.3400030008522246,-0.19465606746994235,-0.09509897642748064
5.3674547662658565,-0.1793563617619458,0.4155627978524503,-1.052760109508493,-0.4395473642462702,0.869930620636369,-0.1509583283182991,-0.2526294034014007,-0.15474061583586934,0.023620711466971228,0.04919439148284305,-0.2278158726446649,-0.19072249235784816,0.1756219229695709,-0.17854727409678456,-0.08500352777743225,-0.18406367269909413,-0.0824125399075861
0.021157373320433215,-0.43983916538246715,0.3204543072718533,-0.45946403989424434,-1.1357428265589737,0.7266239853767493,0.9665616169865237,-0.22186011244478696,0.8658632828898738,-0.779305225226655,-0.6325959231522571,0.42873146206945256,0.002625760127207666,-0.2819708229358427,0.9811749627904867,0.10722708601665348,-0.17415340130800977,0.35407492774052934
-0.8999740411514066,-1.0477244304501114,-0.7459679175808166,-0.31500053306692666,-0.4588022537272263,0.2467894729455704,0.6623859624554055,-0.38024707527367324,-1.0654038700375532,0.11448539221285992,0.5839061575454139,0.865966024484617,-0.2357717643200637,0.31452675457532453,-0.13734778201922804,-0.3994986523882864,-0.3071758243947632,0.07012383590222454
-0.7888238467638414,-0.5144601708028365,-0.6723767020844813,1.3985892655959815,-1.1481803990222004,-0.6808102674071979,-0.08767991285843069,-0.7147559878320231,0.06308128211596638,0.889609007859711,0.24696133825481925,0.3675254503749008,-0.44794812733083633,-0.3132710201187697,-0.3189913813801785,0.2675366701290896,0.11994619698923659,-0.043990014681123235
-1.1358521143144467,-0.13340130759474067,0.38470974607927566,2.0067715306005915,-1.3541824853007869,-0.17486972733977008,-0.8085984612459104,-0.5977129040549036,-0.15924157913122472,-0.3484529451423325,0.31899958804766526,0.9915676045321418,-0.08257012212626447,-0.14460677771549996,-0.0018216543913251448,0.36121445523773504,0.33743574355725103,0.10973812985957182
0.0698382979076474,-0.6113210066965113,0.9224866264959322,-0.5479192010673718,-1.1668092919345017,0.7366356538745371,1.7229119485772175,0.6657392373062889,-0.10091789623632455,-0.26809506568814623,-0.441848481527409,0.23223599752171306,-0.2299119027754107,-0.6392479279361323,-0.07486861789709176,0.18306431002411633,-0.46962225952549025,0.21030392667244086
-0.8860750497187571,-1.0050673111123463,-0.6123546542343181,-0.6803917336105378,0.4241544305564123,0.08255813738125899,0.13475651459647686,0.843181676355466,0.08836858041591304,0.22026211378418203,-0.13350110144222044,-0.22692910199120225,0.14065861815005715,0.28563029762412295,-0.11267361397020165,0.14050503373346007,0.20803108821819782,0.15459246978876656
0.7735757430056198,0.6990400910877476,2.422196698441283,0.6581063492254328,-0.5689037719891415,-0.5289969061275933,0.017171127576122394,0.1711228186276463,0.3097457369520592,-0.3338569324798357,0.039214886793593695,0.30120599056261615,-0.23958430776290923,0.397893232348689,0.2174461506139892,0.6932485778099196,0.12612337937540496,-0.5686691998797615
-1.4634292810996863,0.11045490703276983,1.0084064406797622,-0.23138654821551907,0.32787955479186165,-1.8586432411464706,-0.8159029584999514,0.687069598313995,0.17585117507417625,0.7315721026366181,0.35642468838336705,-0.24586382941998325,0.21913114296831282,0.14464218531486217,0.10881848207737033,0.32402505760570194,0.26860128520812354,0.012891765169584013
-0.5783572061447706,-0.26504214714824026,-0.07373726410003778,0.6206089039887345,-0.7009924007226757,-1.1014981466579807,0.1447076256083619,0.6159842895244845,-0.33091805973229593,-0.3942554585649033,-0.9636714788367271,1.093808806946484,1.1426172305337579,-0.0663524321635478,0.21403652246881477,-0.02657942610856945,-0.06777000566069613,-0.4325904862294178
-0.255105866700571,-1.0339671155931784,0.4975587194547382,0.3831975016623148,-0.340876385789278,0.9662674328914136,0.276063376747975,0.5785557541078878,-0.7004426172526615,-0.7861229642753116,0.910862838115065,-0.43497296666905544,0.2396841871019949,-0.18068841234166172,-0.600946899717075,0.30526909606343305,-0.06689800462685902,-0.046623803089314075
-0.32464693475362233,-1.0260600327632348,-0.8141914164858949,-0.9949480200826941,0.3687318507919653,-0.1290382204536772,1.6620880307812917,0.3908880846496325,0.08172156570783566,0.24123258370107065,-0.1559570470823624,-0.2945927674227972,0.16916505099696422,0.21183093289078325,-0.16952116313689958,0.09570761089681962,0.24678656819306222,0.21784764927875228
0.4879227471120714,-1.0587956333132278,0.23297480396893255,-0.38982704380686684,-1.6228708640451086,1.2690680751957182,1.9900406158741792,-1.0783905273489434,0.10418319565767915,0.23033132262022063,0.6466586616240158,-0.6935672297088673,-0.36282480503893805,-0.2716793938410997,-0.027127513472641307,-0.21555623723193545,0.5522536365391978,0.28495505240146984
-0.5103587884353358,-1.072894729587856,0.029916510512578487,0.37069780131283253,-0.04381288517726102,0.7733001162119344,-0.11374665013828053,-0.6958482337002647,0.07094346898155161,0.4863705583281238,-1.1649651123254299,0.014221799597130935,0.3209595737768829,0.009785436479325393,-0.6436005090640669,0.30452910047838505,0.12344550128612386,0.3094655114981916
-0.41755583449588823,4.495442266886815,-0.2093988323773634,0.039688450802332784,-0.02932069023313623,-0.23342409523147245,-0.08606021244723917,-0.0858295878238032,0.07988476427423295,0.05627108458624744,0.1425910334425431,0.08499225601496335,0.11653132591315574,0.08617838888333207,-0.0026609301246066086,-0.01979365929775001,0.42559770030507116,-0.05123229593983247
9.540917914662128,0.45859748602430606,-1.463047251906647,-0.5573247741005826,-1.822629817847255,-0.27215391526065824,-2.7398338791537733,0.6215454894141317,0.05305858849313126,-0.17138020572091814,-0.06907227949931061,0.22360638608644706,0.07270741175427808,0.20461578001537206,0.3494200053624279,0.3418792495223329,0.22367209778016905,-0.026885902376604154
-0.4103798712611881,-0.21985704466642475,-0.39975890134935804,-0.5045349380364832,-1.565583581570946,-1.396447658943412,1.8358080007955537,-0.23021948317109261,-0.3446088709712245,-0.2563427464878084,-0.6262973985173497,1.1663517252225106,0.3770102478890621,-0.1393099276429871,-0.8196272736087902,0.5697672489994405,0.18014165100576218,0.21048137639949555
2.0003637494738467,-1.1833185635282073,-2.2126632009133167,0.8337439702673247,0.4437570107038163,0.3854431078051511,-1.0800116109036042,-0.8340791064835387,-0.22481120052975928,-0.16632440850018756,0.37299808634008425,0.3890036598969676,0.23534405977719675,-0.34524773471438347,-0.9329938154879969,0.04517798268868878,-0.16067991788449926,0.11959536828623757
0.2603377266559086,-0.4935021794457488,1.9170396766817224,-0.7552031880291837,0.6952865487196724,0.12958785351211866,-0.13095852646672615,0.25589283534183455,-0.4657257071494568,-0.37032205221449055,0.13475579921051817,-0.35950256991779955,0.7006201110381415,0.08633673611761106,0.1635168320285899,-0.28034798480562234,-0.05996907004907809,0.2889835981887518
-0.8250994531750308,-0.885599471997274,-0.4983062263605191,-0.7114250241728524,0.42830189124572987,0.02173881724790129,0.10855342447858403,0.7806089209058336,0.11668689111142487,-0.43231104533146014,0.006350555722779483,0.1420385188513145,0.11792316195239677,0.31591913712642195,-0.4097639115830254,-0.20366716968779489,-0.15691296901656954,0.2160601094399625
-0.7297067967516313,-0.5869399555013857,-0.41705257656645284,-0.06720783443866231,0.04593141590679288,0.10909889889788997,-0.0587943043038333,-0.062443591696818374,1.0854523819180604,-0.39653105996102433,-0.13577883397632218,0.035946841608369196,-0.09798687630947372,-0.5568110298378559,-0.6202478293970881,0.3683618733887403,-0.6250669100068569,0.34948353914649105
2.1039628580900844,-0.8152128721161003,-0.9262419076913992,-0.24509646265543827,-0.9645550833808315,1.0499798046530417,-1.0904659481656447,-0.5991478965233095,0.08838045190120812,-0.21008604514792903,-0.9886730796801391,1.2892785663264983,-0.1371356380952124,-0.10367856841249107,-0.19769706943925458,-0.028672505368911083,0.27795844867570907,0.5204165471765194
2.2637036698426565,-0.023757199625688674,1.9389087971863532,-1.2793714566100125,-0.7278455453112914,0.8477208386157081,1.4495291823420613,-0.7128013465742169,-0.10384725361983241,-0.01600439628066394,0.05115438833989,-0.2640422440591646,-0.2694203263054791,0.3364632980466715,-0.2545504338934113,0.0336684201881412,-0.23532722839049564,-0.23865090059209537
-0.6984477237063724,-0.9684492419860462,0.11588872147570695,-0.24518418415603982,-0.1578382984141959,0.3766630100682569,0.032906275846545,0.15347284819757145,-0.7780509102047202,-0.5801283788694275,-0.9367779433996308,0.9416713964199419,0.6704114566414526,0.6815274383957101,-0.058508597802703566,0.04394754565715642,0.23294644817048227,0.20555328688083047
-0.8867838774339316,-1.0161258010395418,-0.6624284086311294,-0.38286395994251776,0.31270773193785034,0.27674625240353373,-0.08477673112715624,-0.12055986132986576,0.9649912084432279,0.15315244064185285,-0.3120859706769121,-0.4468586095336268,0.07134262407245229,0.20502259573041481,-0.04870835976491744,0.06550156723112915,0.23167302919704913,0.15775044905274443
-0.8733986242158123,3.7784836004337645,-1.342309893057323,0.26458748211012006,-0.22492981823650998,1.1699240295732616,0.3175102787757992,0.4262523412855604,0.1369287392975055,-0.41651317657913955,-0.35422987189699007,0.080558461180193,0.04711203874975661,0.06468116351043118,0.07363736159253326,0.07197043224629196,-0.14878775114110893,0.2352164348639954
-0.8250994531750308,-0.885599471997274,-0.4983062263605191,-0.7114250241728524,0.42830189124572987,0.02173881724790129,0.10855342447858403,0.7806089209058336,0.11668689111142487,-0.43231104533146014,0.006350555722779483,0.1420385188513145,0.11792316195239677,0.31591913712642195,-0.4097639115830254,-0.20366716968779489,-0.15691296901656954,0.2160601094399625
-0.9609705635236848,-0.05441076118632027,-0.976690176196483,0.8441428047980877,-0.8230960159309159,-1.2108576992735163,-0.2848461736226624,-0.7613438025686836,-0.18732637111654,-0.8327890656820174,0.006204495974285074,-0.7466860675564553,-0.46918401970648177,-0.01633590607178642,-0.0809801072814264,-0.1988428901769062,-0.1793546985795917,-0.34646768962973024
0.014214926910572523,0.0708252662631923,2.874768553848061,-0.002951426835592061,0.26618392675914554,1.0565651493454593,-0.21361344944060276,-0.05143767270916008,-0.046104635035855296,-0.10580160446800377,0.11353746051413416,-0.2001075021050996,-0.3608925378198783,0.5555014760116009,-0.18331908808944553,0.13400395758995248,-0.339509120046738,-0.41147986365090006
-2.0284165456564116,-0.8547933753026367,-0.11895781649814419,0.23240580329971394,-0.18070001411382158,0.7100787386422049,-0.7183887758182573,-0.31090285278562013,0.5726389055147072,-0.5531438531584958,0.9167305764333977,-0.12668944277310762,-0.12694780729001107,-0.2251225492835645,-0.8260764052059919,0.21183635435235787,-0.03026166444830891,-0.10293816257264063
-0.5672827716408466,-0.7171578308200413,-0.5576966862579475,-1.8658518640219708,-0.5412928386243168,-0.06139586144761387,2.334133786871038,0.09764782638016692,0.1751117663047445,-0.27244189614179215,-0.048555148562441974,0.1703703258101378,0.5687837249714921,-0.1123358095033376,-0.36466412725033315,-0.6660446177359777,-0.1533574796761477,-0.2952921258551368
8.072959716817126,-0.4375561081569854,-1.069030130746781,-0.17375803783958277,0.6429213169421129,0.7920444302665387,-1.046516923549289,0.20571777200280536,-0.18003357427696415,0.6378407046603021,-0.07308768785583608,-0.5933506594938045,-0.12070103245324498,0.08099208660115975,0.1946505685805906,0.20426410092277797,0.22648554620579897,-0.10659854219712597
5.9002935218055725,-0.011829582059637245,0.12146060024540506,-0.8870602481012381,-0.24055638900930215,0.9361800770471376,-0.3468169244978775,-0.18255785086825457,-0.16152022496059132,0.05654887750604945,0.04982089902090647,-0.2578050679066098,-0.1663933493750006,0.38946765322726073,-0.18088585129286344,0.012647908128139762,-0.2563051764369056,-0.19292608945480083
-0.8553909845047947,-1.0054404256122444,-0.9629229796167447,0.6255604708683496,-0.39426824217797335,0.22276260973132428,-0.23329533137276784,-0.9714778538690578,-0.14392354325098955,0.4875880019708664,0.22745726446569992,-0.0022055168646938905,0.21184799941067833,-0.5414560594645592,-0.3430853429254353,0.793513767876521,-0.43300970333540123,0.12319747416435906
0.4695133444413939,0.18245342948271892,2.6968731646587507,0.6404795613978363,-0.12774249745059307,-0.15895813093908623,-0.765933357540865,0.8692745105408628,-0.3810898916973651,0.016837070054780773,0.12979390270159885,-0.07024272172173857,-0.1390760450040362,-0.25290161502080205,0.02912841159140217,-0.10411124195376331,-0.23411266774566952,0.35143910321745414
-0.8263072033588226,3.816033515266888,-1.2026714316169618,0.654923186930602,-0.6729602083547642,0.36240847570883233,0.27650821440141593,0.6126859629672876,0.23059894634777023,0.07398047898107693,-0.382597219615925,-0.3836403053023049,-0.11630148123440989,0.18726267265686414,-0.5449694900597299,-0.5035610384382807,-0.16454775579520164,0.07670823410264288
0.04769108105085956,-0.2571933594069953,0.8039017113321372,0.4501304495416152,-0.3154398467585893,1.6746907492551508,0.44898016742946256,0.7794387927217394,0.33670320414792493,0.38544300798118314,-0.6587676217174918,-0.298399196289768,-0.06119278975976217,0.19443172102764783,-0.006562272563551741,0.08719252907552832,-0.05048551078584168,-1.1798907109277148
-1.0523933537005816,-0.7630179833880255,-1.082800724618916,0.010801507342333858,0.05027235818634705,0.13339121914011204,-0.29204463495025124,-1.0593807378909066,-0.43088392617419397,-1.0101383869173817,0.08501537338099063,-0.6475774673783208,-0.5018327279556252,-0.1682251724145824,-0.10752366087454485,-0.32505039751273335,-0.055065543756284474,-0.2894644812762838
-0.3825874675329227,-1.0386652275428114,-1.1000448405128616,-0.5022234957293745,-0.39106393659799016,-0.20062524385574748,0.889896494253881,0.3288842130879956,-0.30665159920771407,0.1630863490411297,0.8750203151093248,-0.5084251564267799,0.22702432905448688,-0.16407286494740952,0.3190742537723883,0.45372823062311235,-0.3034751464450439,0.2663014051585319
-0.43216831799678174,-0.33288304861255313,0.5163536984863613,-1.3580754527988232,1.0869093279540478,-0.592593941558265,-0.28608346198445667,0.12303652323708039,-0.07029815705677345,-0.023339578497621777,0.5537839558749436,0.1591914051521959,0.21910399780427092,0.15167164358374996,-0.25422137522314026,-0.10246364322750429,-0.015861768516124253,0.10691031770844478
-0.8034064625249281,-0.2969458352395764,0.11628077871039855,1.459978785949009,-0.45700185482670724,-0.8368191835800037,-0.23745478064023054,-0.29960141612666985,0.49224302875499576,-0.23080794515351974,-1.0100953796009509,1.142696142493309,-0.07929014352323294,0.43367062751461816,0.3369777560303475,-0.24398694079702915,0.09948314074074516,0.2325099245764441
-0.9501944544442238,3.532323433083487,-1.43497099532384,0.2642050801747329,-0.21410936033913752,1.2122431618407576,0.31164490927930644,0.5297682498575305,0.07233956250733257,0.6627408437651704,-0.471836381968294,-0.7398888346787107,-0.061804476348274295,-0.02877088576100767,-0.01603836436988132,0.033578782987306766,-0.23293794950616903,0.19253953352375713
5.95302794560265,-0.20387665254591503,0.15923061327565158,-1.862992465322364,-1.4931114658102476,1.0768311657260832,-1.127432808677504,-0.14727389269191235,-0.19527166562914094,0.0739443367591667,0.02722393615353602,-0.16672294185436148,-0.1660743178264774,0.11948358583062613,-0.1577057762511061,-0.08129493338257032,-0.16267343066393586,-0.050390869454709664
-0.3799374661928346,0.5705150219170764,0.5974298071427209,-0.5241342462714624,0.220742482538349,-1.9137024375256766,-0.255022055596556,0.4577778846629777,0.10816521128575894,0.12820384880279964,0.49910936578437215,-0.006968240851047247,0.31375354654132204,0.1885923475382324,-0.2533022655995853,-0.17795930769906082,0.02444983434998982,0.5262635577866708
-0.3457552596152285,0.1714112702303141,0.607270529453062,-0.24647072773776912,0.08868474190763241,-1.8326523567821686,-0.49211904647069615,-0.5368557960374811,1.06142428274568,0.03958460346205531,0.29928681738624774,-0.12588401947973754,0.16438366291024675,0.007661080573772905,-0.1441871678386757,-0.14548684232823192,-0.03366913472944899,0.15171457237978808
-0.6686128044260714,-0.5516232359323652,-0.4526190604481406,1.5566385363061364,-1.2524689741696875,-0.544742155605985,-0.06124764368522112,-0.7195141285568298,-0.031423209303761676,0.8710488352145215,0.17623117385681986,0.2837213191435729,-0.4143981083446322,-0.1981926241605147,-0.26485164363100117,0.23073091993334977,0.22373222183405095,-0.0360936697022039
-0.8797059450780759,-1.0045562164553508,-0.6473061577214678,-0.2700178604926927,0.22983002379993717,0.21439287213222546,0.08988695876308492,0.25226043568582474,-0.632184111842096,0.8590196020209374,-0.573535678415963,0.7405110487977289,-0.2570221373404453,0.38139526629822107,0.06913763129923944,-0.11681136540254772,-0.00407799564232969,0.15000692279657574
-0.6562926421158697,-0.6046332525794775,-0.26186268832951326,-0.42203817008111266,0.2685183292902515,0.45150510266747473,0.22625332198901424,0.8684826344523153,0.15950935161587415,-0.05696759620451336,0.13771451780235022,0.6938674926629234,-0.7011380064889732,-0.18742903045760212,-0.7031217498079361,-0.11422641599075001,-0.05204517750114107,0.13768610232573758
-0.41755583449588823,4.495442266886815,-0.2093988323773634,0.039688450802332784,-0.02932069023313623,-0.23342409523147245,-0.08606021244723917,-0.0858295878238032,0.07988476427423295,0.05627108458624744,0.1425910334425431,0.08499225601496335,0.11653132591315574,0.08617838888333207,-0.0026609301246066086,-0.01979365929775001,0.42559770030507116,-0.05123229593983247
-0.7490280549218842,-0.7172731451060972,-0.4928244426643783,-0.8325157802820132,-0.2909393915297712,-0.08055517986040549,1.000712690096604,0.7060639474670174,0.1791156035543791,0.5650321602302143,-0.06738155639209503,0.1375804333439275,-0.4703742600206104,-0.08533199495206234,0.5194058234949612,0.14166792623980667,-0.3514803084358292,0.39483390262700097
-0.5714755262892361,-0.04330216570326795,0.18354222688239852,-1.034552521252089,1.0228941731610839,-0.6094121789181681,-0.6832474426729022,-1.3784963886971948,-0.16403253907619864,-0.4910322669054187,-0.4013672743970747,-0.40333397617899497,-0.43551582139028916,-0.26200347643816235,-0.07157383310352367,-0.28667514179065934,0.04104299524361654,-0.24270387357596962
-0.40805097435172627,-0.45668073622516814,-0.8030032594056505,-0.7685230072099128,-0.8272549262878983,-0.011794547717936504,1.9157619970544502,-0.044069116932054925,-0.23057997963755394,-0.556669896151179,1.062605815806124,0.6607666170052895,-0.28873174218415276,0.10143353469685223,0.6718338001212436,0.3133832294720617,-0.27777180168224747,0.2231458919817419
-0.806078218852577,-0.7199853274908328,-0.5159750146618742,-0.3609130655709646,0.12499000889916571,-0.027272883436185794,0.24083634583789607,0.98907912974627,0.18857512485607814,0.5428954673094517,-0.04803787428555678,0.1603768399047861,-0.48285742570976853,-0.0494672672546268,0.5550312330910332,0.14789236922107446,-0.3726747969242056,0.37226549855151275
-1.683239714744796,-0.498936369999758,-0.27938667876008383,0.9307275235986214,-1.2165358106728088,-0.6630963218742296,-0.6784437750354151,0.07318181841604651,0.798632488988195,0.4600227026537561,0.7446774677056776,-0.28494612535665137,-0.5553470830127276,0.11307258776736306,0.46047633463681925,-0.06343943519057071,0.2146232692759389,-0.014883093168035322
-0.6529576356728453,-0.7322942615610375,-0.24211109471150216,0.7762967977752779,-0.9626045210841077,-0.9099212422462659,0.2410296156167143,0.9368447302338965,-0.24410552301580518,0.029191868720414765,0.6721780470394327,-0.7023285142650673,0.43980309879880153,-0.09912062327673982,0.2910986626186016,0.4267298783680061,0.18203869222729452,-0.16982390397363242
-0.48046748903756326,4.331200023818486,-0.3276499682104425,-0.3820629465158508,0.4336776184718079,0.5555912707670952,-0.07712660768724149,-0.23132005638319278,-0.05005630887069282,-0.007541709745301189,0.19320352825517406,0.0977113474810744,0.14829287460163088,-0.09956633003224086,0.22917989795241844,0.17317395870658253,-0.0077365506406635864,0.12606664313247762
-1.0403979642317593,-1.1428038237500988,-1.0041053182160302,0.18598830145018952,-0.19532456923137848,-0.1937308074075202,0.020938499453480905,-0.0533809996404421,-1.036700144833418,0.47643115822863125,0.36537188697028566,0.07542930038715484,0.45030891620319746,0.022151779292583385,0.20763900609366714,0.5036086612174902,-0.5557990076263525,0.20273598092151918
1.5351756281042188,-0.683317370181195,0.09371781907991528,1.4372906697335635,1.6664939523497102,0.7046064926803357,1.3900005366381458,0.975848152024704,-0.2025516946672029,-1.151510421755673,-0.5145703795417227,0.07934506212204445,0.5468632270638966,-0.06823985632306262,-0.4351402594346717,0.4477488960480374,0.5406963589033532,0.1647837031082156
-1.0210276783232404,-0.5475110529624643,-0.8994606185753118,-0.4660059607248217,0.26643365617093856,-0.4516608848055711,-0.02259149503223322,0.39474668457002376,-0.8072249562733088,-0.15523112002574166,-0.9147900901732058,-0.5948675765880391,-0.4201696667682588,-0.3593730516867289,0.3493154305775301,0.31378654735735384,-0.34739086831439814,0.014976542400135073
-0.9156530942640204,-0.8344770948499953,-0.7356058792626561,-0.3645631100312502,0.3048052421507303,0.34932714381974966,-0.07246736436398123,-0.12299435793574662,0.9455030208802853,0.1956631959152555,-0.3355991601411076,-0.4477755718351674,0.10290114840257425,0.2126127859102449,-0.027837943680902477,0.007619650538385148,0.2578778211003959,0.24482296941119724
-0.4346418831478159,-0.7933832874928786,0.2525917723158584,-0.03271499195446283,-0.06047959979051033,0.40606350541129943,0.3191789753571854,1.161450155016427,0.05348215093100908,0.09701187045342985,-0.510077483726399,-0.31563495867163244,0.3307499337564386,-0.8069028739512671,-0.06489009469721752,1.0554738558421561,-0.36667161522398806,0.07750691462230147
0.878593007835569,0.15391216112448602,1.6925066648900946,0.503960012737069,0.5884985658890542,-1.4799155926541963,1.1957747260639922,0.35922915300938124,-0.07945508270931467,0.08075515953480497,0.20579937383026192,0.024704878891268323,0.031854141586566964,-0.15650551637578464,0.5296067515679121,-0.378801289427623,-0.18705928350525225,0.3757886912018135
-0.9684014650263468,-1.1826141006825825,-0.9490629387727132,0.42621351314377914,-0.19563105308504364,0.5370516264066142,-0.13308036570093787,-1.049937848861972,-0.20939791908097466,0.6817752757004837,0.2816955002795749,0.29349093635685986,-0.29147420213151204,0.23031837488542073,0.2526955940933875,-0.12898656116666213,0.06450660683706588,-0.002745497371278327
0.6460661423926556,-0.262640648883826,2.545846499678831,-0.24183770623468126,0.360247464474808,0.7861146886414668,0.027380824688177388,0.3797568693954659,-0.5722827668552015,-0.07267358532083876,0.16688454571792133,-0.03980830233383098,-0.1531177063358926,-0.1313587799802451,-0.15746658319410906,-0.24142816829301417,0.05935530740925443,0.2538542432661565
-0.49048308370840354,0.33887913851435025,0.06134245030107599,-1.1264827228905185,1.0577927814837922,-0.4435374745880034,-0.4922518680520134,-0.8532439286230129,-0.5674929703785824,0.25936464241665325,-0.4273443340872175,-0.7613609397344816,-0.5083003350346023,0.6335753896360702,0.11129237806287612,0.563844896540888,-0.07676501346780107,-1.0183473578442834
-0.9116209216581274,-0.8372043849225352,-0.6706075228698958,-0.6691260414227181,0.41835970493352465,0.18238275891066474,0.18117459919444834,0.9375030938335529,0.16996271320299633,0.32398988696132913,-0.13786480652009941,-0.12696677668769335,0.5551430589565722,-0.04034531654598572,0.03022995637658432,-0.2954239933787345,0.15218206772812148,-0.4255032994354852
-0.614290732110735,-0.3306101860406543,-0.3599542193129073,1.1194363170970814,-1.0972056702474564,-0.7218990100696068,0.04338159594486696,-0.20690036815103438,0.7617823414052645,-0.6272189783540392,0.7828800085229399,0.4101965758100543,-0.3847228374316588,0.25651935662864556,0.5851668561425543,-0.11320620576290913,0.431081500886374,0.09857635695042072
5.2372301044471,-0.16985665542803363,0.5012947485965158,-1.7259875863880865,-1.3116967638321388,1.027820265753182,-0.6073409956729016,-0.25743583803235837,-0.18212993170978103,0.06431131890494116,0.031822145666938584,-0.1897915432844673,-0.18302321508336367,0.1492941153678855,-0.17958179716220607,-0.07516081839158117,-0.1790173211291481,-0.0651128687993438
-0.3518847031311237,0.03823976567786924,0.34408016750822745,-1.1524778807692329,1.0103612376581943,-0.2325311222058255,-0.31462113308720085,-0.31545255437406944,0.40286403966815765,0.6599476576821209,0.3492220269501092,-0.41876506594571544,0.07700349008235302,0.9666428077642738,-0.007389909851456267,0.673052928601712,-0.1100278362486905,-0.6655751872958912
-1.0253822580112113,-0.7154864282030611,-0.9451661258382809,-0.35686880206380345,0.36013927576344834,0.06573990002135578,-0.26240746609196874,-0.658351235578809,-0.00536580160351216,-0.2474305746236148,-1.0886523317142387,-0.7894544833223931,-0.5139612010445029,-0.1280448223977892,0.06997392814941494,-0.043706464829694924,0.2649358519779387,-0.19502172149564775
-0.11494591203910381,-1.1067113862251323,0.031235320517669418,-1.5533002407814311,-0.7998446305434519,0.318425930112051,2.3374171984063885,0.22251927650458916,-0.078181353180974,0.12972057175456997,-0.5923067104465649,-0.5109396103856698,0.424132670923272,0.11642318228861914,0.06301963944521738,0.23813718430971048,0.2802358362655034,0.11428404532260655
-1.2253854431324493,-0.3050000623703375,-0.7794243207503471,0.6798056676769354,-1.2899521423078832,-0.9680302474824658,-1.2964091107013467,0.5142790793376104,-0.7798662822488307,0.08660456436188191,0.411778725085986,0.5699752019664888,0.8537973631948953,0.006286239142369254,-0.18213929745943283,-0.5598872580952762,-0.4240328449499614,-0.4198932938515949
-0.9934318567187682,-0.05495797850121931,-0.9649138554901191,0.5456515349786155,-0.7329613204100647,-1.4224625347121251,-0.04670436122604943,0.20577552159931442,-1.0718949299893128,-0.7704841033996435,0.1641747838974823,-0.49371083922694564,-0.3863625503643178,-0.14343014145731287,-0.1045495458166339,-0.27594858030154285,-0.0939520000239652,-0.1639036647744436
1.0382196541461912,-0.15081035037758972,-1.0903326331694707,4.058289917755529,4.07312652045803,0.6439485185012823,0.9018768362816914,0.5932197349825101,0.22244185699840174,-0.6556097418298968,1.049701186846978,0.46961492474569566,-0.20561668019575585,0.5919275468193091,-0.02476090195751779,-0.0716163636379103,0.09866142807681744,-1.2397009280141835
-1.0667312927322516,-0.522690294347699,-0.5126254596570439,1.285652398198752,-1.3918229566779439,-0.6051057882859401,-0.21693081022477237,-0.6354266125533703,0.030620068841574047,0.9011886702192796,0.12954710163461058,0.25794206627425365,0.1649115395021854,-0.03190829451146865,0.49719334617202526,-0.5557268782834666,0.06460076024219052,-0.5456712510697835
-0.8104869696741372,3.9427258435020933,-1.2240587572242436,0.6863388794283037,-0.6879281269414542,0.3809086635746938,0.3085766740158016,0.57174280984495,0.2668698124424313,-0.3527003822475909,-0.40484236670962104,0.06783936971408194,0.015350490061281474,0.25042588242600405,-0.15820346648449174,-0.12099718575804058,0.2845464998046259,0.0579174957916852
-0.4875378087485906,4.367788263235698,-0.34509822257079925,0.3189742708876065,-0.1296329935434365,-0.3149710094677134,-0.21672687418594785,-0.7332918994207474,-0.6661109990664229,0.3974850007532771,-0.38762939838152166,0.6397838640998355,0.366842154481118,0.20510499125353232,-0.14524777528300126,-0.0020078482366543415,0.20550972227346198,-0.060334628535008705
-1.1097231982715112,-0.7255689371896967,-1.2012173996265572,0.2302254129116501,-0.15902742071404224,-0.12900213053118242,-0.245558819496256,-0.907451599977773,-0.3844387635121875,-0.3324754463461954,-0.059558911477667786,-1.0418876890289082,-0.4546217315593255,-0.5104499430995292,0.5328733933716783,0.30161135159323954,-0.27880626583500245,-0.1377758777677189
-0.9774556446128887,-0.2876775546632364,-0.9256824942032903,-0.3381855502171488,0.3414163280789558,0.09600165917007546,-0.24423272983230096,-0.7643016407566601,0.039735187623718055,-1.2841738396945221,-0.9945590111071303,0.030075850234969892,-0.37348616161635007,-0.027002582946520193,0.18052007019584426,-0.06319673226345363,0.37529084224634535,-0.06527229979695676
-0.5577411626701501,-0.5723662144113344,-0.19393938041092085,1.3904136609022182,-1.2323598566675806,-0.6153092956181963,0.1716470698466871,0.26240366696289213,-1.001253570991164,0.9021936981224253,0.3001411962778133,0.39101095594817314,-0.29303501674495486,-0.002259728494084734,-0.35699538627499056,0.10225956806651126,0.311070631788807,-0.025862838692924994
-0.21521317980138643,0.24953517498281275,0.5893882718955497,-0.8832968493546937,0.7019347633796744,-0.4931790749891781,-0.22844519205386968,-0.2263155733443508,0.5429311515213193,0.2826923859583906,0.577435519424474,0.3714711798814152,-0.587301059040696,0.44654195492875837,0.38275003918301675,0.24204082073384786,-0.9728379309947301,-0.2877850351211374
0.8701463358185986,0.5500483998600891,2.6634920188790874,0.7275391805629093,-0.6123405658701718,-0.43888595421817955,-0.007563075385261117,0.18835653783400105,0.1958398090578648,0.04075888071191017,0.029160612856784007,-0.279980386590109,-0.3214110601374533,0.43520623512724455,-0.14213106267000675,0.12766922758232696,-0.35836427711912416,-0.3168678629188064
-0.8258082808902053,-0.8966579619244694,-0.5483799807573304,-0.4138972505048323,0.31685519262716794,0.21592693227017606,-0.1109798212450491,-0.1831326167794982,0.9933095191387398,-0.4994207184737893,-0.1722343135119121,-0.07789098869111005,0.04860716787479186,0.2353114352327138,-0.3457986573777412,-0.27867063619012583,-0.13327102803771823,0.21921808870394038
6.727037761228749,-0.028585696274751493,-0.0890651133872693,-0.937380063910324,-1.9484320904587762,-0.60953687364929,-1.3264609023703011,0.7695040769585804,-0.46094806473895267,0.22358650305541977,0.017631039722008246,-0.06122619785893818,0.05100012444132784,-0.6144739493527337,-0.06323050683742049,-0.42917532409807624,0.18230319973422315,0.6514473189056684
-0.8104869696741372,3.9427258435020933,-1.2240587572242436,0.6863388794283037,-0.6879281269414542,0.3809086635746938,0.3085766740158016,0.57174280984495,0.2668698124424313,-0.3527003822475909,-0.40484236670962104,0.06783936971408194,0.015350490061281474,0.25042588242600405,-0.15820346648449174,-0.12099718575804058,0.2845464998046259,0.0579174957916852
0.5220328110373874,0.2631416403740914,2.502072949262258,1.4447063635823179,0.5668213333733525,-0.7978713615214567,-0.3311566791083944,0.907128865256071,-0.23487798926394082,0.07004703536876858,0.15077851214504046,0.03551989229612279,-0.08961526950130899,-0.3123707203754043,0.0009715250882477156,-0.2018613778112772,0.07860540294384644,0.23348407152461265
-0.9375515441993091,-0.18907512950580174,-0.7541017860779573,0.15968037566121063,-0.41519191304584335,-1.562694745247097,-0.02937655913094199,0.6092395205172927,-0.6268886178556884,-0.05028704637927928,-0.9859797317335515,-0.6346708928694773,-0.43004954778331744,-0.11083998162034969,0.05207762712331099,0.06327726907423942,0.19984460380691116,-0.1565334253522603
-0.4962877227222486,4.20450769558328,-0.30626264260316066,-0.41347863901355253,0.448645537058498,0.5370910829012338,-0.10919506730162712,-0.19037690326085524,-0.08632717496535389,0.41913915148336656,0.21544867534887002,-0.35376832753531245,0.016640903305939536,-0.16272953980138083,-0.15758612562281987,-0.2093898939736576,-0.45683080624049116,0.1448573814434353
-0.48435364019250843,0.47205064306679545,0.3245328122459108,-0.22047556985905475,0.1361162857332303,-2.0436587091643466,-0.6697497814355086,-1.0746471702864246,0.09106727269893998,-0.3609984118034123,-0.47727954365107905,-0.46847989326850376,-0.4209201622067085,-0.32540633755443105,-0.02550487992434336,-0.2546948743890559,-0.0004063119485596678,-0.20105759816860425
-1.0535426471261258,-0.522779232086318,-0.9682698420729963,-0.6360957258205561,0.4636834845948902,-0.05586732358470302,-0.030564853605160633,0.3029558055006418,-0.9014766171937698,-0.13781014620788287,-0.9335806519437426,-0.5704419380815091,-0.4130866826367761,-0.039846930324250907,0.02687909002814559,-0.026584915020107902,0.26749870290243394,-0.11110718040117298
-0.5520095406317542,0.24030704784533818,0.15778665414127446,-0.8147462137473854,0.8027739363633221,-0.9141246608569588,-0.6308962577224142,-1.3300831593560312,-0.052998199624019304,-0.8926233466785427,-0.42833504918442933,0.02280309802932129,-0.27938830989595853,-0.5107761978516703,0.6584989471051141,0.37837825657429863,-0.09854752847004139,-0.04833836872716635
-0.6397397526181628,-0.8552207718099794,-0.2462143978895593,0.20800987166163298,0.01701112634556716,0.7288190112748112,-0.09865762923696571,-0.5742138467819649,0.14637598863841533,0.552544159030224,-1.2096111629289212,-0.07758286215550952,0.8065147611918501,0.44938652663642054,-0.011420534688803885,-0.23241534003507847,-0.16606830218663915,-0.4840512402069488
-0.5631258887932102,-0.5800048913787419,0.2666058804191265,-1.0477563421512353,0.9824495639544301,-0.6133215356611481,-0.39054703360527254,-0.4618530329102312,-0.8446122310929411,0.97044749678505,-0.11628813311412112,0.34501539239455126,0.492150282569894,0.24030940645165133,-0.09971792276871111,0.25949437125484637,0.12899431068703382,0.036340345462072765
8.393500883792344,-0.3302709257890577,-1.0786539092811291,-0.24985669763494112,0.5868104367151848,0.7476528997391795,-1.2579667128814065,0.18297446097509715,-0.15507262770462354,-0.013519955221050955,0.06536045252338435,-0.21570340121718062,-0.13811071576700207,0.10356710516756007,-0.09388174579032887,-0.1387630637385484,-0.1321585275143523,-0.04477872495366925
-0.7750030739361922,-0.6006299374265465,-0.505884962686622,-0.27154350528444116,0.21704836355810542,0.5291332027867892,0.021235369258239198,-0.03227012837410867,1.10034672300847,-0.09814937322691661,-0.0864121637394688,0.43471987931645784,-0.18489997537715824,-0.11382581263349711,0.12150300339688064,-0.9897018734994238,-0.18114115435671274,-0.3563608949173261
-1.0471875243862963,3.357137874247406,-1.7083049842979108,0.9111612096661439,-0.6242885812265391,1.1983475667232728,0.15134107868231522,-0.5187235640515113,-1.0991743254040052,0.24124694763843327,0.17161089130287077,-0.04322021064976628,0.2006348253085659,0.04997536659239954,-0.3361227985522357,-0.22997933863463588,-0.7730273232720015,0.08899444114794502
-0.41755583449588823,4.495442266886815,-0.2093988323773634,0.039688450802332784,-0.02932069023313623,-0.23342409523147245,-0.08606021244723917,-0.0858295878238032,0.07988476427423295,0.05627108458624744,0.1425910334425431,0.08499225601496335,0.11653132591315574,0.08617838888333207,-0.0026609301246066086,-0.01979365929775001,0.42559770030507116,-0.05123229593983247
-0.9485864277827998,-0.4693262608527837,-0.8525050235717636,-0.35648640012841626,0.3493188178660758,0.023420767753859525,-0.2565420965954759,-0.7618671441507792,0.05922337518666075,-1.3266845949679247,-0.9710458216429347,0.030992812536510483,-0.405044685946472,-0.034592773126350285,0.15964965411182952,-0.00531481557070973,0.3490860503429988,-0.15234482015540948
-0.4339789849482375,0.18158137800633511,2.7195658030779803,1.0893535578338125,-0.860720211287911,-0.47794324259621224,-1.1185286236969831,-0.6900760307911562,-0.0988974483421336,0.3678450253225046,-0.5733081036463277,0.4055402376817212,-0.040449516074741565,-0.1796534212149159,-0.1932484875714901,-0.026418413977940203,-0.17731963008172275,-0.016313719609337307
-1.0610877571580142,-0.286701573722677,-1.1316600135947554,-0.04861910890971523,-0.06630366977997292,-0.2929284864047375,-0.007850837512955067,-0.04966046747029215,-1.215960402312272,-1.3021090382747735,0.21311927836413203,-0.0024278479291205968,-0.2448306980535677,-0.32880000175455204,0.5794542812128236,0.35712455066181176,-0.19209321654544687,-0.011184435333005782
4.2372304398643665,0.39800521869943284,1.1638118395919141,-0.678595116667244,-1.8927298045736716,-0.4882145612637184,0.21437195680114443,-0.1215404672162991,0.10062835923342543,0.16724484483411411,-0.0356636005807896,-0.28825391778475123,-0.19865401741145872,0.14809540895332718,-0.16331866005836043,-0.015441165082966557,-0.24324790875863395,-0.07309001104393048
-0.23475856769842116,-0.22075409354567355,0.5172235236044203,-0.99999148240451,0.8286844070363627,-0.19876932392552416,-0.3124804888445485,-0.8247568455537497,0.8293369356347318,0.21098374218692062,0.4619278808922569,0.34798181667117495,-0.4935226509624616,0.037155256534340264,0.12997216480835616,-0.45653316865201865,0.021851115771056473,0.12179987228199107
-0.1998831704600545,-1.1128551186774656,0.01362247024158747,-1.0812962006748945,-0.5455808338931356,0.5538245123994295,0.4539657613295276,0.8641025608308637,-0.06055719978893284,0.02808035693952793,-0.5705951985434209,-0.4209998432243906,0.496754548729305,-0.06185119167924258,0.19220565721234806,0.41125528980044385,0.15254772984983178,-0.030831285095011596
-0.21364878818078592,-0.6136853833360258,-0.36166892788177174,-0.8311930560650868,-1.2328591567325535,0.9350995030781042,2.2371714409338264,0.04696196996225685,-0.4666976082911645,0.5225332790289022,0.8519661310239133,-0.05180143804246046,0.0697843901500978,-0.7305635949801635,-0.2093159673520951,-0.2638853873269032,0.570847808427717,-0.557094833531543
-0.8691898901541324,-0.7800121448372279,-0.5365179355784899,0.6816144636178734,0.25305010751309737,0.77360917714273,-0.30352601397769274,-0.28014620272048807,0.5979110164941064,-0.26135612117134166,1.008366818513386,0.2529600793237369,-0.7491630264129894,-0.29951396215550924,-0.4994141162676894,-0.11272920546272369,0.001843577048487699,-0.04840927510289866
-0.5967105261299273,0.3624083550752041,2.7272207740192558,0.4359174391727696,-0.51986770917842,-0.7564449676617878,-0.7361297005234254,0.8309369598218845,-0.17311311053099032,0.20514582783766594,0.21234023519154843,0.18052220679869987,-0.3483074868397502,-0.08369630285724522,-0.24900011254009197,-0.0511365829873453,0.057264423778975115,0.10588411719232732
-0.8250994531750308,-0.885599471997274,-0.4983062263605191,-0.7114250241728524,0.42830189124572987,0.02173881724790129,0.10855342447858403,0.7806089209058336,0.11668689111142487,-0.43231104533146014,0.006350555722779483,0.1420385188513145,0.11792316195239677,0.31591913712642195,-0.4097639115830254,-0.20366716968779489,-0.15691296901656954,0.2160601094399625
-0.7811410585506879,-0.026191556225006574,0.9965276885217003,-1.281785059974584,0.548329509160404,-0.038531928142495106,-0.6465161093255459,0.2948682498063255,-0.028027073676205938,0.35243487800188833,0.6850303160178455,0.7449725172343253,-0.6151139300909244,-0.31609894363833985,-0.5367984690373717,0.02705141112246634,0.07638200280503071,-0.013933939793323413
-0.8867838774339316,-1.0161258010395418,-0.6624284086311294,-0.38286395994251776,0.31270773193785034,0.27674625240353373,-0.08477673112715624,-0.12055986132986576,0.9649912084432279,0.15315244064185285,-0.3120859706769121,-0.4468586095336268,0.07134262407245229,0.20502259573041481,-0.04870835976491744,0.06550156723112915,0.23167302919704913,0.15775044905274443
-0.8824292977459606,-0.8481504257989456,-0.6167229013681603,-0.4920011186035361,0.21900211234534067,-0.2406545324233933,0.15503923993257926,0.9325380588189671,0.16313205377343126,0.24535189523972617,-0.13822372913587905,-0.25227170279927286,0.1651341583486965,-0.026305633558524666,0.2306331426631978,0.4229945794181778,-0.38065369109528746,0.36774871294852746
-1.2715741048191278,-1.099282157561648,0.7372322036820074,-0.30035246194264753,-0.15224282059303948,0.780002743163564,-0.2077784506697614,1.1501405527424284,-0.12644506056144814,-0.03290532266763724,-0.6113003669491774,-0.4792377983220885,0.4846869491313688,0.15964860511626944,0.27534577625082823,0.42040627272365955,0.2039967250936715,-0.10345280638830315
-0.8867838774339316,-1.0161258010395418,-0.6624284086311294,-0.38286395994251776,0.31270773193785034,0.27674625240353373,-0.08477673112715624,-0.12055986132986576,0.9649912084432279,0.15315244064185285,-0.3120859706769121,-0.4468586095336268,0.07134262407245229,0.20502259573041481,-0.04870835976491744,0.06550156723112915,0.23167302919704913,0.15775044905274443
-0.4060220284437802,0.06300192104243774,0.5432958559760743,-0.5129652108434747,0.1959839798368767,-1.9660211516710855,-0.2463827106291702,0.4894584970974832,0.15648334402285324,0.7592674357200268,0.33802002945593945,-0.27492213277982963,0.25643511318551204,0.05797994296518216,0.08893787556886379,0.273688827595354,0.30763298152646723,0.08708895346461432
-0.8250994531750308,-0.885599471997274,-0.4983062263605191,-0.7114250241728524,0.42830189124572987,0.02173881724790129,0.10855342447858403,0.7806089209058336,0.11668689111142487,-0.43231104533146014,0.006350555722779483,0.1420385188513145,0.11792316195239677,0.31591913712642195,-0.4097639115830254,-0.20366716968779489,-0.15691296901656954,0.2160601094399625
-0.9837769473760041,-1.1913113598756226,-0.9357623976052003,0.26409216954889325,-0.09747148894955103,0.26285065728604906,-0.24508056172414747,-1.1690516752389073,-0.2065226794681097,-0.2683414554848842,0.33136130259425256,0.24981001449531753,0.33378192572929266,0.28376884808382197,-0.3687927939472718,-0.1980565543908136,-0.3084163445687833,0.054205356676932326
-0.6389362228507525,-1.173202846675944,-1.2469100373832438,0.399745266160064,-0.4168348677139822,0.02997354253711701,-0.49574095327166146,-0.9550545141843665,-0.16953400970058025,0.4180909741450616,0.18381504338199073,-0.1320019394493766,0.39172315622814025,-0.07976261139960378,0.28297496743277173,0.42019889881321487,-0.5235237586855143,0.22150554682228468
-0.8812795789296191,-0.66726129191252,-0.8080723534092011,1.2402904645368134,-1.082408940512897,-0.8971949038395644,-0.1195827044635441,-0.7460886304512018,0.045701892694163984,0.81180913080249,0.20578323102557072,0.22834501926735082,-0.27687854294793146,0.16691551376915204,0.29876454727256774,-0.09700629376505876,0.023057299644889895,0.03890077803608699
-0.06618157455206608,-1.1543770007889262,-1.171659418550734,2.1560872142381373,1.9515863561449343,0.11617913372357158,0.27266144307948725,-0.9528687631545887,-0.21189892404554034,-0.8554743184820841,0.27668309710765404,0.5539733996480014,0.593311316798641,0.22817880019958603,0.1449366324969264,0.20284355175080376,0.13458716207487775,-0.004985177922162076
-1.0535426471261258,-0.522779232086318,-0.9682698420729963,-0.6360957258205561,0.4636834845948902,-0.05586732358470302,-0.030564853605160633,0.3029558055006418,-0.9014766171937698,-0.13781014620788287,-0.9335806519437426,-0.5704419380815091,-0.4130866826367761,-0.039846930324250907,0.02687909002814559,-0.026584915020107902,0.26749870290243394,-0.11110718040117298
-0.4943516647242998,4.249282099536537,-0.3020599346438806,0.039306048866945595,-0.01850023233576377,-0.19110496296397617,-0.09192558194373197,0.01768632074816681,0.015295587484060055,1.1355251049305575,0.024984523371239076,-0.7354550398439403,0.007614810815124828,-0.00727366038810684,-0.09233665608702113,-0.058185308556735205,0.34144750194001106,-0.09390919728007077
-0.6324511228329623,-0.16277000481834025,0.06949379900859953,-1.0035192306897744,1.0187467124717664,-0.5485928587848105,-0.6570443525550094,-1.3159236332475623,-0.19235084977171046,0.1615408922102235,-0.5412189315620746,-0.7723015970215117,-0.41278036519262873,-0.2922923159404613,0.22551646450930007,0.05749706163059565,0.40598705247838407,-0.3041715132271655
-1.4629615078605023,-1.1566642408547014,-0.6626294781556027,-0.32459887898344875,-0.44322890595984094,0.47380123528041473,-0.0779214126611141,-0.5247990518314494,0.5098909005066923,0.04915178346236457,0.7145311203865208,-0.6593856887535701,0.09622760623960297,0.15488416719426445,0.06220213837935812,0.16136586716320117,0.2733672778478671,-0.028970734769916795
-1.5170806762709703,-0.8189450761214607,-0.37788604153890076,-0.1146373737760631,-0.25327874130639216,0.0833036827272919,-0.9471391354220413,0.6084441940747869,-0.5562874580558971,0.8772395918591015,-0.5687223708292479,0.7715716293888948,-0.2560105953399412,0.1267384282735604,0.44573780658389683,0.21376803092251856,-0.619789628537723,0.3065378679484189
-0.8767690208204539,-0.858697821069146,-0.7017481592521213,0.21590052818232908,-0.0867689930296965,0.08536831734984808,-0.10936356162444574,-0.6221247195360058,0.3192019895427373,0.8169997103341522,-0.756843175344313,0.49523894044723377,-0.30186259121941095,-0.011148366778134688,0.4764096421379229,0.09067471377983921,-0.5691208339769636,0.3663211452203145
-1.3902166524812765,-1.124902379763289,-0.6157141963291021,-0.05207613773899862,0.1229460154046668,0.30585395462662107,-0.8584569114322925,-0.5926357670677467,0.2215757634383782,0.487573541533732,-0.8341858341108876,0.14029079066846495,0.30559797486457385,0.3624078932878376,-0.17032206313484727,0.11061077553703863,-0.007886430037314152,0.11420456339507484
-1.453727992841407,-0.45753689542009957,0.22875821329806767,0.44941394661856504,-0.18125829543615007,1.163332856204836,-0.12036974906787248,0.9144498497661582,-0.3507464880865228,-0.25360401359829765,1.0059142514156536,0.40909757936972224,-0.0015589951847937433,-0.7551000051711405,-0.16489460489339486,-0.3098995342260549,-0.09833796702374076,-0.784345707490335
-0.3705923038394244,0.35033268634732073,0.5990914152142957,-0.5327328092179695,0.19433671490330678,-1.9270158502750376,-0.22616771614909156,0.5212071591259373,0.26639578750544846,0.21042204978153156,0.4735079815430603,0.1940078133661959,0.6481840977943666,-0.23770683170262769,-0.06524885169717393,-0.5064124029380954,-0.11316009619837664,-0.43153917610844167
-0.43337606818057356,4.368749938651609,-0.1880115067700816,0.008272758304631159,-0.014352771646446175,-0.2519242830973339,-0.11812867206162483,-0.044886434701465666,0.04361389817957188,0.4829519458149153,0.16483618053623905,-0.3664874190014235,-0.015120645382535602,0.023015179114192152,-0.38942695369984487,-0.40235751197799013,-0.02349655529475636,-0.03244155762887485
-0.8860750497187571,-1.0050673111123463,-0.6123546542343181,-0.6803917336105378,0.4241544305564123,0.08255813738125899,0.13475651459647686,0.843181676355466,0.08836858041591304,0.22026211378418203,-0.13350110144222044,-0.22692910199120225,0.14065861815005715,0.28563029762412295,-0.11267361397020165,0.14050503373346007,0.20803108821819782,0.15459246978876656
-0.9740617419518535,-1.1720667054123826,-0.8640376808887522,-0.281688133642086,0.11014005228999339,0.21102877663337294,0.13132243585608722,0.504724929493001,-0.3654678548502806,0.11012746060605746,0.9003149464880089,-0.4540197068896467,0.17552254743659534,0.21516110810503086,0.006919094618662303,0.2033333044716767,0.2529737497187421,-0.0013179296430653742
0.24461188644946064,-1.3133723284991194,-0.418702563583099,0.38823104529907293,-1.2964956147467395,1.2316016807781338,-1.2016163886950249,-0.779548474051402,-0.5739604921754987,0.28811758259216536,-0.011833663351708434,-0.33427174022618583,0.35217724206440293,0.0038474183564289888,-0.605533668241849,0.36511696589182724,0.30913212037419235,-0.09750530620348483
0.7659312244162888,-1.270013448507768,-1.7496333272099298,0.5294623858231192,0.8600015596489414,0.15948003235004568,0.48585803427841134,-0.5111172889753643,0.503246845660563,0.04681435872239112,0.7229099279929663,-0.7329778502211757,0.1527757911057499,0.03249109730658972,0.06879227202737342,0.025384260902593936,0.3130301143465568,0.11503584032895303
0.36341739363640546,-0.5059327085150982,2.054693816524334,-0.27889995791873073,0.4299951948212985,0.35211502617164714,-0.16162089782885428,-0.2942799440958504,-1.2411534281979317,0.20930062643415948,-0.3337838289373927,0.4596070058748192,0.2347126876287704,0.352675960319622,0.2635627625510655,-0.551379570930327,-0.3614075928115161,0.3197463584092714
-0.6758456791356142,-0.24831051237007862,-0.37529229199010355,-0.35353176322832147,-1.3297675282682555,-1.2457671725289465,0.9182226845041737,-0.31867250393800645,1.2686646813878024,-0.7612096432387615,-0.3004199553534042,0.28448958111881023,0.2122065632718685,0.18555347766235364,0.03789171272812436,0.13536133502800746,0.30558424553572816,0.2678507155813667
-0.8263072033588226,3.816033515266888,-1.2026714316169618,0.654923186930602,-0.6729602083547642,0.36240847570883233,0.27650821440141593,0.6126859629672876,0.23059894634777023,0.07398047898107693,-0.382597219615925,-0.3836403053023049,-0.11630148123440989,0.18726267265686414,-0.5449694900597299,-0.5035610384382807,-0.16454775579520164,0.07670823410264288
-0.4943516647242998,4.249282099536537,-0.3020599346438806,0.039306048866945595,-0.01850023233576377,-0.19110496296397617,-0.09192558194373197,0.01768632074816681,0.015295587484060055,1.1355251049305575,0.024984523371239076,-0.7354550398439403,0.007614810815124828,-0.00727366038810684,-0.09233665608702113,-0.058185308556735205,0.34144750194001106,-0.09390919728007077
0.7385359415391883,-0.20205570727409294,1.6216133870530547,0.722800947936144,2.2950917096524077,0.17349540114735018,0.3361961770650097,0.5465709442911599,-0.2710258729469754,-0.023618915924536438,0.3605523544217768,0.2280489332885919,-0.2940454710522854,-0.4408009537926413,-0.19454955297117488,0.1281206746830818,-0.13699773372117852,0.015968029370001025
10.055594158511175,0.3070334429454994,-1.683975124920968,-1.2116986625206296,-2.612584818628507,-0.1268166504283353,-3.565336243788077,0.7557197862719913,-0.029884464413179546,0.31839698494653845,-0.06557501979098612,-0.18644243919494802,-0.029245478813476056,0.06063873305503531,-0.026752567388716397,-0.08027975200739945,-0.2124903451902757,0.07661288086408652
-1.0403979642317593,-1.1428038237500988,-1.0041053182160302,0.18598830145018952,-0.19532456923137848,-0.1937308074075202,0.020938499453480905,-0.0533809996404421,-1.036700144833418,0.47643115822863125,0.36537188697028566,0.07542930038715484,0.45030891620319746,0.022151779292583385,0.20763900609366714,0.5036086612174902,-0.5557990076263525,0.20273598092151918
-0.5324247254414985,-1.2749353139890387,-0.06316855954917533,0.5317640721597946,-0.39716239179843,0.8218897942992962,0.1787560753559934,0.0209882301029288,-1.3641936654626527,0.4858194755908011,0.2690496699859882,0.009517012268989322,-0.06547836846652061,0.5718739382655714,0.23755930617697585,-0.3669391245882003,-0.013219657947744767,0.15080126483805284
-1.047443730190552,-0.517576077930733,-0.9550532627273411,-0.6340979060671547,0.4507961133072104,-0.06200775695077164,-0.04508022504937974,0.28920112942669846,-0.9085381025888116,-0.17039719188975608,-0.9057122440086938,-0.5770445007704377,-0.3617011520934469,-0.053355050753949085,-0.05245440689048847,0.03276787521449337,0.3290955314260252,-0.08787274341014753
-0.8352698427647439,-0.7090392866144228,-0.5698596361636097,-0.5380379883901467,0.3243476014873497,0.39576440789787215,0.2669717050997652,0.9940441647608556,0.1954057842856433,0.6215334590310548,-0.04767895166977715,0.28568176601636563,-0.0928485251018929,-0.06350695024208786,0.35462804680442006,-0.5705262035758379,0.16016096189920337,-0.4209865138324999
-1.754595973245114,-0.5358100681157727,0.75406291755833,-0.6650737831627583,0.7478734281049528,-0.26842171074630333,-1.2585556899522754,-1.2437035114748345,0.04718520894579091,0.8826744694221057,-0.28106556514412273,0.16465375843146923,0.38405309649718333,0.2485577755860352,-0.017507104955566677,0.2467401285600353,0.1141038752665039,-0.042416107845605455
-0.970415989979057,-1.015149820098982,-0.8684059280225944,-0.0932975186350843,-0.09501226592107818,-0.11218389317127934,0.1516051611921896,0.594081311956502,-0.2907043814927624,0.1352172420616016,0.8955923187943504,-0.4793623076977173,0.19999808763523474,-0.09677482307761681,0.35022585125206174,0.4858228501563944,-0.3357110295947431,0.2118383135166954
6.943920892259537,-0.25216856901215334,-0.31716406165880784,-2.0885833739952435,-1.7872722045247722,1.1551460416015236,-1.8734929401989162,0.006143505957751844,-0.22442569126485973,0.10503328107539248,0.018804185015463326,-0.13723610859486995,-0.13622597948434878,0.05411404239276196,-0.13228930175484943,-0.11601562919622865,-0.14295416237782088,0.008805359713079108
-0.11995675960367291,-0.9287568332222513,0.6640734915781046,1.445711828561854,-0.9305751558176635,1.1106172897367792,0.03843184051706594,-0.9330322790971328,-0.5855769747949923,-0.21828041640858328,0.22905154754293677,0.19317907789153016,-0.03273803790538499,-0.4322399259514152,0.06891199299055217,-0.11733635281801308,-0.6791335378812042,0.37615597405277773
5.862495724767414,-0.13425767437299663,-1.2133414475800774,2.0253331932160643,0.17345672570504928,-0.36445131709040746,1.0781314110046172,0.8257339021700838,0.47373708992494995,-0.7335285924204429,-0.6365328700043293,0.12926619089490848,-0.19004824684193372,0.3448443164201166,0.017304017439070896,0.23196851205193664,0.11573475694289537,-0.09162361015386802
-0.6317422951177878,-0.15171151489114432,0.11956755340541081,-1.3010470043577944,1.1301934110903282,-0.7427809738070851,-0.4375111068313763,-0.3521820955622306,-1.0689734777990254,0.22865056535255268,-0.36263406232738304,-0.5523720894790871,-0.3434643711150238,-0.2116846140467531,0.16155121030401587,0.1325005281329265,0.38234511149953276,-0.30732949249114344
3.450651488065117,-0.2312827795158945,1.0514500175622836,-1.844350450262294,-0.9710161819462118,0.641630677619703,0.4583594711213764,-0.05742193433255796,-0.5251249882543488,-0.3520909109954984,0.13409324852811544,0.518199276085312,0.03346825377343049,-0.4304467691905945,0.22927905494839762,0.24245191537080985,0.508339639626915,0.4121210209001616
-0.9672478859761442,-1.053560541713222,-0.9070759688156709,-0.002019911621425133,-0.0009927089176792608,0.08716273012963574,0.006521143613871294,-0.24625329067591298,-1.0468744414007636,-0.6279126435712227,0.4877010247352481,0.921219197054129,0.534749891102589,0.42753975974667024,-0.04599202457731777,0.25951076479175755,0.11703597005219302,0.032256639101996776
0.23117181257604236,-0.5013552484257202,1.9149647536310137,-0.6519692336565971,-0.2859552868651685,0.48368322225804994,0.07664258289350513,-1.5561520601142924,-0.32638952669805327,0.2483427511463301,-0.521649763371266,0.41310967143768573,0.22589572444851935,0.06885958937587455,0.4625801979810258,-0.44101497540051415,-0.2369025983709115,0.29781693007256754
-0.5671078644583232,-0.5685758398199514,-0.07064812240535212,0.8945941372492057,-0.8022671409387728,-1.046761510375243,-0.16568912727689525,-0.46219497944232285,0.4146172638299331,-0.061903574705811176,-1.109904410613177,0.308569774378927,0.4340641422245607,0.3563817362055818,-0.304054735136206,-0.18919030188806257,-0.3444433595904647,0.2624596206239656
-0.8733986242158123,3.7784836004337645,-1.342309893057323,0.26458748211012006,-0.22492981823650998,1.1699240295732616,0.3175102787757992,0.4262523412855604,0.1369287392975055,-0.41651317657913955,-0.35422987189699007,0.080558461180193,0.04711203874975661,0.06468116351043118,0.07363736159253326,0.07197043224629196,-0.14878775114110893,0.2352164348639954
-0.08034596344805445,-0.6745060408984678,-1.0823675258246537,0.9020713021437171,-1.175926458988254,-1.0881280108682767,1.1856425956974583,-1.1890017354451647,0.024414264917234266,0.6200515742498932,0.13242051389091047,-0.10613973272691629,0.23528167104950315,-0.3786554587110993,-0.6945085660817908,0.49000387392986494,0.15516750169891846,0.028108707792755483
-0.9660946638958396,-0.43004283933690357,-0.30950237233043193,-0.9426890038316709,-0.4417225267118466,0.48513001245894843,1.1819163506128825,-0.5385203583187763,1.1186156447436988,-0.7151630908290602,-0.18574878748483298,0.5803255095745106,0.43397958291918093,-0.5434981805775496,-0.4907853459110633,0.03698784575225528,0.3822044197524751,-0.44630027024247343
0.6039544138405412,0.7992512182871734,2.3969293570875,0.49221629452627946,-0.4295497184111255,-0.6401145944701466,0.07714922288218863,0.6553788198646355,-0.2643407987579206,-0.3118462090146594,0.1446396553473519,0.3581515974171366,0.021136716174777193,-0.14660006002934434,0.25839703844338946,0.269114838284839,0.4377808149415888,0.6410279347601682
0.9384374434428033,-0.5340052964410467,-1.1815009097734313,-1.5064373458063014,-0.43730219733312375,0.19131694415335498,1.5636383448908502,0.381123110272655,0.21713493659399863,-0.3907722518157869,0.022535224709974655,1.0566812706700999,0.08495997426349461,-0.13467510092727264,0.389506733416481,-0.6065838418402401,0.3236782350181172,-0.24970092929742654
1.2671546980904547,-0.8697272341880649,-1.6030391671383322,-0.76651834704719,-1.1791151345476925,0.10729521025499505,0.970971583523682,-0.822283958025654,0.581870343077246,-0.20233845808500048,0.8956456561415416,0.04421637996154543,-0.45719866267897613,-0.36826196274735007,0.39570622806002964,-0.30438757661138793,-0.5824381603252797,0.44456823877281476
-0.49644723567607907,0.0719156739823188,-0.6550622921466401,1.817675538901342,2.128722391076673,0.3554495878891232,0.25901532896658686,0.9512302300829443,0.8399787124871607,0.6728662550213187,-0.021393648784705455,0.13841776396172228,-0.4274266049548366,0.05430964276483441,0.06557274471541613,0.46144179917030065,-0.8317420890825127,-1.0113396825886853
1.7034813366161201,-0.9806726165432822,-0.035289313845611625,-0.3278779202296951,-0.7804295679975009,1.1705624345788754,1.7635558781609426,-0.37375726934464165,0.6528565640693397,0.3121009986103948,-0.7648988793905026,-0.36193049017860285,-0.2524094246630231,-0.5438057865784777,-0.055314028824752004,0.09027064106776223,0.5503730228272542,0.03889612307590823
1.8405053728959626,-0.31911376939090697,2.00656699220265,0.02956470801486251,1.0256390643485827,0.484283462041032,1.4221843058990924,0.06995957512740439,-0.5722481305266689,-0.06897424986936182,0.15905840209169608,-0.12404568771931329,-0.11540379133614659,-0.2197573457066197,-0.1952045510660732,-0.3253848169999801,0.09813875994584642,0.3467710211060841
0.661489300184062,-0.9163419781225033,0.11355210203294264,-0.8187351228780725,-0.8342139967188743,0.7445983499881325,1.7212814002799206,-0.6769664191467426,0.7288386180137612,-0.2651740894030882,-0.5463834085181062,-0.07028924179345059,-0.32664443435477414,0.36535307398625705,0.04305255093205185,-0.9519808556122367,0.06589187198567503,0.5781565521585039
-1.5005157766719697,-0.8267042051069826,-0.35380954560282335,-0.5130707247271084,-0.3050801826952628,0.014113074175812076,0.03756640813019618,-0.1167941547858484,1.039982386596613,0.18406330465903054,-0.3233426408216433,-0.4619976258835718,0.08329306614822507,-0.08313782681191212,0.2815771971479937,0.38002799592056885,-0.3634432441896378,0.3405558809381927
-0.5350515899673265,-0.0743974645467711,-0.09056413232662774,0.7889448832956509,-0.7673920107486691,-0.5108724808578775,0.12886633751489843,0.4347933593536288,1.3512158011863376,0.7470870631920845,-0.5218052145544212,0.12040597579798418,-0.2316379767668005,-0.7372358833793053,-0.06897159799228975,-0.1724864327473131,0.1858214218564498,-0.45627180774945014
-0.48046748903756326,4.331200023818486,-0.3276499682104425,-0.3820629465158508,0.4336776184718079,0.5555912707670952,-0.07712660768724149,-0.23132005638319278,-0.05005630887069282,-0.007541709745301189,0.19320352825517406,0.0977113474810744,0.14829287460163088,-0.09956633003224086,0.22917989795241844,0.17317395870658253,-0.0077365506406635864,0.12606664313247762
-0.9240103948836396,-0.2603861550402664,1.7782192452444556,0.5980021170516562,-0.4615676095555453,1.7896874943269494,-0.27341221008576433,0.7753260896858194,0.2293691421765326,-0.43930831163467465,-0.5123053393428312,-0.15294969259379415,-0.501308895018224,0.9487498542866221,-0.44181923436352527,0.2109230473365416,-0.5427907885445226,-0.5739893588946752
1.9447941486238405,-1.3159571145852584,-2.239368286873658,0.7331836417671846,1.9355153806385048,-0.3915119525473274,2.291347688395727,0.1353952279190652,-0.3649421367899364,0.10621507034754205,0.8995005172837014,-0.612292151658093,0.2568899716407138,0.03194567558896633,-0.03520149045039778,0.009290774121892054,0.324642270414345,0.20426889028917
-1.5740385876892171,-1.107065237797621,0.6938496259040932,0.1712000313354023,-0.30188008591333393,0.787900365663099,-0.4894731487434433,0.6800703189814981,-0.6329446846894086,-0.856769234266781,0.9498399945215459,-0.43011358988855614,0.45855740292556046,0.19860002007659205,0.09162642107879293,-0.13197180349588228,-0.2508043904374008,0.14829070296832442
-0.6324511228329623,-0.16277000481834025,0.06949379900859953,-1.0035192306897744,1.0187467124717664,-0.5485928587848105,-0.6570443525550094,-1.3159236332475623,-0.19235084977171046,0.1615408922102235,-0.5412189315620746,-0.7723015970215117,-0.41278036519262873,-0.2922923159404613,0.22551646450930007,0.05749706163059565,0.40598705247838407,-0.3041715132271655
0.8744472398987675,0.7433028132917313,2.6286119819380085,0.7468035266256291,-0.5989310525595811,-0.3488883423856295,-0.013862275295066048,0.18254425474545385,0.18429755234038003,0.08807434684526808,0.026262004704082742,-0.3139430696787345,-0.30335801107189053,0.6504983625863093,-0.1616564622560685,0.22189646751655073,-0.44120412475025544,-0.41551734667961826
-1.3241882116764045,-1.2317649147655063,1.3212205624191433,0.6289119545489834,-0.47569207840892996,1.3334375675801444,-0.5460087780559585,0.08599293452728657,0.2856103246355149,-0.29772159032950385,-0.26639630226274047,-1.1429912540775875,0.44559633524040543,0.3814108429888201,0.3932967543103394,0.1131687884993886,0.2227333218496489,-0.01030436301120563
-1.0253822580112113,-0.7154864282030611,-0.9451661258382809,-0.35686880206380345,0.36013927576344834,0.06573990002135578,-0.26240746609196874,-0.658351235578809,-0.00536580160351216,-0.2474305746236148,-1.0886523317142387,-0.7894544833223931,-0.5139612010445029,-0.1280448223977892,0.06997392814941494,-0.043706464829694924,0.2649358519779387,-0.19502172149564775
-0.34756566475870143,-0.7067910412506693,0.31420103413080125,0.49865897917913804,-0.17503904814501603,1.0230438402739586,0.01434126446148061,-0.530128309988843,0.16232111817731876,-0.6654647253790023,-1.1555921989117701,0.8523394931034742,1.0627172814747752,-0.5738464134180753,-0.282417634413232,0.11475445849382443,0.16484865584533026,-0.6656237394794142
-1.0381811466773203,3.3653240387834504,-1.6866540219782742,0.6629086801431847,-0.5281237386055564,1.3407138010928716,0.30821083053891674,0.19131150299506536,-0.38149687275886107,0.5526061905870459,0.5619796659619354,-0.9669794395771552,-0.026940547061736098,-0.09924007528009987,0.10355434421898263,0.09640705372552333,-0.1879952880056247,0.0366291340919252
-0.43216831799678174,-0.33288304861255313,0.5163536984863613,-1.3580754527988232,1.0869093279540478,-0.592593941558265,-0.28608346198445667,0.12303652323708039,-0.07029815705677345,-0.023339578497621777,0.5537839558749436,0.1591914051521959,0.21910399780427092,0.15167164358374996,-0.25422137522314026,-0.10246364322750429,-0.015861768516124253,0.10691031770844478
0.5395490803247053,-0.07392229516426041,2.33287232690458,-0.18474998949178145,0.24643272738019167,0.3392810438267514,0.03430208221600463,0.4509369940245767,-0.4043115598375958,-0.011618993630869129,0.216836764837961,0.047488967595922416,-0.1806892636593258,-0.5586199049356146,0.21401866187799568,0.2445361957608731,-0.6403098228378383,0.4536216761526605
-0.9600520817795141,-0.42804321384739197,-0.7854121907015127,-0.4970392512871362,0.27058111686025615,-0.5124802049389288,-0.048794585150126066,0.3321739291203913,-0.778906645577797,-0.8078042791413839,-0.7749384330082058,-0.2258999557455224,-0.4429051229659192,-0.32908421218442996,0.05222513296470643,-0.03038565606390109,-0.7123349255491656,0.07644418205133102
-1.4184600939725605,-0.22525320603526766,-0.18358942627902186,0.6269430954289889,-1.1323532074135816,-0.8845636698926542,-0.6320997147776625,0.9345700731718909,-0.024939020670931386,-0.7690244404386183,0.9906993423345147,0.4874049364132449,0.10405372047212547,-0.17775069558791218,-0.4508832539195889,0.6873401414473554,0.3678619305093358,-0.0580764344881895
4.211912437561818,0.5248029468878042,1.1472723545004815,-0.16315139921463212,-1.2810007225818685,-0.5868579763869989,0.6514481255501546,-0.17924554020296637,0.16077793109996208,-0.29358118780932185,-0.04489244794417929,0.13448261204090622,-0.07706955082858163,0.2413292953410041,0.22167838073783586,0.3694818023319482,0.20042736679366813,-0.11762480814554224
1.272156494602926,0.14030493844067649,1.8143259224891024,-0.275906339642971,-1.6503622899695511,-0.9077646763527268,1.229309741812301,-1.6593871936406774,-0.08272779515586359,0.5459035967490695,-0.5640888711475605,0.4019612217316527,0.031100365875169955,-0.3194296197244979,-0.2879032080155721,-0.3838992563119745,-0.03146838620275738,0.4124315924103544
1.2294209621099719,-0.10126403391251215,2.109272808512797,-0.35723463379102083,-0.3076297672243658,0.7658067166539385,1.7823944166424648,-1.9517754107086223,-0.433427618159135,-0.13637608144484378,-0.6063457248454474,0.630393293083634,0.21731760855670956,0.08011284205531433,0.04690727105788706,0.1291810689868283,0.28607370244342956,0.21298135704684812
1.1767961169110952,0.10205703600162885,2.0182566204291046,0.7491408347023986,-0.91933359468182,-0.2483410412649032,-1.9779691163893014,0.19595441325084792,0.5597380554439746,0.7211488226025846,-0.19405562136087662,-0.466368197302472,-0.1060563906811276,-0.49201266096996205,0.39528727100361527,0.07327653600746703,0.49066034418269744,0.2154582824744709
-0.4197519508968472,0.2840128643338542,3.0330309361633967,0.022027228009520908,0.17007746490300485,1.2346547185480972,-0.6632376039703914,0.05804890457184822,-0.05501582721439971,-0.06334786682054125,0.11614500874391886,-0.20968543288032865,-0.35730299032390744,0.8041229625933136,-0.189839943199617,0.25305195602506597,-0.43857701281356104,-0.5405186812145224
0.35948515350470545,-0.050996305977417,1.9492953462723654,-0.11710275672059582,0.4014770452132845,0.6085791708818676,-0.052367945117713074,-0.2732518969120756,-1.0523307688635595,0.04068686261720125,-0.30676484028985207,1.3273957518050732,0.659509104731072,-0.5611440313116483,0.33955996875519145,-0.059817526306006785,0.2108616524556991,-0.40287171435019625
-0.3777173590699722,0.12006186119877071,0.5544804694232275,-1.0273310925714305,0.7819501806739136,-0.6026003408463039,-0.13358554614506604,0.36325539410597113,0.111502520170475,0.40302154820479497,0.6348834779537282,0.6464596723516932,0.010072394750960223,-0.5094015354651088,0.5563870421848808,-0.5310053348520845,-0.6524166741486042,-0.2555124227530609
0.8701463358185986,0.5500483998600891,2.6634920188790874,0.7275391805629093,-0.6123405658701718,-0.43888595421817955,-0.007563075385261117,0.18835653783400105,0.1958398090578648,0.04075888071191017,0.029160612856784007,-0.279980386590109,-0.3214110601374533,0.43520623512724455,-0.14213106267000675,0.12766922758232696,-0.35836427711912416,-0.3168678629188064
-0.9572647741552511,3.5689116725006995,-1.4524192496841968,0.9652422975781902,-0.777419972354382,0.34168088160594906,0.17204464278060003,0.02779640681997586,-0.5437151276883976,1.0677675542637488,-1.0526693086049896,-0.19781631805994943,0.1567448035312129,0.2759004355247654,-0.3904660376053009,-0.14160302395593014,-0.019691676592043517,0.006138261856270699
0.6460661423926556,-0.262640648883826,2.545846499678831,-0.24183770623468126,0.360247464474808,0.7861146886414668,0.027380824688177388,0.3797568693954659,-0.5722827668552015,-0.07267358532083876,0.16688454571792133,-0.03980830233383098,-0.1531177063358926,-0.1313587799802451,-0.15746658319410906,-0.24142816829301417,0.05935530740925443,0.2538542432661565
-1.5544265259872685,-0.15256681339735012,-0.11837899131994689,0.7086189220515086,-0.6254283867826462,-1.102824835331695,-0.4804582437280983,0.6700964760463144,-0.3559423304524136,0.36037009050587887,-0.5194514122445182,1.0726599478646834,-0.2616923813599259,0.4214353730095519,-0.14187082032619602,-0.4465700983437005,-0.4145075253383751,0.28329230842124803
-0.7996619913372038,-0.500772992269479,-0.5214378232676172,0.4312129914505163,-0.5740701554900032,-1.1575002778426446,-0.07127906988976258,0.18328935708090446,1.2200910202183664,0.2831862957438591,-0.3879982399309162,-0.5120045266231357,0.08593828325603292,0.1416197346141459,-0.0026394065857370808,0.09748183463273247,0.19022372200487314,0.19939672446010986
-0.7678990943161619,-1.0728654553543244,0.21596061450905024,-0.08152726053696564,-0.6366310633362189,0.8653022811171822,0.14717302813503993,-0.7653338057031915,0.05775191676056639,0.4631185360420166,-1.2238377451713596,0.07926367909385623,0.3989200595324416,-0.22479994741768244,-0.5835177694889835,0.6079847519478883,0.1772125378219337,-0.012106355327900442
-0.8607557139708976,0.057085037844475606,-0.6614406838114402,0.16006277759659776,-0.4260123709432158,-1.6050138775145935,-0.02351118963444919,0.5057236119453228,-0.5622994410655154,-1.1295410667235892,-0.8683732216622475,0.18577640298942627,-0.32113303268528653,-0.017387932348910784,0.1417533530857255,0.10166891833322461,0.28399480217197126,-0.11385652401202204
3.0786514578698263,-1.4707796296771185,-1.728659686347933,1.403739878687176,0.17562989790773892,0.9786086347546625,-1.0480565260569918,-0.6320629436118579,-0.5679041879215109,0.211979864503313,-0.02421106414824825,-0.3782873682479279,0.608928931970329,-0.44777443555242874,-0.30756709911835695,0.33432632337614204,0.2575042162338492,0.12300408072269414
-0.7448158383093727,-0.5144766577068516,-0.6705797573386528,-0.5058274521432619,0.35175380094987624,0.3818016366003407,0.08001575337583983,0.34211984329468376,0.5898490878363559,0.25097619084828265,-0.1982113732020549,-0.43591795224659685,-0.02417734576952124,1.130890301306946,-0.1629324462113414,0.5718494021414213,-0.2510790367491358,-0.5564253955643734
0.7481334154290902,0.4227408528495925,2.4625869568084227,-0.06667351569579809,0.29504836356983594,1.1084986103067653,-0.0034969914721477563,-0.08460053756164229,-0.13589644614987986,-0.0677654021916809,0.1263105612742208,-0.31584819841433426,-0.2559528297675636,0.5989326613142644,-0.23334985940481234,-0.011786971692436254,-0.23515405986865806,0.01919282634468883
-0.02581026907626982,-0.776032962647333,0.9269408980256924,0.5144778196297087,-0.29413238099039307,1.1541634671844716,0.3078657739816594,0.3899375099024813,-0.9042594199040723,-0.4983344733798858,-0.9593175595378525,1.135753680420294,0.03265872315381052,0.08037893921078121,-0.13714664680530722,0.3205231255486268,0.07311746364223237,0.1786972766522153
5.5747907388207985,-0.03181554858981994,-0.08562901276559465,-0.14648199174539694,0.646693017101005,0.05712655242805166,0.2895648606820419,-0.26682615543777305,0.025426501262642995,-0.678835299350987,-0.01625361995448299,-0.10918145025400555,0.6719357860368543,-0.17870313394702175,0.3189357195320126,0.869980027779353,-0.24300044862402098,0.029430221165756
-0.8624223750651752,-0.8775898153443815,-0.8558477537301978,1.3189541034517,0.1638858981466677,0.3673406647559222,-0.12103651709923627,-0.8189142590370415,-0.10083663745793862,0.7579024561970248,0.3348935239937736,0.3943919376964504,-0.4464956204057122,-0.5377079661707153,-0.009250607934983168,0.5092655003062321,-0.43999963276135745,0.11788638528266387
-0.4197519508968472,0.2840128643338542,3.0330309361633967,0.022027228009520908,0.17007746490300485,1.2346547185480972,-0.6632376039703914,0.05804890457184822,-0.05501582721439971,-0.06334786682054125,0.11614500874391886,-0.20968543288032865,-0.35730299032390744,0.8041229625933136,-0.189839943199617,0.25305195602506597,-0.43857701281356104,-0.5405186812145224
-0.9449406758100033,-0.31240937553938264,-0.8568732707056058,-0.16809578512141454,0.14416649965500417,-0.29979190205079254,-0.23625937125937355,-0.6725107616872781,0.13398684854417903,-1.301594813512381,-0.9757684493365935,0.00565021172843988,-0.38056914574783274,-0.3465287043089982,0.5029564107452289,0.277174730114008,-0.23959872897048667,0.06081142300435133
-0.49385274225568254,-0.4634093776548207,0.352231516215751,-1.0295143885684888,0.9713151686461682,-0.3375865064026325,-0.47941361759019696,-0.778132258998619,0.7780061602750297,0.5621239074756912,0.235347429475252,-0.4297057232327454,0.1725234599243266,0.04077510218774283,0.10683417659496769,0.16670509369141978,0.3727242296974945,0.04860065732122676
-0.8957902551429077,-1.0243119655755863,-0.6840793709507662,-0.1346114304195586,0.21654288931686783,0.13438001803393512,-0.24164648298375782,-0.8305949283764422,0.24731375579808396,-0.15820680230675963,-0.7024547453359768,0.476900619393762,0.2989179964427544,0.35423803760291406,-0.4883855025361358,-0.26088482512903016,-0.3533590060693276,0.21011575610876426
-0.22749316743087689,-1.0396036961352328,-0.946464322010165,-0.5661925162703837,0.5333394668435201,0.10569483921703753,-0.3847243232784653,0.9998067165433588,0.07429104526562529,0.23233710911291133,-0.1312565214636579,-0.21462868190392786,0.15791423510358782,0.24783943910154438,-0.09101266565149363,0.10590060782207161,0.2138737929420328,0.1996435249800565
-0.3127155302160907,-1.3815373525539643,-1.1488214687028027,0.9980275617600505,0.5008431694118555,0.3453685804628955,-0.11226720216889521,-1.031386958710517,-0.3218400495183727,0.34934589642864544,0.13298857529429164,-0.22793050430266432,0.4002040235342137,0.35055051646706215,-0.006712216183286546,0.06891895702687062,0.16333667412769404,0.03233998521929976
-0.8867838774339316,-1.0161258010395418,-0.6624284086311294,-0.38286395994251776,0.31270773193785034,0.27674625240353373,-0.08477673112715624,-0.12055986132986576,0.9649912084432279,0.15315244064185285,-0.3120859706769121,-0.4468586095336268,0.07134262407245229,0.20502259573041481,-0.04870835976491744,0.06550156723112915,0.23167302919704913,0.15775044905274443
-0.35652606681857274,-0.21577644023163622,0.5670278307958361,-0.929459626098232,0.8814505258893109,-0.18502417754878275,-0.419819601802773,-0.7841639435209486,0.8317675420531883,0.20709432042977471,0.4653849414905742,0.3519104403138303,-0.4982035803317989,0.047902307993939575,0.1341419694099797,-0.4525693199269387,0.015759066633808883,0.11458508257540795
-0.8733986242158123,3.7784836004337645,-1.342309893057323,0.26458748211012006,-0.22492981823650998,1.1699240295732616,0.3175102787757992,0.4262523412855604,0.1369287392975055,-0.41651317657913955,-0.35422987189699007,0.080558461180193,0.04711203874975661,0.06468116351043118,0.07363736159253326,0.07197043224629196,-0.14878775114110893,0.2352164348639954
-0.27044299164662444,-0.8917825719127277,0.34598444553011265,0.9156816922966879,-0.6194447232590233,1.598485834691004,0.22611761221683763,-0.09438431649609758,0.25924663265762254,0.19745977031245246,0.5425956416745714,-0.5500953825683297,-0.0313148335078311,-0.5446714005494223,0.10273663033008729,-0.2807378845046839,0.4215856483001852,-0.8101485139906102
-0.44146616853015835,-0.34087722099501394,0.4599534833582579,-0.20066992119870375,2.489026955125066,-0.7806135814030756,0.02908435788472709,0.2534729510617972,-0.035446432398838934,-0.07578825021016763,0.586565238924637,0.11200499432353056,0.20436909508983347,0.19023966156892624,-0.2436056067234102,-0.13566285918365145,-0.04002721982351992,0.10452258538817255
-0.24729591209852442,-0.09678703033746117,2.658285723432691,0.034919924649797804,0.08696809447210223,1.084443301291107,-1.0973229918712226,-0.42548589006758936,0.40404693781178014,-0.5234503481472611,0.0059969574665110215,0.3919315472642062,-0.05256295727716748,-0.24554771382543777,0.40501142536426293,0.13967334871615228,0.5916336332147404,0.1275333946949767
2.674675839174208,-0.9986911505405069,-1.704571130941976,1.8583625070968228,1.175196935825669,-0.14973849159703723,2.0726349141619855,-1.511127505477718,-0.3338184146570607,-0.5068394059159911,0.3849840206134183,0.6184168935355717,0.07139271741676323,0.06706958654968542,0.7449481788648642,-0.4297712926059462,-0.31661676235910197,0.8239749619721359
-0.9645626398886793,-0.23660668469076618,-0.8917363848585924,0.527350685067348,-0.7250588306229446,-1.495043426128341,-0.05901372798922447,0.20821001820519522,-1.0524067424263701,-0.812994858673046,0.18768797336167786,-0.49279387692540505,-0.4179210746944397,-0.15102033163714296,-0.1254199619006488,-0.21806666360879895,-0.12015679192731188,-0.25097618513289643
0.5494091824676948,-1.0711219651978563,-1.2506971526735802,-0.736221689032342,0.7034510856032468,-0.16891329831731972,1.3657285681654339,0.516256277347696,0.07350424903805668,0.2441734921528435,-0.1516860528534188,-0.2972558666639988,0.18967692470482,0.17016001982421147,-0.15011044596697093,0.05362961367210212,0.25821008008892765,0.2650821763528602
-0.9610306718089988,-0.013281759087865552,-0.8641364317606403,0.47750681899389946,-0.547428472739205,-1.3020661721746754,-0.2511158095356193,-0.37069118984786315,0.223184337213642,-0.10747300993007888,-1.1602093824973896,-0.862119925402371,-0.41642148698747117,-0.19736561376392597,0.05757980049397604,-0.010255323886234124,0.3112881652127003,-0.043068488738804256
0.7324792007742089,0.24165366995904058,2.6367633306455316,0.8697670188263728,-0.6379771215716069,-0.4539437265824364,-0.17865475979806208,-0.2801354498790956,0.5594396729472519,-0.009749403361161674,-0.08761259277077443,-0.32488372696576456,-0.20783804122991695,-0.275369342990222,-0.047432375809644545,-0.28445136739374166,0.04154794119592975,0.2986584979374998
0.1547632083013485,0.27925842851953786,2.9326936915691135,0.5520666544144034,-0.7906341755415919,-0.4589527410248496,-1.0438935713294704,0.9594328881469387,-0.30962779340174,0.039070366385186156,0.10152504773983617,-0.04484324303920123,-0.16491444451613424,-0.12344205100653233,-0.07282959744378403,-0.14377804853512122,-0.005684498826174278,0.2133522844927685
-0.5707666985740616,-0.03224367577607201,0.2336159812792098,-1.332080294920109,1.134340871779646,-0.8036002939404429,-0.4637141969492692,-0.414754851011863,-1.0406551671035136,-0.4239225937630895,-0.22278240516238312,-0.1834044686365704,-0.36619982731268425,-0.18139577454445416,-0.13553908730880787,-0.2116716752883284,0.017401054264765237,-0.24586185283994755
-1.047443730190552,-0.517576077930733,-0.9550532627273411,-0.6340979060671547,0.4507961133072104,-0.06200775695077164,-0.04508022504937974,0.28920112942669846,-0.9085381025888116,-0.17039719188975608,-0.9057122440086938,-0.5770445007704377,-0.3617011520934469,-0.053355050753949085,-0.05245440689048847,0.03276787521449337,0.3290955314260252,-0.08787274341014753
-0.21596113229499514,-0.19400070560889326,2.3832966778648084,-0.05457002394508419,0.3734231254764287,0.8029180764387506,-0.5435887814036219,-0.614149912177667,0.42264547251778584,0.020299950508328696,0.10025352997122727,0.020425964464735602,-0.2992964146040129,-0.20516768741298375,-0.13475344619870522,-0.35261681903355613,0.19282614865909375,0.2961184227851747
-1.2969583466264272,-0.8645953798997337,1.1272024712128978,1.3456246290913771,-0.8651083588626245,1.6872769143945532,-0.6150407857616694,-0.7395685956765783,-0.5643283783926538,-0.15977908061477422,0.24294793226913292,0.3594431800338075,0.3194882237168267,-0.3591426289924539,-0.11191889278436162,-0.7737979456669644,-0.18384104247261807,-0.4982393042972512
-0.9137949731233017,-1.0636573562245057,-0.8000630074117645,-0.015193650536380457,0.0028408143607490804,0.34439757152229,-0.11441389998543874,-0.5215893636419633,0.5394730838725461,-0.6095553716519139,0.8615817344183174,-0.3049815935895545,0.08347109716133005,0.16484224571362172,-0.2262059487888772,-0.21584236545190927,-0.08832836653717391,0.06330768927210845
-0.41755583449588823,4.495442266886815,-0.2093988323773634,0.039688450802332784,-0.02932069023313623,-0.23342409523147245,-0.08606021244723917,-0.0858295878238032,0.07988476427423295,0.05627108458624744,0.1425910334425431,0.08499225601496335,0.11653132591315574,0.08617838888333207,-0.0026609301246066086,-0.01979365929775001,0.42559770030507116,-0.05123229593983247
-0.5714755262892361,-0.04330216570326795,0.18354222688239852,-1.034552521252089,1.0228941731610839,-0.6094121789181681,-0.6832474426729022,-1.3784963886971948,-0.16403253907619864,-0.4910322669054187,-0.4013672743970747,-0.40333397617899497,-0.43551582139028916,-0.26200347643816235,-0.07157383310352367,-0.28667514179065934,0.04104299524361654,-0.24270387357596962
0.10863508635740526,-0.4039484729409988,0.9117540828482764,0.40937387907632383,-0.25540024938925654,1.5772730129072907,0.3779263050032382,0.6398538970106131,0.2786276740668535,0.2704197078614951,-0.611413909544926,-0.4484740737788763,-0.4914045844317614,0.7132602912519651,-0.13449435985046693,0.6956900336365073,-0.25005488165855205,-0.5658951574459868
-0.8272461086546726,-1.0525438886674972,-0.7488744009357414,-0.5626809866377287,-0.013882706159244626,0.04491730276311043,1.0237053512240994,0.15863151794322547,-0.3389082765468833,-0.5313201722319819,1.026389467603717,-0.12137336924368641,0.16334648482553238,0.215237825312239,-0.32665215774644135,-0.1542804440840489,-0.09324168517668174,0.08266144052862484
-1.7263545688546478,-0.5693262113580346,-0.07865189397851591,0.20740259181884024,-0.4300105497512994,0.4225520134257561,-0.5569406020064316,0.8329202539334828,-0.20924024927470058,-0.1581559112822621,1.1790944999145632,0.4873674587699447,-0.6750914920124876,-0.49190737823985337,-0.21619295914650977,0.2889825250366163,-0.6299261250680313,0.12108380362052457
-0.3624828857255193,0.006769932842262794,0.5920884585252093,-1.1794779820749863,1.0003480083699445,-0.30976884707575153,-0.2563866750603875,0.13817999317643506,-0.07946844059295555,0.06438400815112891,0.5993172815750454,0.2908523112692768,0.13097846829481735,-0.33443282055404006,-0.9304403847105059,0.2635501942085014,0.16882874925516023,0.13432648234071265
-0.8250994531750308,-0.885599471997274,-0.4983062263605191,-0.7114250241728524,0.42830189124572987,0.02173881724790129,0.10855342447858403,0.7806089209058336,0.11668689111142487,-0.43231104533146014,0.006350555722779483,0.1420385188513145,0.11792316195239677,0.31591913712642195,-0.4097639115830254,-0.20366716968779489,-0.15691296901656954,0.2160601094399625
-1.1075524122556901,-1.1571542015855922,-0.7242167257545222,-1.031335801917202,-0.5878745877553428,0.1524506110638537,1.2467911973988228,0.07847439999344172,-0.3778857514874154,0.1420970855817408,0.8714994396629865,-0.4837270733736391,0.18843495079647732,0.17378385600854396,-0.04761636657987339,0.205046459789669,0.2801376024126192,0.019742592888013666
-1.4280474683031197,-0.2980453083617496,0.9101955855886832,-1.0146646375551067,0.8005642545731552,-0.23376726396313746,-1.2975390454664484,-0.6286654389128434,0.8173484301055198,-0.10757358522810664,0.38764513782590093,-0.014991770211353062,0.11596423824060587,0.15054324911129102,-0.16628154816302443,-0.11823373105809565,-0.026434679376905912,0.034159253493977026
-0.80998804720552,-0.7699656336892644,-0.5697673063646123,-0.3824815580071306,0.3018872740404778,0.2344271201360375,-0.07891136163066344,-0.22407576990183573,1.029580385233401,-0.9261015797024572,-0.1944794606056081,0.3735886863252768,0.1802591391704832,0.2984746450018537,0.040967366197497135,0.10389321649011435,0.31582322756210923,0.2004273503929827
-1.021736506038415,-0.5585695428896602,-0.9495343729721231,-0.16847818705680173,0.15498695755237663,-0.25747276978329636,-0.24212474075586635,-0.568994853115308,0.06939767175400612,-0.22234079316807084,-1.0933749594078972,-0.8147970841304637,-0.4894856608458637,-0.4399807535804371,0.4132806847828143,0.23878308085502292,-0.32374892733554683,0.018134521664113057
-1.041106791946934,-1.1538623136772947,-1.0541790726128415,0.4835160751182096,-0.30677126784994035,0.00045730761475468173,-0.1985947462701522,-1.0171225373257737,-0.16007751680610321,0.40932148508630195,0.18678701773559414,-0.14450020715526973,0.38099292212559255,-0.0584559226011247,0.27160426029895124,0.4286051947151593,-0.5321570666475012,0.20589396018549705
-0.8860750497187571,-1.0050673111123463,-0.6123546542343181,-0.6803917336105378,0.4241544305564123,0.08255813738125899,0.13475651459647686,0.843181676355466,0.08836858041591304,0.22026211378418203,-0.13350110144222044,-0.22692910199120225,0.14065861815005715,0.28563029762412295,-0.11267361397020165,0.14050503373346007,0.20803108821819782,0.15459246978876656
-1.4434528119115344,-0.3888736556410002,-0.25940650065550264,0.9097822632040184,-1.2392895789683651,-0.6887412624102369,-1.0324981499048873,0.0975357342761066,0.8229743975914199,-0.19095571084105675,0.8858887799631154,0.09743873345021242,-0.5751286665847204,0.13963675831953448,0.17634755420503467,-0.40834967501692965,-0.14978523015018536,0.04869814819320056
0.16644388453951708,0.131440009511546,2.679551234248418,1.7548324916695603,-0.1856892833278136,-0.4910367497305813,-0.9439124706167806,-0.6528872893499114,-0.1679491441123463,0.2997235930471295,-0.5928271252710142,0.24660837481278486,0.017277154816622065,-0.09465675041740124,-0.15952300750918091,-0.25162307198768796,-0.2128334499882838,0.250087839569402
-1.1566216289680127,-0.7260831081022843,-0.503230829175494,0.17090583830738848,-0.8248289555081916,0.6127327446027085,-0.23584519213241875,-0.2675316178308687,0.6240325670934919,0.4510491670855067,0.8427658503958408,-0.12099522175682992,-0.6962973931028087,-0.6628971416026905,0.12360968386653698,0.5322428577212941,-0.21101748698521067,0.10803744014102717
8.768309568622342,0.16947721751611522,-1.0849601377073284,0.7170210142557115,-0.10092059196224236,-0.7152572697024672,-1.2878752646293459,0.5266555122258083,0.09709033457149889,0.11851741776080474,-0.007751211563402027,-0.28734436171526695,-0.11588065976890183,0.022096193682927368,-0.04336864791450151,-0.13029877405760681,-0.17172221375973135,0.022972899402189217
-0.41755583449588823,4.495442266886815,-0.2093988323773634,0.039688450802332784,-0.02932069023313623,-0.23342409523147245,-0.08606021244723917,-0.0858295878238032,0.07988476427423295,0.05627108458624744,0.1425910334425431,0.08499225601496335,0.11653132591315574,0.08617838888333207,-0.0026609301246066086,-0.01979365929775001,0.42559770030507116,-0.05123229593983247
0.30795885040721926,-0.6459175869981957,-1.369843717790877,2.5090015308596505,2.2307616631324243,0.16412606739836424,1.0308795436745029,-0.060745582778091195,0.7565163075652828,0.47319194499658745,0.8913664738048648,-0.15882949957678733,-0.2641659513774024,-1.0190443014847623,0.2743205262573011,-0.05161787782156935,-0.27239332018133644,-0.37256753399044773
6.377843738803456,-0.6335372819736349,-2.1690813115711807,0.5908798153487436,0.702039389148558,0.9489545881025317,0.2625611983822683,0.6594067541184636,0.36513947110714573,-0.7514694284908696,-0.4848783847997714,0.47758482195157664,-0.2838139012775599,0.1491147570657787,-0.0012537857123606222,0.5840717263619406,0.10330259617460003,-0.3586377886416458
-0.8867838774339316,-1.0161258010395418,-0.6624284086311294,-0.38286395994251776,0.31270773193785034,0.27674625240353373,-0.08477673112715624,-0.12055986132986576,0.9649912084432279,0.15315244064185285,-0.3120859706769121,-0.4468586095336268,0.07134262407245229,0.20502259573041481,-0.04870835976491744,0.06550156723112915,0.23167302919704913,0.15775044905274443
-0.47934390839716484,0.6763635464256333,0.33972652970164274,-0.49873899746435524,0.2609724976623829,-2.1478492123540716,-0.45651573562168035,-0.11671791568964004,-0.7970976120458597,-0.24657327252772518,-0.3015932825690886,-0.2825130688147049,-0.3335511190635408,-0.02950650820165812,-0.10899553371568943,-0.08546416795250122,-0.10688810055854198,-0.3028650611933939
1.376109123490373,0.10164323186876278,-0.17401114992239997,-0.37227124010372703,-0.07236438043299555,-1.71521799442542,0.27828883913091496,-0.6386827229595968,1.0305854700985237,1.026552466342177,0.22660176008012312,-0.12151029112561768,-0.40457737151592194,-0.17391833434819032,0.4577337257766434,-0.15593777811778456,0.39540850735709554,0.20708213505363254
-1.0867008687508566,0.5026230024143283,0.9959790091754552,0.18238248966856246,0.18948669505143695,-1.4601533652929448,-0.7049715538685274,-0.2452652238891417,1.186063341362007,0.4159502144548595,0.4006944394551202,0.40277227844380814,-0.09794203340341856,-0.274177484611164,0.3367744872113312,-0.820936495221588,-0.11148180253216866,-0.4800883991187463
-0.8860750497187571,-1.0050673111123463,-0.6123546542343181,-0.6803917336105378,0.4241544305564123,0.08255813738125899,0.13475651459647686,0.843181676355466,0.08836858041591304,0.22026211378418203,-0.13350110144222044,-0.22692910199120225,0.14065861815005715,0.28563029762412295,-0.11267361397020165,0.14050503373346007,0.20803108821819782,0.15459246978876656
-0.8104869696741372,3.9427258435020933,-1.2240587572242436,0.6863388794283037,-0.6879281269414542,0.3809086635746938,0.3085766740158016,0.57174280984495,0.2668698124424313,-0.3527003822475909,-0.40484236670962104,0.06783936971408194,0.015350490061281474,0.25042588242600405,-0.15820346648449174,-0.12099718575804058,0.2845464998046259,0.0579174957916852
0.09660586393810322,-0.7813175023677534,-0.3121128713916101,-0.40150914173050767,-0.9548272752374295,0.5151680721781381,-0.4064201400730435,0.5641040361627485,-0.6190284111078361,0.8722852161955665,-0.892842813054971,0.7624440792199991,-0.16856437841856145,-0.6423571016594983,0.023496953889567407,0.6880554127315333,-0.566668337097895,0.19420014436081373
-0.7989531636220293,-0.4897145023422831,-0.47136406887080595,0.1336852177824962,-0.46262345687144124,-1.351688392864919,0.14825417583387052,1.1470308947662362,0.3434683921910516,0.3502959688861884,-0.20941337069622462,-0.29207501908071104,0.15525427733363784,0.22222743650785415,-0.06660466079102134,0.17248530113506338,0.16658178102602184,0.196238745196132
-0.8063422952327235,-0.6130487483758642,-0.5741355534984545,-0.19409094300012897,0.09673495582940626,-0.08878554966861472,-0.05862863629456107,-0.13471938743833464,1.104343858590919,-0.901011798246913,-0.19920208829926672,0.3482460855172062,0.20473467936912249,-0.013461286180793952,0.38427412283089657,0.3863827621748322,-0.27286155175137605,0.4135835935527436
-1.3366390777074237,-0.7358178046285573,0.7414184967671595,1.8789104549513083,-1.6402955747817383,-0.11614421375949706,-0.8247997794661974,-0.46167794899973374,-0.32394545602838637,0.29371930141999736,-0.0926314329952751,-0.5882229096257514,0.3559962725702892,0.16559066295979474,-0.5176451515338675,0.2511544116973728,0.12659259310304183,0.04134958633663893
-0.8940332938256662,-0.575561246568471,2.528797452542787,-0.5441737427358677,0.4869127113014096,0.44350816521526804,-0.7188609970467145,0.5167157302218075,-0.5347563355449052,0.21954944088019335,-0.03576742121999371,-0.8086748141687288,0.5975628541969926,0.31586932627724296,0.4791683586993054,0.27937630527876617,0.16973412084181605,0.17486684771901623
0.7481334154290902,0.4227408528495925,2.4625869568084227,-0.06667351569579809,0.29504836356983594,1.1084986103067653,-0.0034969914721477563,-0.08460053756164229,-0.13589644614987986,-0.0677654021916809,0.1263105612742208,-0.31584819841433426,-0.2559528297675636,0.5989326613142644,-0.23334985940481234,-0.011786971692436254,-0.23515405986865806,0.01919282634468883
-0.3558172391033982,-0.2047179503044403,0.6171015851926474,-1.226987399766252,0.9928972245078728,-0.3792122925710575,-0.2002863560791399,0.1795775941643831,-0.044855085974126574,0.27420399357210395,0.6439698107252658,0.5718399478562548,-0.428887586254194,0.12851000988764782,0.07017671520469548,-0.37756585342460774,-0.007882874345042423,0.11142710331143008
3.1353707969331204,-0.07426207609553015,0.8540631936796959,0.6412042975347921,1.4695931427141493,-0.07290290242219909,2.0070987526709407,-1.0505300494646281,0.5527957215780173,-0.4300632366014633,0.031264314614454725,0.28259973616197304,0.03193021972259352,-0.9369043967579391,0.693054740832822,0.3873331231751698,-0.002256060586765085,0.6056078119976978
-0.48046748903756326,4.331200023818486,-0.3276499682104425,-0.3820629465158508,0.4336776184718079,0.5555912707670952,-0.07712660768724149,-0.23132005638319278,-0.05005630887069282,-0.007541709745301189,0.19320352825517406,0.0977113474810744,0.14829287460163088,-0.09956633003224086,0.22917989795241844,0.17317395870658253,-0.0077365506406635864,0.12606664313247762
1.6497091585121393,-1.4147822997793498,-0.44484116386745787,-0.37629782025180025,-2.001603517338464,1.2152034851454772,0.5592323208625924,-1.3471120218117107,-0.7270968113857682,0.3767333066509737,0.037700155709716965,-0.35798874204268777,0.11132037637013531,0.20867848743855966,0.47022416074741624,-0.4494794268004007,0.07339537420259923,0.3313509233895681
-0.01950041891161647,0.2744607728266528,2.9556059811777216,1.0889938844622136,-0.5881511134233669,-0.32451910999849476,-0.97292169522784,-0.035419304221125464,0.5720125419650526,-0.03141115895368593,-0.07139251132058655,-0.2862472864730086,-0.23721825687324372,-0.20403804069679343,-0.018744592213845168,-0.23957385887365934,0.009175320040157975,0.23494797118312444
-1.1090143705563367,-0.7145104472625008,-1.1511436452297459,-0.06730236075636988,-0.047580722095480296,-0.32319024555345716,-0.02602557377262285,0.05628993770755872,-1.2610613915395024,-0.26536577320386623,0.11902595775702363,-0.8219581814864836,-0.3853057374817206,-0.42984224120582104,0.46890813916639407,0.37661481809557046,-0.30244820681385376,-0.1409338570316969
1.7689559053083468,-0.53852639865575,0.18295078736013415,4.3189422157812745,4.323951134695952,1.0422420538716894,1.0929343188007403,1.1704709901004975,0.2766759840740918,0.08261946801917608,-0.5662242663467076,-0.7145018813647828,-0.44529238124546056,0.8676089182688186,-0.10693256476136465,0.32686325240186626,-0.18230537079856762,-0.48430315465088747
-0.5816557502792559,0.057958969696800144,1.3622873510719333,1.7193183537050358,-0.9178923633670489,0.10012461665305593,-0.04225704960067263,0.5501820670299091,1.0323801452385486,-0.6188993311761166,-0.6509088675313723,0.4069762598672601,0.045016820141790925,-0.20616927825350867,0.11150331736291857,-0.4379389910228243,0.34335067812932907,-0.25890020769200023
-0.28919866252325427,-0.9047280353650813,-0.7870872869979835,-0.5269944011223825,0.24029967386754297,0.4035781980163765,-0.7594269936841047,1.1583354523606377,0.09881889649826285,0.5278106750756086,-0.039762973924089506,0.2247092228147274,-0.4968932402148224,0.24457893249334994,0.2486329519391426,-0.14470430542916277,0.21636384881067772,0.17700543924916917
-1.0447525439197303,-1.310779198990695,-1.0498108254789993,0.2951254601112077,-0.10161894963886862,0.32366997741940673,-0.21887747160625462,-1.1064789197892748,-0.23484099016362153,0.384231703630758,0.19150964542925264,-0.11915760634719913,0.35651738192695315,0.253480008581523,-0.07170249633444808,0.14611564903044144,0.05652771266598422,-0.007262282974263623
-0.9116209216581274,-0.8372043849225352,-0.6706075228698958,-0.6691260414227181,0.41835970493352465,0.18238275891066474,0.18117459919444834,0.9375030938335529,0.16996271320299633,0.32398988696132913,-0.13786480652009941,-0.12696677668769335,0.5551430589565722,-0.04034531654598572,0.03022995637658432,-0.2954239933787345,0.15218206772812148,-0.4255032994354852
-0.8303857409116275,-0.5244391733112095,1.6532480647705283,-0.7564651840373088,0.4586320558823536,0.2538492517002824,-0.9163227112094697,-0.5541534184434231,0.5473366884152728,0.3542166333726652,-0.06929615075500789,-0.712647802472383,0.45267862491740507,0.05775254719570244,0.404528096831443,0.11654162337847235,0.3297352920757116,0.024523557114770278
3.293546264523747,-0.5157373261275708,-1.2283528387028988,-2.0125224005099844,0.2416476699007048,-0.5152459161897862,-0.36579200282926727,-1.0463857591079464,0.7276993820805149,0.0052486180255872095,0.32346813059292123,-0.07702542693428588,0.27024100719802224,-0.1972751852313238,-0.19314201780835805,-0.3190524385056742,0.12327426498412375,0.3321056529325422
-0.22265817869960292,-1.2386235595587423,-0.9119148795219476,-0.2101664731499855,-0.781345423047035,0.4107400986365882,2.170410424623924,-1.7887423445264226,-0.3222495307497139,0.7098363448469103,0.1687247508273757,0.11898271320217718,-0.2155377643973484,0.23079712135666197,0.21364064628640178,-0.22192601959845965,0.22784402520965252,0.0985950297478711
-0.8656042833448325,-0.742785061799651,-0.7224188369401938,-0.16333252126056153,0.012372919746016023,0.43617199690343855,0.20322581840668622,0.4962587483647905,-0.3311946606350646,-0.20239137116645642,1.1068392690391355,0.3266794943553884,-0.4636459684894081,0.2298785040910578,0.055097303517689156,-0.47382302583942576,-0.07778662144159654,0.15173901596956857
-0.41755583449588823,4.495442266886815,-0.2093988323773634,0.039688450802332784,-0.02932069023313623,-0.23342409523147245,-0.08606021244723917,-0.0858295878238032,0.07988476427423295,0.05627108458624744,0.1425910334425431,0.08499225601496335,0.11653132591315574,0.08617838888333207,-0.0026609301246066086,-0.01979365929775001,0.42559770030507116,-0.05123229593983247
-0.48435364019250843,0.47205064306679545,0.3245328122459108,-0.22047556985905475,0.1361162857332303,-2.0436587091643466,-0.6697497814355086,-1.0746471702864246,0.09106727269893998,-0.3609984118034123,-0.47727954365107905,-0.46847989326850376,-0.4209201622067085,-0.32540633755443105,-0.02550487992434336,-0.2546948743890559,-0.0004063119485596678,-0.20105759816860425
-0.8860750497187571,-1.0050673111123463,-0.6123546542343181,-0.6803917336105378,0.4241544305564123,0.08255813738125899,0.13475651459647686,0.843181676355466,0.08836858041591304,0.22026211378418203,-0.13350110144222044,-0.22692910199120225,0.14065861815005715,0.28563029762412295,-0.11267361397020165,0.14050503373346007,0.20803108821819782,0.15459246978876656
-0.4373819840113923,-1.1890616796959492,-1.0369084937064437,-1.0385005729346883,-0.5203639905032801,0.10356929257191505,1.3226897118465806,0.05830819189541955,-0.3858879401129954,0.14994827170821998,0.8669331739191792,-0.49307734328969993,0.20735410074309568,0.13359529533028203,-0.046223303492981704,0.17802774254836468,0.29800210832638974,0.05482468930051437
0.3400713872241943,-0.15921079471429644,2.0039261527165033,-0.5498593448592934,0.5957742351045373,0.4248600847857814,-0.08819093817772246,0.24810190672199223,-0.4761927484452796,-0.2651938279765039,0.16423380732631898,-0.19900592429422265,0.5939975029928196,-0.4000145258346457,-0.430383951270893,0.25233492080381276,0.11752712163341361,0.31090729752668217
-0.8892188579004976,3.651791272198559,-1.320922567450041,0.2331717896124184,-0.20996189964981993,1.1514238417074,0.28544181916141353,0.4671954944078979,0.1006578732028444,0.010167684649528247,-0.33198472480329405,-0.37092121383619386,-0.08453993254593473,0.001517953741291267,-0.31312866198270506,-0.3105934204339482,-0.5978820067409365,0.2540071731749531
8.50992912957569,-0.3377690543215086,-1.1441889066792092,-0.06526509016701558,0.8280783580084302,0.7075510603872702,-1.1776556313822655,0.19647469654381308,-0.155166746191797,-0.01333287193621388,0.0692046992997647,-0.22778505188001869,-0.13435579807666487,0.09196845465060766,-0.0948054238309966,-0.16153285318420352,-0.13426319864268754,-0.02112805270359236
-0.493143914540508,-0.4523508877276252,0.40230527061256227,-1.3270421622365087,1.0827618672647303,-0.5317746214249072,-0.2598803718665639,0.1856092786867127,-0.09861646775228528,0.6292335806180204,0.41393229870994364,-0.20977621569032084,0.2418394540019313,0.12138280408145097,0.042868922389683484,0.2417085601937507,0.3490822887186432,0.045442678057248886
-0.04228442239483304,-0.8618600573409403,0.7502081816651092,0.5499236942577941,0.46989727565099987,1.063325794171875,0.6842798453773733,1.1830627140425156,-0.1524601086426334,0.025181984129807433,-0.6304408728733636,-0.578221191838765,0.733185514674945,-0.42610316678588717,-0.2666144518518797,0.08753470537615643,0.1409481090766579,-0.4370361768402164
-0.6666333294105684,0.23633374686842212,0.059653076698258145,-1.2811827492234678,1.150804453102483,-0.6296429395283185,-0.4199473616808693,-0.3212899525471035,-1.1456099212316315,0.250160137550968,-0.3413963831639505,-0.6533858183928214,-0.26341048156155344,-0.11136104897600191,0.11640136674839052,0.025024596259766718,0.4641060215578229,0.07037747217971724
-0.3558172391033982,-0.2047179503044403,0.6171015851926474,-1.226987399766252,0.9928972245078728,-0.3792122925710575,-0.2002863560791399,0.1795775941643831,-0.044855085974126574,0.27420399357210395,0.6439698107252658,0.5718399478562548,-0.428887586254194,0.12851000988764782,0.07017671520469548,-0.37756585342460774,-0.007882874345042423,0.11142710331143008
-0.49020699028288606,-0.30649249234142073,0.3478632690819088,-0.841123773561487,0.7661628504350967,-0.6607991762072847,-0.45913089225409454,-0.688775876535118,0.8527696336325479,0.5872136889312353,0.2306248017815935,-0.455048324040816,0.19699900012296578,-0.27116082899490496,0.45014093322836723,0.4491946393761375,-0.21596054961599082,0.2617569004809876
-0.48046748903756326,4.331200023818486,-0.3276499682104425,-0.3820629465158508,0.4336776184718079,0.5555912707670952,-0.07712660768724149,-0.23132005638319278,-0.05005630887069282,-0.007541709745301189,0.19320352825517406,0.0977113474810744,0.14829287460163088,-0.09956633003224086,0.22917989795241844,0.17317395870658253,-0.0077365506406635864,0.12606664313247762
-0.5114950965202333,-0.3223073762403008,2.7135744238789563,-0.2792757714608893,0.22894137657863195,0.89908723527864,-0.5548377008844608,0.5536172997821391,-0.5354514101456553,0.625135116460294,0.06521930115492608,-0.22284661516163234,-0.09391984075033427,-0.2596312142591293,0.23704412334664193,0.17127952746347547,0.48244840154013924,0.08801159481346366
-0.5789066106328371,-0.31124279993173487,0.6227907511956048,-1.7539631171892944,0.382326602119149,-0.28980193876132043,0.17693578469923418,0.048896865101787174,-0.08512201614353887,0.9507131816940672,0.4860291478507148,0.20346747904281917,-0.40062102674029504,0.0789006215851128,0.3430504027463569,-0.02175483337177958,0.3701029162278414,0.054551114997681394
0.14895375735266025,0.3361218194200618,2.6750346030428735,-0.4422457124370006,-0.25651247130393756,1.1662271300449256,0.593900646009892,-0.85848753511539,0.21265658454685654,-0.05381991971658681,-0.011600067978008666,-0.4110756168379422,-0.1259735627134575,0.09803628069554882,-0.19820592638051038,-0.3110294875719486,0.09214941444430902,0.5282781657606321
1.975126377836325,-0.32313194914728016,1.993912994712718,-1.318645928342017,-0.9902143164380084,0.871426655707035,1.2206319513167943,-1.2000106727328124,0.25940884557498056,-0.06542926700118243,-0.06944226708066914,-0.29821432978746026,-0.15979482064275585,-0.3634323677435227,-0.16045739533289521,-0.35794947622799345,0.16561842518861758,0.35630794389572645
1.3728464099283992,-0.41933680466514134,1.9094729180375374,-1.331909183526399,-0.6640809866888323,0.580045965343751,1.0460562976650625,-1.2448739254115693,0.29929239297842325,-0.3176486544563195,-0.12260733300117044,-0.5601721825658867,0.5413941919116546,-0.4768215950015685,-0.39945687307980615,-0.054393692595812615,0.2311234020813352,0.290470044655932
0.7331880284893835,0.2527121598862365,2.6868370850423426,0.5722392451583528,-0.5265304229530451,-0.6481318416047112,0.04087848592557104,0.6836060878062362,-0.31718295508006294,0.05736026978116762,0.09097227646391715,-0.10495421942333999,-0.13852204715231203,-0.19476164109651378,-0.1113976300149288,-0.20944790089141072,0.017906000217078444,0.29550051867352195
-0.8056334675175489,-0.6019902584486683,-0.5240617991016432,-0.49161871666814894,0.2081816544479682,-0.28297366469088947,0.16090460942907206,0.8290221502469972,0.22772123056360416,-0.8339021251045837,-0.0206172190645752,0.5681755930596308,0.2740506734467274,0.06714641571291413,0.32030886862561236,0.4613862286771631,-0.29650349273022736,0.4104256142887657
6.789475819922182,-0.2541692332885088,-0.3124450465844135,0.0531525050866755,0.9885469332688109,0.6389912342141776,-0.09540432978984813,-0.0637841732360108,-0.12684485297247886,-0.03312825841512354,0.07543562938289972,-0.26767034112130444,-0.17537981916339962,0.1676836274190413,-0.14344583311245157,-0.12793980032625807,-0.1691072017070691,-0.07344395896190042
-0.16821064973940647,-0.8660733204100051,0.7635220854837832,-0.08536101669599284,0.019448519500259207,0.867760432766431,0.29423460102745613,1.0265600444192666,-0.12547310232099643,-0.6918509277427839,-0.42630767107241463,-0.19936201415369575,0.2651374883624177,-0.19362763519071174,-0.7598636533991638,0.23208142220013445,-0.2676537329418821,0.19417721697644447
-0.9382603719144836,-0.20013361943299768,-0.8041755404747686,0.45720814932923065,-0.5266386116644053,-1.3685066302248226,-0.24890980485457512,-0.3545020171680389,0.2497340101716265,-0.11739671952160843,-1.164564600968243,-0.8546004004119019,-0.49936554186092236,-0.1914476835140579,0.1160428813285952,-0.0117261974280915,0.22348654478576246,-0.15337544608828238
2.3845290922642155,0.5096517967892411,1.5370715956562833,0.21538425686789148,-0.3841489010287014,-0.9808507843166503,1.9729172314640224,-0.40799311768163654,0.30774260529071407,0.19015787012916124,0.05665324315274006,-0.10213686542478623,-0.23848626409861917,0.009454573115498022,-0.15541505082689666,0.2216980820502727,-0.160190166800684,-0.44710192848440133
1.0140708140814434,-1.1254311135101627,-0.6487294048440119,1.6337875718880632,1.8610600146709362,0.2161575446809239,1.7498835752739785,0.4749715057438347,-0.5527297095178311,-1.3206277538723534,0.8084383371050297,-0.20325416905337995,0.5476942068856914,0.2802284743779322,0.20746885638656165,0.08743641453716611,0.3470402631354448,-0.01500822229456461
-0.9382603719144836,-0.20013361943299768,-0.8041755404747686,0.45720814932923065,-0.5266386116644053,-1.3685066302248226,-0.24890980485457512,-0.3545020171680389,0.2497340101716265,-0.11739671952160843,-1.164564600968243,-0.8546004004119019,-0.49936554186092236,-0.1914476835140579,0.1160428813285952,-0.0117261974280915,0.22348654478576246,-0.15337544608828238
-0.23535854058258193,-1.1846488967681832,-0.02250212158288467,0.43218665184762645,-0.14727871733309655,0.7539718658217278,0.5966902429724951,-0.5228986381879477,0.27540910699801774,-0.9313578636512421,0.6445541155550754,-0.7968628201586225,0.32377883143968467,0.16253016720648616,-0.061394202745996995,-0.2416322871433389,-0.23065334029539875,0.14387321490663513
-1.7176722264718207,-1.0254805900380461,-0.4716861893786154,0.3509034694520433,-0.444182610601376,0.6336465918242951,-0.8952293647124115,-0.9311514554897988,-0.1759458661865319,0.020542419696164937,0.4296993714399997,0.7057981056133507,-0.3405171547440809,0.32165184780813216,-0.02368099167216753,-0.4239341156813506,-0.3277279391216675,-0.0005283398199524281
7.791952648504088,-0.2958247531469016,-0.7408287330316714,-1.819807987323971,-1.4398889722884007,1.1120126288116412,-2.147264026504698,0.1273770406420154,-0.23061916402555382,0.10511994522332171,0.02353210663366112,-0.14039271993080488,-0.11723095956680984,0.016926367629677364,-0.11298749593665164,-0.15417121736666717,-0.13171501571167132,0.050029937380867084
-0.4836448124773339,0.4831091329939914,0.37460656664272207,-0.5180033435270748,0.2475629843517922,-2.2378468241866214,-0.4502165357118756,-0.1109056326010929,-0.785555355328375,-0.2938887386610831,-0.2986946744163874,-0.24855038572607918,-0.3516041681291036,-0.24479863566072285,-0.08947013412962762,-0.17969140788672494,-0.024048252927410918,-0.20421557743258217
0.8701463358185986,0.5500483998600891,2.6634920188790874,0.7275391805629093,-0.6123405658701718,-0.43888595421817955,-0.007563075385261117,0.18835653783400105,0.1958398090578648,0.04075888071191017,0.029160612856784007,-0.279980386590109,-0.3214110601374533,0.43520623512724455,-0.14213106267000675,0.12766922758232696,-0.35836427711912416,-0.3168678629188064
-0.9923433817589803,-0.5407306378036449,-0.929156059712628,-0.4542127247787693,0.30300916523867155,-0.10489082895965533,-0.038327177157880234,0.0338838411698788,-1.045063731241426,-1.316705622457587,-0.2746650495776132,0.1362525382895688,-0.31955466420445483,0.013089181316268905,0.1563650364209629,0.09979676182685826,0.34919788734991053,-0.23292127664850537
-0.9842758698446213,3.5213801173157355,-1.5900538484648319,1.3329126069843276,-1.0872868899314831,0.40933220072470533,0.14240747392231756,-0.37323309549212164,-0.9692332522590794,0.305059741969982,0.12099839649023969,-0.05593930211587722,0.16887327662009066,0.2357200855079723,-0.5679636266292607,-0.4229469566389685,-0.33969307232626667,-0.08830449792436532
-0.8757535905927587,-0.24206526761526592,1.1756650444685712,1.1650991906704316,-1.2692456028933634,-0.16829063555661122,-0.7791357367923923,0.49182471720184767,0.9795375415508636,-0.7327355441754735,-0.6636095712099204,0.3576708954993555,-0.1345166806006648,0.44333898904953795,0.6855751510445423,-0.3201438105506781,0.38959073683080125,0.3404770234912307
-1.4730536960744351,-0.6647259422657772,0.06336660061897748,1.3547762177620306,-1.059028985015438,-0.7928768153609844,-0.4167298619102967,0.3275497300434182,-1.0098878079231355,0.8082030969795119,0.40851988548821716,0.31887314050574056,-0.16003124282018846,0.44919990487881767,0.40363177512072634,-0.07713479015797853,0.035455805921618566,0.12848022213720284
8.313493048677024,-0.879950028605067,-2.819982065767654,0.3261401884904158,0.1443961655157009,1.1837037591401587,-1.1028770416097073,1.0022166109507078,0.19813420934446302,-0.3299468125378858,-0.529833822901006,-0.02802425816364068,-0.3176520163935195,0.11641080114795233,-0.3615769191163923,-0.026650056275311862,-0.1937549952825588,-0.27541092122335475
-0.4979577982708585,0.28540676708557755,0.26438980580917026,0.09437842116035848,-0.008160234404282221,-1.6635577175230958,-0.5564637334033454,-1.0332362177952534,0.35716208477911116,1.184414918055232,-0.3780475848333972,0.12593960997750114,0.8699674375479475,-0.014384643269369612,0.13369445537647756,-0.12523061502385202,-0.027501923647498483,-0.5976006528516475
-0.8749048270158515,-0.8642077625417988,0.6604977971175465,-0.21857233146727517,0.029080675698505018,0.6742786807419587,-0.0855296259852422,1.0562856604720705,-0.06121669909534468,-1.130004657588416,-0.4771750494769965,0.3001125096835167,0.6206395780898402,0.23498997026118895,0.2819898127233369,0.2731064843836229,0.3023644261860655,-0.03510655411740454
-0.8244990355613997,-0.3218515761524723,-0.5296169375063836,0.14495090997031596,-0.4684181824943288,-1.2518637713355134,0.19467226043184196,1.2413523122443229,0.42506252497813496,0.4540237420633354,-0.2137770757741037,-0.19211269377720225,0.5697387181401528,-0.10374817766225453,0.07629890955576468,-0.26344372597713117,0.1107327605359455,-0.38385702402811983
0.6863138873820551,0.04763721481637151,2.3498957901858137,-0.15246712782273253,0.34540426869958024,0.9046681381194362,-0.035267921093918506,-0.15624114180872553,-0.004384973926807867,-0.030140164801990527,0.13357793328495648,-0.06650389450428779,-0.26778005140216543,0.3280348407156004,-0.10643470110222142,0.10940414716942026,-0.2275855310250377,-0.39386244553888217
-2.02134491831384,-0.3166841365195232,-0.12426889480736047,-0.25318371493821934,-0.02093441516414575,0.2982614400151081,-0.37156367546623414,1.2674926089587504,0.26492017073283053,0.6694992770792365,-0.062371918810962435,0.29986768407304043,-0.07466224043024638,-0.2810922647135529,0.7377932324476866,-0.2848506833969162,-0.440270953573373,-0.20068809579251642
-0.5572633192659748,4.085039856468208,-0.4203110704769597,-0.382445348451238,0.44449807636918043,0.5979104030345915,-0.08299197718373429,-0.12780414781122282,-0.11464548566086571,1.0717123105990087,0.0755970181838701,-0.7227359483778293,0.03937635950359997,-0.19301837930367977,0.1395041719900038,0.13478230944759734,-0.09188674900572374,0.08338974179223946
-0.3545535851743015,-0.8714457304342342,0.11902680512769592,1.030414978840645,0.20397540877248682,1.0430624670164406,0.42784864055384353,-0.36797457821069557,0.3655583976437004,-0.49839022269818023,0.9327205984997837,-0.037929904666757774,-0.44650604034777563,-0.5606447475211651,-0.18765425296527252,-0.011330511281633204,-0.055325926830388505,-0.07861210915096115
-0.41755583449588823,4.495442266886815,-0.2093988323773634,0.039688450802332784,-0.02932069023313623,-0.23342409523147245,-0.08606021244723917,-0.0858295878238032,0.07988476427423295,0.05627108458624744,0.1425910334425431,0.08499225601496335,0.11653132591315574,0.08617838888333207,-0.0026609301246066086,-0.01979365929775001,0.42559770030507116,-0.05123229593983247
-0.41100869817726127,-0.29322799847669456,0.5091726979753743,-0.6912296723004062,0.826190232926734,-0.3538960038393655,-0.6362971068908821,-1.5635464641169539,-0.06377642769693709,0.2278756605166044,-0.06968815371341225,0.41273026548825087,0.5260013241680838,0.20334700652863824,-0.2948108529040078,-0.2175407633183086,-0.16129361524075703,0.35429779889279295
0.5459650394221774,0.09086813044453601,2.5118385386792976,0.5532722371267894,-1.0133284530338027,-0.434783028103779,-1.680164106451056,0.04006092476702397,0.5268987657174167,-0.07693115884744203,-0.12394023171280055,-0.3914296684917587,-0.04363882806961816,0.22556886949355426,0.6175569020322665,-0.6205532598642722,-0.07153653786855985,0.35831494722467744
3.1556655558227655,-0.5617649795220236,0.8766546621003277,0.08213066930626782,-0.1661417105120922,0.9627348425104945,-3.1111829099476807,-0.6010286377621212,-0.4869594366828325,-0.2500718357319619,-0.6079001368006458,0.7122949269479947,0.3962582740813937,0.32075628137032464,0.8764238538290587,-0.3546718809125267,0.24957216153850614,0.42963465319625577
-1.0126461642060929,-1.0096626536860762,-1.008939868236727,0.2823930194601608,-0.10537397873667124,0.3354315487022651,-0.2327711949609725,-1.1714861718447882,-0.2260108670310524,-0.22583070021148163,0.307848113130057,0.24889305219377694,0.3653404500594146,0.29135903826365206,-0.3479223778632569,-0.2559384710835575,-0.2822115526654365,0.1412778770353849
-0.48046748903756326,4.331200023818486,-0.3276499682104425,-0.3820629465158508,0.4336776184718079,0.5555912707670952,-0.07712660768724149,-0.23132005638319278,-0.05005630887069282,-0.007541709745301189,0.19320352825517406,0.0977113474810744,0.14829287460163088,-0.09956633003224086,0.22917989795241844,0.17317395870658253,-0.0077365506406635864,0.12606664313247762
-0.7943281452681541,-0.8633246799298584,-0.5267327573064097,-0.2245651588833496,0.24693627342854696,0.49313088883589984,-0.05287393952204285,-0.08922721871068703,0.9823705978650303,0.23095231769907387,-0.27090786344766365,-0.30767817842607686,-0.09972696031045261,-0.275163938157507,-0.666464288417664,0.43004453112527746,0.3285619265413957,0.07485965633553421
-0.9501944544442238,3.532323433083487,-1.43497099532384,0.2642050801747329,-0.21410936033913752,1.2122431618407576,0.31164490927930644,0.5297682498575305,0.07233956250733257,0.6627408437651704,-0.471836381968294,-0.7398888346787107,-0.061804476348274295,-0.02877088576100767,-0.01603836436988132,0.033578782987306766,-0.23293794950616903,0.19253953352375713
-0.14579286449261203,-0.7057553309207887,-0.9308935178614091,-1.4279139130726914,-0.546783181508153,-0.29748639376577324,1.8124056105055346,0.4372899416377058,0.2178944276816181,0.4014188810575182,-0.1857584044407657,-0.20803489227726707,0.6231651826939468,-0.4639743046435564,0.3028635655970664,-0.05296903550957499,-0.37683736360112874,-0.13146324607018625
1.4596352151011218,0.20845517982915052,2.3167105063584197,0.8780247811168292,-0.4240754105025402,-0.6115278755023736,0.6230450093485284,-0.4852370857690241,0.555047464477171,-0.0009371768002703618,-0.09674746747054491,-0.36937998738553396,-0.18314217242628522,-0.33347815174017525,-0.07151663810073355,-0.329998267455224,0.06846703509270757,0.3540816852635798
-0.9994536741814598,0.15143857706879982,-0.9516508615657451,0.5472149402016747,-0.7044477886107899,-1.3819053918495743,-0.041449982838717425,0.23910216122032232,-1.1290431858589765,-0.7914852864746309,0.20892565252511064,-0.5938076058391393,-0.3378671851409693,-0.050696766566391716,-0.17056980545627418,-0.32554259548195885,-0.03839588186902165,0.12673077953796424
-0.48046748903756326,4.331200023818486,-0.3276499682104425,-0.3820629465158508,0.4336776184718079,0.5555912707670952,-0.07712660768724149,-0.23132005638319278,-0.05005630887069282,-0.007541709745301189,0.19320352825517406,0.0977113474810744,0.14829287460163088,-0.09956633003224086,0.22917989795241844,0.17317395870658253,-0.0077365506406635864,0.12606664313247762
-0.6852549999098205,-1.3254807771909396,0.3867550954545318,0.15430788870491485,-0.7447877452784523,1.0656541655115261,-0.6497952405646804,0.8252833729387541,-0.7712289088470364,-0.20353106429858922,0.5921283749994868,-0.9114661820059278,0.5496673587803067,0.3243244783454945,0.32606542700928465,0.00843475744973099,0.39027107054434285,0.006201086544029122
-1.0322185403279251,-0.46835027991222344,-1.0584825429632287,-0.06691995882098269,-0.058401179992852756,-0.36550937782095333,-0.02016020427613005,-0.04722597086441124,-1.1964722147493294,-1.3446197935481763,0.2366324678283276,-0.0015108856275800053,-0.2763892223836897,-0.33639019193438213,0.5585838651288086,0.41500646735455565,-0.21829800844879366,-0.09825695569145862
-0.9435766959874562,-0.2650133574939455,-0.8373113061160318,-0.6347498277337168,0.47417502979522846,-0.08076973543586506,-0.043308050781647664,0.19606211044600552,-0.828941509558139,-1.2122594556922377,-0.7953595605609445,0.21695963699030957,-0.31767564280330435,0.2613070562264227,0.07615900032048345,0.16391589086584496,0.2426042617330163,-0.25415228318019917
-0.8104869696741372,3.9427258435020933,-1.2240587572242436,0.6863388794283037,-0.6879281269414542,0.3809086635746938,0.3085766740158016,0.57174280984495,0.2668698124424313,-0.3527003822475909,-0.40484236670962104,0.06783936971408194,0.015350490061281474,0.25042588242600405,-0.15820346648449174,-0.12099718575804058,0.2845464998046259,0.0579174957916852
3.928449713712366,-1.4325033864545633,-3.2995739489373666,2.370650447979001,3.5995120049921563,-0.5007449384424039,2.226349340289241,-0.6204899628809899,0.5255577179658337,0.00170200123845074,0.7486322254537938,-0.8951674999656569,0.22444507143661352,-0.11587551048579908,0.060828132905918764,-0.1780844160759843,0.3678552311857848,0.3020467329302919
-0.9936249298836393,-0.8440485091796355,-1.026608656538082,0.6329049780620485,-0.4086858610832354,0.28641984801817805,-0.10048827360166035,-0.9630159630043518,-0.15412263328639908,0.7493758124294302,0.25345968312172085,0.26723137324724877,-0.23544013760275084,-0.07402736611739674,0.6168727668108018,0.09562106782531188,-0.4979733805730725,0.29748326614693515
-0.9123297493733019,-0.8482628748497312,-0.720681277266707,-0.37159826775469806,0.3069130063149627,0.3765708739329395,-0.03835864652918476,-0.026238443851779064,1.0465853412303112,0.25688021381899984,-0.316449675754791,-0.3468962842301179,0.4858270648789673,-0.12095301843969392,0.09419521058186858,-0.3704274598810654,0.1758240087069728,-0.4223453201715073
-0.8812795789296191,-0.66726129191252,-0.8080723534092011,1.2402904645368134,-1.082408940512897,-0.8971949038395644,-0.1195827044635441,-0.7460886304512018,0.045701892694163984,0.81180913080249,0.20578323102557072,0.22834501926735082,-0.27687854294793146,0.16691551376915204,0.29876454727256774,-0.09700629376505876,0.023057299644889895,0.03890077803608699
-0.5362694445635632,-0.9020549912882665,-0.8241793280513288,-1.1731728286160157,-1.020854920110139,-0.2813408802681722,1.6463240310937781,-0.053758164678088055,-0.28894863850289504,-0.4629851429797607,0.99191299683365,-0.156092225120055,0.21172926268157133,-0.16060000526728196,-0.01928412619638764,0.11761962373283791,-0.649752667976588,0.3380144532976253
2.839096227703239,0.12413512803562043,0.8762860917249791,-1.304830097991459,-0.20847899044315205,0.5085861965300641,1.1348067258157346,-0.6624316311586051,0.14477079798089676,-0.2843110558855243,0.14767949415941506,0.5744745220750507,-0.1478380306276958,-0.039757175348170026,0.23227831408114397,0.7621979293902483,0.23769931872458672,-0.47391890488858845
-1.3598295638156692,-0.9018718156831087,-0.275099299548055,0.7079667687183963,-0.9551624898991695,0.7339822378492038,-0.47769099916302815,-0.7048038572356963,-0.19995059063684056,0.6762475560024485,0.12744035163190492,0.20509485598668784,0.286747523402447,-0.37883253571166997,0.9353936673446763,-0.1925992118112863,-0.5328296910856166,-0.5291280412670285
-0.4164174577054811,-0.8535944494191867,0.2060630593506363,0.47942319834214775,-0.27333200535124325,0.335038271137327,-0.07517186187497614,-0.6464367477395099,0.1417581933628047,-0.7788990005996581,-1.152955400102638,0.5280840402740976,0.7669524830553617,0.14630708590861718,0.4564036351799121,0.18144773633585948,-0.5111254858608097,0.5286389393470827
-0.6020573720129518,-0.19875597603766848,2.7868545850728648,0.03051464609987982,0.17137048002825434,1.0258740557643007,-0.887598912262679,-0.36983645469852683,0.3964883931201437,-0.10821772418096406,0.03411632192611219,-0.0885861196712231,-0.30993120749438985,-0.2251119993887567,-0.10058043036640812,-0.07077843301485326,0.08122688851883708,-0.058048220563532926
0.7162369846931804,-1.087325152972053,-1.3903409293238336,0.2614371456493385,1.8823210316582581,-0.30113653552138553,1.360554400704683,0.7007141702468707,0.09762886622179905,0.20429989372962742,-0.12291076872741097,-0.32754142519748236,0.1814909580613382,0.19376101620720654,-0.13108367470176419,0.017969015453115966,0.23791713556233496,0.2741489074384978
-0.5556552926045508,0.0833901625319371,0.16215490127511667,-1.0031368287543874,1.0079262545743939,-0.5909119910523066,-0.6511789830585165,-1.4194395418195322,-0.12776167298153757,-0.9177131281340865,-0.4236124214907707,0.04814569883739189,-0.30386385009459776,-0.19884026666902238,0.31519219047171465,0.09588871088958084,0.49013725084344417,-0.26149461188692724
-0.47671283041165713,-0.0757105725358751,0.35752271138582725,0.06384838290981913,-0.01577502209198535,-1.8533799508850521,-0.5965826180915119,-1.1217453521847929,0.2871102087095124,1.0333716787447274,-0.37078527160281693,0.059939967762617674,0.4374299476758696,0.09629884344167439,0.010316284615753346,0.21647117215411876,0.11118694447370914,0.08114460013341596
-0.45771418993615215,-0.1650201224227421,0.4581008298507836,-1.3468097606110037,1.0811146023311602,-0.4927693200288592,-0.23966537738648522,0.2173579407151671,0.011295975730309812,0.08038819467952532,0.5494202507970647,0.2591537304557048,0.6335884386107861,-0.17430397058635888,-0.11131780487635429,-0.5383926703396988,-0.07171078900620065,-0.47318545151580704
-0.9567658516866339,-1.1437798046906587,-0.7981277988245652,-0.10357813985724414,0.21239542862755023,0.1951993381672928,-0.21544339286586497,-0.7680221729268097,0.21899544510257213,0.4943663568088825,-0.8423064025009768,0.10793299855124527,0.3216534526404149,0.32394919810061507,-0.19129520492331203,0.08328737829222482,0.011585051165439841,0.1486481164575683
0.4058303650042675,0.6519457404298529,1.7174424793594045,-0.3433951899282863,0.497219168408258,0.9012653419768503,-0.028983158418055502,-0.10275839631000358,0.2050959622157681,0.3105475194139289,0.21157510130535218,0.1982220940714848,0.019840042763296872,0.24991640154030492,-0.09590158018618261,-0.21133089266731872,-0.31553229099188024,-1.1334365017402137
-0.8892188579004976,3.651791272198559,-1.320922567450041,0.2331717896124184,-0.20996189964981993,1.1514238417074,0.28544181916141353,0.4671954944078979,0.1006578732028444,0.010167684649528247,-0.33198472480329405,-0.37092121383619386,-0.08453993254593473,0.001517953741291267,-0.31312866198270506,-0.3105934204339482,-0.5978820067409365,0.2540071731749531
-0.22310840711776492,-0.5736565196663663,-0.7905686941480394,-1.082446950565967,-0.5189410905320185,-0.005149675914768073,1.2237420963790815,0.7076142335831226,0.24573849202618042,0.6898356427110702,-0.08411100576958092,0.2308050105411417,-0.03495646088027371,-0.4606720164035845,0.6535973341414327,-0.31794505660974515,-0.3859322236081486,-0.14469807731231407
-0.43216831799678174,-0.33288304861255313,0.5163536984863613,-1.3580754527988232,1.0869093279540478,-0.592593941558265,-0.28608346198445667,0.12303652323708039,-0.07029815705677345,-0.023339578497621777,0.5537839558749436,0.1591914051521959,0.21910399780427092,0.15167164358374996,-0.25422137522314026,-0.10246364322750429,-0.015861768516124253,0.10691031770844478
1.27716160328993,-0.7282620554653214,0.0869940607906079,3.5461202829416107,1.7837493252480903,-0.8525076462728377,0.5848029940909492,1.1188960948398716,-0.7069308309780299,0.3451406421276115,-1.2063073491418848,-0.24069183429081836,0.5975100233218829,-0.042973010998135,-0.522063613839185,0.4457827764701466,0.06813344623055784,0.024553378677947657
-0.988041767498369,-0.06081331427282999,-1.0017710305412755,0.8451771284000369,-0.8572953903163063,-1.234414853055919,-0.2807529783939018,-0.7717206921599606,-0.20233378735703983,-0.8701808222238456,0.013458322597839745,-0.7202429094582987,-0.4042930138985934,-0.23754596378071918,-0.11991778852998375,-0.29159925656927255,-0.00871323052152273,-0.13751124851944027
-0.15179868142683928,-0.47616425900284587,-0.5399725846196972,0.20583837855036557,0.5542949201514918,0.10269501683652456,-0.15948238928622008,1.1440561481028715,0.23783567379186815,-0.045811051825563914,0.14586053147970324,0.6705532419986995,-0.6712265972773741,-0.5041628226915748,-0.3340127490051974,0.14608313686569457,-0.6432483142747258,0.36491003663474436
-1.1642700358578746,-0.6327666259419948,0.7227746604951377,-0.383767612226515,-0.41550388636782837,0.3906521896452399,0.34078996584085,1.1528877954460277,0.0953821926922717,-0.5889104846199387,-0.4469628727958634,-0.12082610544507316,0.8068215620154419,-0.4137855317822786,0.30759766920687204,-0.0641620587625431,-0.9866223840363885,-0.3647149466400516
-0.9684014650263468,-1.1826141006825825,-0.9490629387727132,0.42621351314377914,-0.19563105308504364,0.5370516264066142,-0.13308036570093787,-1.049937848861972,-0.20939791908097466,0.6817752757004837,0.2816955002795749,0.29349093635685986,-0.29147420213151204,0.23031837488542073,0.2526955940933875,-0.12898656116666213,0.06450660683706588,-0.002745497371278327
-1.112660122529133,-0.8714273325759014,-1.1467753980959037,-0.2556929757633717,0.1575715961155914,2.2424251195002354e-05,-0.04630829910872522,-0.033066444755942476,-1.3358248648970208,-0.2904555546594102,0.12374858545068235,-0.796615580678413,-0.4097812776803599,-0.11790631002317314,0.1256013825329947,0.09412527241085256,0.28623657249963164,-0.35409010019145765
-0.9059606447326207,-0.8477517801927357,-0.7556327807538568,0.03877560536314702,0.11258859955848764,0.5084056086839059,-0.08322820236257668,-0.6171596845214202,0.3260326489723023,0.8956377020557552,-0.7564842527285335,0.6205438665588132,0.08814630938846468,-0.025188049765595688,0.27600645585130956,-0.6277438590170732,-0.036285075153554724,-0.42693086716369816
-0.8463444210342321,-0.5244821323758211,-0.5914391319371761,-0.6808949859223131,0.43591667893343294,0.21156105060985725,0.14867230916675062,0.8691180552953732,0.1867387671810235,-0.28126780602095514,-0.0009117575078007589,0.2080381610661978,0.5504606518244747,0.20523565041537783,-0.28638574082230117,-0.5453689568657657,-0.2956018371377771,-0.4626851435451011
-0.6881714052443865,-1.0106481540872896,-0.6732368535493671,-1.083883747859692,0.017078161200709527,0.0829048328729896,0.40111147742978737,0.7004942082314107,0.0769020773560312,0.23948683818950028,-0.1483645104606,-0.22943805865687833,0.1527714962302429,0.25566679707718687,-0.1281279180359573,0.13936648682984104,0.22586836826601442,0.16996781325824256
1.7432349774936695,-0.8094447510986196,-0.28510971316138306,-0.11320826648466227,-1.1909192438394933,1.7967461078805793,-2.5038927591032287,0.7925975097989324,0.7277758383714786,0.43184419447177746,-0.6897347447371014,-0.1242191059882835,0.053619928243738624,-0.533217351488728,0.17086898850183552,-0.5284267897068305,0.3995113119806293,-0.35153228500149436
-1.9744879614871031,-0.579534096390943,-0.6649599138304325,0.23903724065792054,-0.2409946629463131,0.6645549528626957,-0.8037351284079658,-0.4413653317594299,-0.6195342898333738,0.5099781913963739,0.2942555807438556,-0.06536176044788883,0.2587465423478883,1.2640881667994432,-0.14340942194660417,0.6495286320371803,-0.43584285828538083,-0.7043072039557292
-0.5800177237108801,-0.5163415001151259,-0.6950458832201565,2.1607744622331646,1.935942633203024,-1.6268488761331081,0.22838532228042235,1.4980403977696588,0.39681771836580265,0.2641559409302008,-0.15056475995212676,-0.355674853448292,0.13442189658541298,0.2807900016001099,-0.03072789624098804,0.10931098116408716,0.12417014084750966,0.20141112133821631
1.048542625598741,-0.15404270014619637,2.3480633849390946,-0.15316615195547328,0.4968052136740864,0.7333626508169581,0.3487193904063828,0.274754943551134,-0.5357108017082827,-0.5003364607352542,0.1424750209189658,0.39387579103612685,-0.011064500854049475,-0.08976472711593358,0.22340335787799437,0.12395970276451967,0.5206618518037441,0.25334386111353596
-0.43216831799678174,-0.33288304861255313,0.5163536984863613,-1.3580754527988232,1.0869093279540478,-0.592593941558265,-0.28608346198445667,0.12303652323708039,-0.07029815705677345,-0.023339578497621777,0.5537839558749436,0.1591914051521959,0.21910399780427092,0.15167164358374996,-0.25422137522314026,-0.10246364322750429,-0.015861768516124253,0.10691031770844478
-0.8936201597506453,-0.768989652748705,-0.7757448257560773,-0.09291511669969711,-0.10583272381845064,-0.15450302543877553,0.15747053068868241,0.4905654033845321,-0.2261152047025895,-0.9440367782827084,1.0131988288656542,0.3410849881611864,0.30891460273326565,-0.003322773806177959,0.4399015772144763,0.5242144994153797,-0.25156083122968304,0.2545152148569337
-0.25329952744945095,0.3242123913399978,0.7429661807777819,-0.0881719266786009,0.02291328339832903,-1.6162677203498026,-0.4602162548655827,-0.5055231534183025,1.0788036721674823,0.11738448051927633,0.34046492461549627,0.01329641162781231,-0.006685921472658118,-0.47252545331414897,-0.7619430964914224,0.21905612156591642,0.0632197626148977,0.06882377966257774
-0.43216831799678174,-0.33288304861255313,0.5163536984863613,-1.3580754527988232,1.0869093279540478,-0.592593941558265,-0.28608346198445667,0.12303652323708039,-0.07029815705677345,-0.023339578497621777,0.5537839558749436,0.1591914051521959,0.21910399780427092,0.15167164358374996,-0.25422137522314026,-0.10246364322750429,-0.015861768516124253,0.10691031770844478
-1.4474182989534303,-0.17284047051952278,0.1151179921890868,0.6547220589032771,-0.556121589876491,-0.79694653678094,-0.48092576482260674,1.469574093977775,0.40003990469254097,0.7031355069136647,-0.061414123363446704,0.2962811300000575,-0.6947199804507669,-0.207119821292455,-0.33328017644855956,0.30730912294549345,0.23758014517105186,0.05289119812024373
0.7481334154290902,0.4227408528495925,2.4625869568084227,-0.06667351569579809,0.29504836356983594,1.1084986103067653,-0.0034969914721477563,-0.08460053756164229,-0.13589644614987986,-0.0677654021916809,0.1263105612742208,-0.31584819841433426,-0.2559528297675636,0.5989326613142644,-0.23334985940481234,-0.011786971692436254,-0.23515405986865806,0.01919282634468883
-0.5707666985740616,-0.03224367577607201,0.2336159812792098,-1.332080294920109,1.134340871779646,-0.8036002939404429,-0.4637141969492692,-0.414754851011863,-1.0406551671035136,-0.4239225937630895,-0.22278240516238312,-0.1834044686365704,-0.36619982731268425,-0.18139577454445416,-0.13553908730880787,-0.2116716752883284,0.017401054264765237,-0.24586185283994755
-0.48046748903756326,4.331200023818486,-0.3276499682104425,-0.3820629465158508,0.4336776184718079,0.5555912707670952,-0.07712660768724149,-0.23132005638319278,-0.05005630887069282,-0.007541709745301189,0.19320352825517406,0.0977113474810744,0.14829287460163088,-0.09956633003224086,0.22917989795241844,0.17317395870658253,-0.0077365506406635864,0.12606664313247762
-1.6392456226956689,-0.2768201888003672,1.0617632380752617,-1.2687748000218972,0.9691399579887806,-0.44329741087071595,-0.9219611294223885,0.3023903914742447,-0.05451172483641464,-0.04472793706142461,0.5677546906607756,0.19830312486109283,0.17975467773583476,0.24189338247448566,-0.23633590298750845,-0.03932788731738557,-0.05468396377160584,0.023555258580905958
4.4164013133947755,-0.004686487090794111,0.8662634288893618,-1.041359620388337,-0.478087874388657,0.8697780651738468,0.4200311305643337,-0.4380031100100819,-0.10221278676843179,-0.41558154023306904,0.028671066288506852,0.2084600411734046,-0.08328240586907643,0.2870091396290886,0.1833951140335699,0.3289318526668444,0.24786248867948768,-0.14428948263697744
-0.9156530942640204,-0.8344770948499953,-0.7356058792626561,-0.3645631100312502,0.3048052421507303,0.34932714381974966,-0.07246736436398123,-0.12299435793574662,0.9455030208802853,0.1956631959152555,-0.3355991601411076,-0.4477755718351674,0.10290114840257425,0.2126127859102449,-0.027837943680902477,0.007619650538385148,0.2578778211003959,0.24482296941119724
-0.8097239708253735,-0.8769022128042334,-0.511606767528032,-0.5493036805779664,0.33014232711023733,0.2959397863684664,0.22055362050179367,0.8997227472827689,0.11381165149855992,0.5178056858539077,-0.04331524659189828,0.1857194407128567,-0.5073329659084078,0.2624686639280208,0.21172447645763404,-0.1345971764636434,0.2160099823892797,0.15910925539175186
-0.4163480843120964,-0.2061907203773481,0.4949663728790794,-1.3266597603011216,1.0719414093673578,-0.5740937536924035,-0.254015002370071,0.08209337011474285,-0.03402729096211238,-0.4500204397262896,0.5315388087812476,0.6106710801685827,0.3507559690999623,0.21483485335288988,0.132544648352098,0.2801002094527359,0.4332324870837033,0.08811957939748716
-0.43216831799678174,-0.33288304861255313,0.5163536984863613,-1.3580754527988232,1.0869093279540478,-0.592593941558265,-0.28608346198445667,0.12303652323708039,-0.07029815705677345,-0.023339578497621777,0.5537839558749436,0.1591914051521959,0.21910399780427092,0.15167164358374996,-0.25422137522314026,-0.10246364322750429,-0.015861768516124253,0.10691031770844478
-0.966420761029398,-0.007426423316254871,-0.827279256709484,0.17798122557247814,-0.4230944028329634,-1.4901138538308811,-0.01706719236776695,0.6068050239114118,-0.6463768054186311,-0.0077762911058767425,-1.009492921197747,-0.6355878551710179,-0.3984910234531956,-0.1032497914405196,0.0729480432073259,0.005395352381495522,0.22604939571025795,-0.06946090499380758
-0.8307298412255204,-0.31104880653319555,-0.5529759224763143,0.40223641697012436,-0.5795781605672237,-1.4276141691843711,-0.01082158070377516,0.42080665503983555,-0.4007587334120768,0.04886043552910552,-0.5954269268844361,0.6241646848562085,0.4657737045773911,0.36552494813048564,-0.5647448843968589,-0.15243021768323847,-0.33064863381341714,0.35891100960162986
-0.6317422951177878,-0.15171151489114432,0.11956755340541081,-1.3010470043577944,1.1301934110903282,-0.7427809738070851,-0.4375111068313763,-0.3521820955622306,-1.0689734777990254,0.22865056535255268,-0.36263406232738304,-0.5523720894790871,-0.3434643711150238,-0.2116846140467531,0.16155121030401587,0.1325005281329265,0.38234511149953276,-0.30732949249114344
-0.21896183868537716,-1.1873083518236662,0.624181917057862,0.483595518540207,-0.2284672908428676,0.8665113027858925,-0.08688359318099083,-0.6588596565735239,-0.11865566629956872,-0.4550029030598294,-1.225222840887451,-0.13018774016185902,0.5761483226283667,0.6807324588082929,-0.30129472202651375,-0.534126599213535,-0.3570783762042481,0.37751808668990944
-0.974770569667028,-1.183125195339578,-0.9141114352855635,0.015839640025934063,-0.0013066463285685143,0.40521689165564767,-0.08821080986754587,-0.45901660819233087,0.5111547731770343,0.04301778746372828,0.7217300772533173,-0.6739492144320713,0.10620655335899049,0.13455340621132272,0.07088434882394651,0.12832983796934577,0.2766156906975934,0.0018400496209124984
-0.3053943520782283,-0.3277180842291134,0.2919988311348789,1.54503147152359,-1.3657390894346895,-0.3434266104028922,0.23885126976523294,0.3493164246738491,-1.0119256702748674,0.1830446231982381,0.3530262732892926,0.6246068891732808,0.15491612245969588,-0.26767229876262194,-0.43105347392058835,-0.5669306951204413,-0.334569552022573,-0.3746301477518066
-0.5299147649375942,0.31581433274001924,2.8244250105229884,-0.109275670254581,0.2614150460194599,1.1110337435380335,-0.6765990717786666,0.03987264673745797,0.038191906445687804,-0.0273830565861157,0.17081985555761703,-0.09704556214250465,-0.40935008784597987,0.6887977688205921,-0.16166145476091176,0.45652677439423545,-0.5495573637471685,-0.5539074914877793
-0.48046748903756326,4.331200023818486,-0.3276499682104425,-0.3820629465158508,0.4336776184718079,0.5555912707670952,-0.07712660768724149,-0.23132005638319278,-0.05005630887069282,-0.007541709745301189,0.19320352825517406,0.0977113474810744,0.14829287460163088,-0.09956633003224086,0.22917989795241844,0.17317395870658253,-0.0077365506406635864,0.12606664313247762
-0.4836448124773339,0.4831091329939914,0.37460656664272207,-0.5180033435270748,0.2475629843517922,-2.2378468241866214,-0.4502165357118756,-0.1109056326010929,-0.785555355328375,-0.2938887386610831,-0.2986946744163874,-0.24855038572607918,-0.3516041681291036,-0.24479863566072285,-0.08947013412962762,-0.17969140788672494,-0.024048252927410918,-0.20421557743258217
-0.48046748903756326,4.331200023818486,-0.3276499682104425,-0.3820629465158508,0.4336776184718079,0.5555912707670952,-0.07712660768724149,-0.23132005638319278,-0.05005630887069282,-0.007541709745301189,0.19320352825517406,0.0977113474810744,0.14829287460163088,-0.09956633003224086,0.22917989795241844,0.17317395870658253,-0.0077365506406635864,0.12606664313247762
6.40906327233397,-0.22667633157177325,-0.06139515364099124,-1.9840544140523373,-1.649133764694932,1.117895972396824,-1.4833050508200403,-0.07622666698398736,-0.21394812042102113,0.09676988843974124,0.022363337775070935,-0.15432652605105784,-0.14927372329819455,0.07783542950725275,-0.14834340735850265,-0.10985806885313465,-0.154992239244917,-0.004524596588635743
0.3898953797919018,-0.0713506977678624,2.5489405427211755,-0.07544451261421752,-0.16555596975102665,1.301468218793533,-1.5650241464984884,-0.2631588690778835,0.2733815138307786,-0.07226155677874721,-0.01005151784187891,-0.22803550616070584,-0.21092390294505736,0.014934247310387283,-0.07409735289168823,-0.20980319170479303,-0.02175609240019588,0.1575590723518832
-0.14630811753378337,-0.9216159980963277,-0.7987630163152123,-1.161790187743299,-0.3410760091150864,0.14352482571069486,0.7728372602382096,-0.547955855028355,0.9671158351611426,-0.45450852642997386,-0.20448588571577664,-0.10524010309918214,0.0839722662392614,0.14611531862997496,-0.38817081145772364,-0.310287255901009,-0.0891804959127897,0.2854379882508545
1.2237480455546168,-0.13694349222143276,2.0729557626292543,-1.1587671268876154,-0.30409940107991523,0.580870923093978,1.3269031935582978,-0.12161645407949087,-0.4867425794924295,-0.39490413961153104,0.13901924596047288,0.4977345919647707,-0.03136051417664265,-0.2731312012275795,0.14296164411378126,0.28224423214062405,0.5939391594929678,0.08423714041758956
-0.045623080509150926,4.021099940998456,-0.4583964204739873,-0.48720734985415326,-0.0014455903502552242,-0.18915806631809234,1.1328889824294297,-0.9262696316593322,-0.48780456380043463,0.5227592113533108,-0.21612533714682358,-0.20833745591018443,-0.059589216005864365,-0.21794674093803884,-0.3534123442844793,-0.31352654404473385,-0.36056588657538763,-0.20108552285301884
0.5184758620444195,0.28071558869270863,2.320282921752284,0.3592767792943964,-0.39558674292473067,-0.8553842944162336,0.04118659444716534,0.7058464014331878,-0.19809318292431605,0.1424229754891991,0.07393551533095777,0.004158249768931144,0.5152586459559764,-0.21112497690661364,0.7310271837315689,-0.9962047049090568,-0.04550247871543417,-0.23705276504623007
-0.9130861454081272,-1.0525988662973103,-0.7499892530149532,-0.3127214242044005,0.11428751297931099,0.15020945650001524,0.1051193457381944,0.44215217404336854,-0.3371495441547688,-0.5424456985095847,1.0401666036530088,-0.08505208604712994,0.15278709123893497,0.24544994760732985,-0.29017120299416144,-0.1408388989495783,-0.11197030751602521,0.060149710008130575
-0.260696991171457,-1.1023365193632582,0.429892442215531,0.750003075329956,-0.5311688437633363,1.2393759584625879,0.11472071807759832,-0.3470690271909345,0.1658313881351811,-0.629571277486374,0.6418385268318643,-0.4016466452768978,-0.17941325928908572,0.22168154403068996,0.3894528160614317,-0.7228243352665484,0.06953775221835645,0.11196797903933492
-0.8984194907736445,-1.0549600970314656,-0.8133635485792774,0.1469276930585055,-0.0953187497747434,0.6185985406428551,-0.0024137039622290773,-0.402475537265028,0.536597844259681,0.340561359533454,0.8119159321036395,-0.26130067172801236,-0.5417850306994745,0.11139177251522048,0.3952824392517822,-0.1467723722277578,0.2845945848686753,0.006356835223897794
-0.35652606681857274,-0.21577644023163622,0.5670278307958361,-0.929459626098232,0.8814505258893109,-0.18502417754878275,-0.419819601802773,-0.7841639435209486,0.8317675420531883,0.20709432042977471,0.4653849414905742,0.3519104403138303,-0.4982035803317989,0.047902307993939575,0.1341419694099797,-0.4525693199269387,0.015759066633808883,0.11458508257540795
-0.9206272993671035,-0.8453905494585798,-0.6922584851895326,-0.42087351189975897,0.3221948623125421,0.04001652454106609,0.024304847337846755,0.22746802678697622,-0.5477147394421477,0.012630644012716602,-0.5282335811791643,0.7967924522396954,0.7827184313268744,0.10887012532651352,-0.40944718639463396,-0.6218103857388937,-0.43284996753825533,-0.3731379923794655
-0.8940649110856734,-0.8869847217908691,-0.7676580413163083,0.03779053439748724,-0.18902436936725314,0.10119775581592816,0.23740226709750642,0.6506223828838049,-0.2652613104101155,0.43276081413132717,0.9857781736446727,-0.06671376499365839,-0.44799349642323033,-0.11993645677371895,0.6746239416798971,0.21072063995929108,-0.3277321354236612,0.2163550991196807
-0.4836448124773339,0.4831091329939914,0.37460656664272207,-0.5180033435270748,0.2475629843517922,-2.2378468241866214,-0.4502165357118756,-0.1109056326010929,-0.785555355328375,-0.2938887386610831,-0.2986946744163874,-0.24855038572607918,-0.3516041681291036,-0.24479863566072285,-0.08947013412962762,-0.17969140788672494,-0.024048252927410918,-0.20421557743258217
-1.021736506038415,-0.5585695428896602,-0.9495343729721231,-0.16847818705680173,0.15498695755237663,-0.25747276978329636,-0.24212474075586635,-0.568994853115308,0.06939767175400612,-0.22234079316807084,-1.0933749594078972,-0.8147970841304637,-0.4894856608458637,-0.4399807535804371,0.4132806847828143,0.23878308085502292,-0.32374892733554683,0.018134521664113057
-0.9895927572777463,-0.8467757992521758,-0.9616103001453218,0.3283420466705806,-0.29513139830044105,0.11947546310909302,0.15315368995676917,0.09748148876494753,-0.929662940963688,0.8777025034755038,0.45119403674272895,0.5880401683947227,0.21680177295124703,-0.3269854685736274,0.6749406668682887,-0.20742257609180786,-0.603669133945347,-0.3728430026997472
5.54304973298512,-0.18709225879883795,0.33830021390185094,-1.3339060292562543,-0.8035131351228672,0.9418729729166764,-0.4729702068020145,-0.22014812964508526,-0.17241198885125203,0.04745352476972034,0.04114953272539695,-0.2090924898825393,-0.1803368746122629,0.1477850321910128,-0.17420621230805716,-0.09441678441348933,-0.17857947944954405,-0.05613311996241793
0.3784147126431223,0.13250862134153452,1.388891733059794,1.3358717846061274,-1.257745689141528,0.1343307135711297,0.4169500034552047,0.8641757477723508,0.5166511856895624,-0.762080733748592,-0.6214959073886233,0.2281501173413199,-0.3338983616936401,0.6433425457207923,-0.0074027695615155875,0.4683598919937029,-0.013533791920929406,-0.3695336866643145
-0.9788273238659744,-0.9458694544183313,-0.8080149357136256,-0.3808072438605953,0.30305226617131237,0.06745168119516536,0.0018838481767239623,0.1795301920786979,-0.6841768558827274,0.5713997395427414,-0.6593663147954318,0.3203429811032007,0.47391350159147105,0.39863896974445534,-0.31372353996321545,0.15976171833641312,0.07574473061352638,0.2557970945430686
6.671710382753245,-0.09658407239090461,-0.7694416998475597,0.14638929750850543,1.3979049396395655,0.4047454192627541,0.051424626148021915,-0.11548689867142051,0.053629306349913794,-0.3668472302122804,0.12017034459332177,0.4509105599294327,-0.02896928035601526,-0.02583232032488403,0.3006226741238409,0.4553429812881376,0.4045967158049396,-0.3768645445499675
-0.9524112719986628,-0.9758044294500625,-0.7524222915615961,-0.21271529851826232,0.11868980903504038,-0.3222014466596341,0.024372578193870537,0.28507574722202295,-0.5828637095672246,0.5865658114067558,-0.6684441609599437,0.30251990528559924,0.4154449869166592,0.09262096881167547,0.0880462975048032,0.4407803904792736,-0.6007416691268967,0.3586463803533512
-0.1654539160757188,-0.2274089674150508,2.6411542591959574,-0.06534323306558636,0.051771620853884745,1.0514008888931383,-1.0066644210899134,-0.4287706166750373,0.36489437455257057,-0.09175708651261391,0.02477241140500136,-0.06445314330294327,-0.1795841799508902,-0.32041901529638817,0.012942120696090464,-0.24878611604882828,0.14784412428616267,0.15620765122826913
-1.727851535465374,-0.9914659240992949,-0.00416328804091437,-0.14897797749933994,-0.06988667694935609,0.4836371577493066,-0.5209974037459127,0.42886397727036935,-0.7158086892521973,0.8095988502483753,-0.6187827530375231,0.6668255150551617,-0.23579681603677452,0.5677375831290509,0.05791640486906646,-0.26565061219839425,0.07669004748958075,0.09497017680856029
-0.405483338132205,0.7383779481068872,0.5391769385071432,-0.5128685540836426,0.21494775691546147,-1.813877815996271,-0.2086039709985845,0.5520993021410643,0.18975934407284234,0.23193162197994666,0.49474566070649306,0.09299408445246166,0.728237987347837,-0.13738326663187644,-0.11039869525279933,-0.6138883348112554,-0.03139918614008658,-0.053832211437580935
-1.0095782610597652,-0.9715719987579117,0.7704078828742089,0.39211969876130925,-0.22307031875352074,1.0731620626234446,0.05275357237315442,0.6339621478698314,-0.8560555839435016,0.6705567882946849,-1.1088337378993756,0.4582082189081623,0.5581416885530448,0.033674184199649404,0.5664433476957875,-0.49326675818223364,0.05049210901240431,-0.6588842301710247
2.1942023584124755,0.5045176363174302,1.9186762652758513,-0.07413082072513248,-0.9487554564445342,-0.7867534154774593,1.8453050556445645,-0.4685719121520821,0.22103786293429906,0.15385018060268474,0.01513867421372217,-0.21228519014773967,-0.19168475227967302,0.11286128765079662,-0.13319390867288416,0.059599408119951014,-0.19576362954426513,-0.22550450904851504
8.538307665331608,-0.16400845992063418,-1.4467562738086421,-0.14529954132011424,0.8592171782638903,0.7259889806670689,-1.2523819711767394,0.27314208548222346,-0.020407352709809812,0.1498468796768078,0.09257625750415865,0.02559822524263361,0.3513070317546614,-0.40853332629102873,0.13493590751613266,-0.5825111981674977,-0.0970634203355275,-0.6372127506990968
-1.6526102854627154,-0.07934244951883795,0.12920622443042196,0.559836405901332,-0.8772426243722323,-0.8435822842310509,-0.5703973361140422,0.2874315847379611,1.3200558570843628,-0.5117681778060453,-0.17057006308325834,0.7583877144248262,-0.48478254181204794,0.28375667004104177,0.426696834106014,-0.08544682980181822,0.25090943796339393,0.1790513966653568
-0.54462040902106,0.36364129387891897,0.2605581387689231,-0.48697005296476037,0.2434155236624746,-2.1770275040532634,-0.4240134455939827,-0.04833287715146048,-0.8138736660238868,0.35868442045455906,-0.43854633158138734,-0.6175180065685959,-0.3288687119314432,-0.2750874751630218,0.20762016348319612,0.16448079553453004,0.34089580430735655,-0.26568321708377807
-1.4272157065549906,-0.7322379147954796,-0.0972348199231805,-0.634948554095264,-0.1938481111155494,0.46305169511337074,0.31810780334008926,-0.28086225126603354,1.0205425358469506,-0.1956685692663985,-0.09074788820476587,0.3353071069583672,-0.611919440096065,0.23419042348293384,-0.04387032771519084,-0.5225866974940787,-0.1296186283787512,0.1945555119674222
-0.5714755262892361,-0.04330216570326795,0.18354222688239852,-1.034552521252089,1.0228941731610839,-0.6094121789181681,-0.6832474426729022,-1.3784963886971948,-0.16403253907619864,-0.4910322669054187,-0.4013672743970747,-0.40333397617899497,-0.43551582139028916,-0.26200347643816235,-0.07157383310352367,-0.28667514179065934,0.04104299524361654,-0.24270387357596962
-0.923642955630937,-0.7163945055285186,-0.8909092663446463,0.35361915797677473,-0.30837355777293524,0.367966762254419,0.03017838813704833,-0.3155536514074077,0.5918731300542566,0.4081618962624006,0.7836801149457855,-0.28756023483762355,-0.4857509661707132,-0.19295396848759722,0.7594596119691963,0.0778352567642161,-0.2778854025414632,0.3065855987421114
-0.9816028959108297,-0.9648583885736526,-0.8063069130633316,-0.38984022133744445,0.3180474016232245,0.10083584467442379,0.05050793745573959,0.2900407822366086,-0.5760330501376595,0.6652038031283588,-0.6680852383441642,0.42782483139717875,0.8054538875245348,0.07858128582421453,-0.11235688878181022,-0.2776381823176388,-0.06790591030348792,-0.4346056320306614
-0.3130983670425468,-0.6922461917901908,0.36926049929016713,0.1647203712517628,-0.020414230592786256,0.9949622225108757,0.06344322602291773,-0.0314832080664533,0.8719973718600068,-0.22727758247405835,-0.388651850901742,0.21221061555233847,-0.5815812165113368,-0.10176716227021154,-0.5560240972785426,-0.49920019237449864,-0.006237357657159159,0.39004473464188666
-0.4738892762095039,0.30877501969842214,3.2322466246312436,0.661539897935279,-0.6442997929183126,-0.49883531091716227,-0.5949991815123606,0.8629599560434005,-0.30139652285970403,0.03597191121736468,0.10494301124974914,-0.06584249971444317,-0.17787136722074837,-0.10453990220577797,-0.093512157779297,-0.14631214498129208,-0.020916195038403307,0.21214545954598313
-0.8250994531750308,-0.885599471997274,-0.4983062263605191,-0.7114250241728524,0.42830189124572987,0.02173881724790129,0.10855342447858403,0.7806089209058336,0.11668689111142487,-0.43231104533146014,0.006350555722779483,0.1420385188513145,0.11792316195239677,0.31591913712642195,-0.4097639115830254,-0.20366716968779489,-0.15691296901656954,0.2160601094399625
0.026319830741477424,-0.249938985186676,1.0519439717618948,1.26093221253453,-1.109230001291087,-0.10347671202535234,0.160203653649409,0.4336587985004195,0.9550062739791907,-0.5205891458974692,-0.7820684746765185,-0.43258854045496037,0.7787253787020535,-0.6037844781677337,-0.3991993116104757,-0.4734361855890002,-0.03721430496495082,-0.3551774495369982
-0.5348648727532301,0.18930718058334994,3.1181981967574446,0.6925731884975935,-0.6484472536076303,-0.4380159907838046,-0.5687960913944677,0.925532711493033,-0.32971483355521586,0.6885450703330068,-0.034908645915250835,-0.43481012055695983,-0.15513591102308794,-0.1348287417080769,0.2035781398335268,0.19786005843996285,0.3440278621963643,0.15067781989478718
-0.2596451164623178,-0.7661680653235161,0.4043136372239813,0.47977189019998,-0.378889460680244,1.1074568318359204,0.3797217577964137,0.5534052106808969,-0.5838536512848878,-0.8561254438461481,1.0073085970458595,0.5774858260477026,-0.2084287577419102,-0.31126109179653694,0.1919825290329643,0.42644592553526633,0.47950458404596086,-0.09624606300999691
-0.22557136129904215,-0.8524470700086508,0.5533475293970251,0.7569595265575535,-0.32958640019257107,1.3998028980950865,0.1146780588882412,-0.4167151629647499,0.04424319291061876,0.6766724565873475,-1.2313675927475587,0.3436697773187872,0.3371373227035581,-0.5902306816523876,0.06181176653131404,-0.21508583033618706,0.0460896246678576,-0.4762657218610072
-0.19226789088615337,0.6064983283665678,0.6126118920793362,-0.35728287350353105,0.0993533790223775,-1.7990943965520503,-0.2889589024435095,-0.10930696144672206,0.7340952849509539,-0.33658797369354054,0.39381487592011033,0.37049899591230484,0.1824626152984018,0.7813998684603792,0.14788016887620037,0.649197605328077,0.01551290255532467,-0.4826025267874757
-0.41755583449588823,4.495442266886815,-0.2093988323773634,0.039688450802332784,-0.02932069023313623,-0.23342409523147245,-0.08606021244723917,-0.0858295878238032,0.07988476427423295,0.05627108458624744,0.1425910334425431,0.08499225601496335,0.11653132591315574,0.08617838888333207,-0.0026609301246066086,-0.01979365929775001,0.42559770030507116,-0.05123229593983247
-1.0254458474118364,-0.1408245555113743,0.6402311899654793,1.1084737490797112,-1.552863956442046,-0.1846318666119781,-0.28728242251871017,1.1350463316641264,-0.3295179777016755,-0.489052477970661,0.7323329455972953,-0.2597348267233473,0.8078112728475905,-0.6027045241766736,-0.4980653714152919,-0.1858077867186569,0.13866028583259427,-0.6868633770570833
9.364695411856355,-0.3031600926128999,-1.6979956169162809,-1.1284866343916637,-0.6103466714624882,1.1455710670073533,-2.56061764359344,0.4140299004353088,-0.2539686813586219,0.7594628879261579,-0.10414764273385335,-0.5456050589573045,-0.05615202794363777,0.19117968851506062,0.21343150136885947,0.2747076069391446,0.1786821365354886,-0.12700638649918963
-0.5707666985740616,-0.03224367577607201,0.2336159812792098,-1.332080294920109,1.134340871779646,-0.8036002939404429,-0.4637141969492692,-0.414754851011863,-1.0406551671035136,-0.4239225937630895,-0.22278240516238312,-0.1834044686365704,-0.36619982731268425,-0.18139577454445416,-0.13553908730880787,-0.2116716752883284,0.017401054264765237,-0.24586185283994755
-0.8250994531750308,-0.885599471997274,-0.4983062263605191,-0.7114250241728524,0.42830189124572987,0.02173881724790129,0.10855342447858403,0.7806089209058336,0.11668689111142487,-0.43231104533146014,0.006350555722779483,0.1420385188513145,0.11792316195239677,0.31591913712642195,-0.4097639115830254,-0.20366716968779489,-0.15691296901656954,0.2160601094399625
0.7988446834065561,0.16138791932523167,2.5011141079082932,-0.055122078332423094,0.25946940297099114,1.0138607638938597,0.011007722991730876,-0.15643583369910694,-0.022989136622612677,-0.5159558356187639,0.08282773501709206,0.23664520551578688,-0.20435474802534254,0.561772306012653,0.19856600772605126,0.4782528128609638,0.1321792856728795,-0.37730487663712947
-0.4068865729758233,-0.9833474737320913,0.33665376262747926,-0.0329645223034762,-0.09899671642869402,0.3257469807801462,0.3137084529252816,1.1253593716724415,-0.05840172991052131,0.0006518207510193275,-0.621985755353647,-0.5386195210105105,0.5353695371255476,-0.21163794410509007,0.607005571704706,0.654125141752268,-0.35977448772352016,0.16829405231843103
-0.9092839896233392,-0.8339660001929994,-0.7705573827498058,0.04581076308659489,0.11048083539425506,0.48116187857071624,-0.11733692019737316,-0.7139155986053878,0.22495032862227632,0.8344206841520108,-0.7756337371148501,0.5196645789537637,-0.2947796070879284,0.3083777545843429,0.15397330158853856,-0.2496967485976226,0.04576873723986841,0.2402374224190063
-0.48046748903756326,4.331200023818486,-0.3276499682104425,-0.3820629465158508,0.4336776184718079,0.5555912707670952,-0.07712660768724149,-0.23132005638319278,-0.05005630887069282,-0.007541709745301189,0.19320352825517406,0.0977113474810744,0.14829287460163088,-0.09956633003224086,0.22917989795241844,0.17317395870658253,-0.0077365506406635864,0.12606664313247762
-0.8348250914297158,-0.5910442175722579,-0.5779464206033786,-0.668743639487331,0.40753924703615213,0.14006362664316846,0.18703996869094117,0.8339871852615828,0.23455188999316923,-0.7552641333829808,-0.020258296448795565,0.6934805191712103,0.6640595740546033,0.053106732725453076,0.11990568233899884,-0.2570323441197493,0.2363322660931816,-0.38282639809524693
-1.4292648987197694,-1.1610330798516009,-0.7055173657452173,-0.11018746897078337,-0.321083853331599,0.2760053609499984,-1.2290974229165061,0.0916656366152819,-1.0875573251736934,-0.20229175058600166,0.5178616912409023,0.5319819662623927,0.38539365397791026,0.40921400781096495,-0.39438440505804667,-0.08134260756977335,-0.35515850293591855,0.005399074337516574
-0.5186897864798783,-0.2844879615378144,0.3440524019769846,-1.3157764700486891,1.0769671416418427,-0.43194999989550154,-0.21346228726859237,0.27993069616479954,-0.017022334965202,0.7329613537951675,0.40956859363206477,-0.10981389038681194,0.6563238948084466,-0.20459281008865782,0.18577249273646945,-0.19422046691844386,0.2932332682285669,-0.534653091167003
6.820268281142162,-0.12083794954747584,-0.5673815689437116,0.2332455236773711,1.3218685661637912,0.5178925823248673,0.027347525589197633,-0.1334495536967281,-0.026826525478059554,-0.4149324152847159,0.0872343853477282,0.3218878900199243,0.022968720237178997,0.06839542960855916,0.32795922198565464,0.2668568451528755,0.3694573726098943,-0.1354728065490461
-0.9636978337523106,-0.5849600991607928,-0.7810439435676705,-0.685429866294138,0.47573343507132787,-0.1892675351342767,-0.06907731048622844,0.24281754665689018,-0.8536701189353153,-0.8328940605969279,-0.7702158053145471,-0.2005573549374518,-0.4673806631645585,-0.017148281001782062,-0.291081623668693,-0.31287520174861894,-0.1236501462356801,-0.1367120611084298
-0.6941224263341197,0.23932554985105003,-0.396168839819452,0.29672003460294333,-0.594040604912676,-1.0143607965656551,0.2841287311526074,1.1781883019198318,0.4885450998929703,-0.3177629966197193,-0.0016294923816242979,1.033463619795291,0.11360770405316983,-0.03937569233678584,0.43190964511139573,-0.49868341337339206,0.2906634734990253,-0.2263563797354181
-0.5520095406317542,0.24030704784533818,0.15778665414127446,-0.8147462137473854,0.8027739363633221,-0.9141246608569588,-0.6308962577224142,-1.3300831593560312,-0.052998199624019304,-0.8926233466785427,-0.42833504918442933,0.02280309802932129,-0.27938830989595853,-0.5107761978516703,0.6584989471051141,0.37837825657429863,-0.09854752847004139,-0.04833836872716635
7.577282021033108,-0.2948078670897083,-0.7069574510637198,0.3381122476451623,1.3567702900338836,0.5903774166581638,-0.322035068755824,0.04806160572117815,-0.1305119027398224,-0.03615310591268714,0.08081669291641025,-0.2724506797971216,-0.15863846428020056,0.13612795947964473,-0.1253538366300631,-0.1621798018565091,-0.15886656702090596,-0.03848891559137385
-0.8506453251144012,-0.7177365458074629,-0.5565590949960968,-0.7001593319850327,0.42250716562284224,0.12156343877730703,0.1549715090765555,0.8749303383839204,0.19828102389850816,-0.32858327215431304,0.0019868506449005063,0.2420008441548234,0.5324076027589119,-0.01005647704368684,-0.2668603412362394,-0.6395961967999894,-0.21276198950664593,-0.3640356597842893
-1.0437979782177553,-0.36065919261733215,-0.9594215098611834,-0.44570729106015283,0.2456437950961387,-0.3852204267554239,-0.02479749971327737,0.37855751189019965,-0.8337746292312933,-0.1453074104342121,-0.9104348717023523,-0.6023871015785083,-0.3372256118948076,-0.36529098193659687,0.29085234974291096,0.3152574208992112,-0.2595892478874602,0.12528349974961323
1.4667863842875655,-0.6686750146935043,1.319628157422686,-1.5852942044882259,0.03490474387270957,0.011567974749145407,1.5161435067824232,-0.28143667368931696,-0.5311124277950932,0.36227824707641465,-0.065903889611021,-0.7634666120098978,0.7639146611594229,-0.09267162499450637,0.47425965808322423,0.15746257963997862,0.3668516347571916,0.34506703001880873
-1.065442336845985,-0.45467694896327315,-1.1773655208577245,0.06051804975130305,0.027401949812536894,0.2244722984221894,-0.2476668085726906,-1.1027583876191251,-0.4141012476424756,-1.3943084928726468,0.03925703682309911,-0.19701475466347457,-0.33862223232981187,-0.0974717724656124,0.3001127787847082,-0.00036846152523706266,0.4202335037468896,-0.22118269922878872
-1.6335549002245693,-0.8472193092047446,-0.5346919079045352,0.383859508088202,0.45540522817223644,0.5827084400078428,-0.3139420615463534,0.8999626707456492,-0.23695370426682333,0.47733910402951607,1.0097944597832313,0.07792364375406585,-0.08894678513143806,-0.058860108395892674,0.5009306321197355,-0.47736708776143616,0.1688192962089281,-0.634101189051612
-0.8977934381657926,-0.12308836470953977,1.8748019861770822,1.554049276231968,-1.4188007692015117,0.2733300644823439,-0.4399863432920219,0.5855913802817554,0.8947080931266089,-0.8329398900646892,-0.724751971759173,0.2245513983241319,-0.25801042352215875,0.019978088207977418,0.10724441239873456,0.11861761256073072,0.34910228135321,0.16429896383763404
-0.5610111623062315,-0.20657778907164026,3.091256039267731,-0.15253705345775526,0.2424780945095409,0.9354112193290158,-0.6084968427497545,0.5591107376326303,-0.5564963346348427,-0.0940619438846417,0.18085528050375332,-0.0006965826249341611,-0.19246702640432894,-0.04113704108950922,-0.13958111095847725,-0.1782924123828954,0.020533112153772737,0.1704991841386177
0.6923276213386058,0.35010627304479736,2.2881399351340423,0.001965638410476714,0.14565466587637482,0.5670271190791444,0.017928980519558116,-0.0852557090699961,0.144982070394993,-0.4549012439287943,0.13277995413713173,0.3239424754455403,-0.23192630534877573,0.13451118105728366,0.570051252798156,0.9642171769148509,-0.5674858445742134,-0.17753744375062547
1.046565422630385,-0.1137909422267025,0.19162359334976053,-2.067577144437814,-0.3988560286033445,-0.02877769065347828,0.6324809989039796,-1.252619943496442,0.798797002942655,0.3644665019265423,0.45313918977764955,0.4663281452548134,-0.6070940960190965,-0.5851464888699986,-0.538107416575934,-0.1382797111790632,0.18657578131041042,0.1429896319427355
-0.8733986242158123,3.7784836004337645,-1.342309893057323,0.26458748211012006,-0.22492981823650998,1.1699240295732616,0.3175102787757992,0.4262523412855604,0.1369287392975055,-0.41651317657913955,-0.35422987189699007,0.080558461180193,0.04711203874975661,0.06468116351043118,0.07363736159253326,0.07197043224629196,-0.14878775114110893,0.2352164348639954
-0.4584230176513267,-0.17607861234993805,0.4080270754539723,-1.0492819869429837,0.9696679037125983,-0.29858120500658447,-0.4591986231101183,-0.7463835969701647,0.8879186037576248,0.013278521537196025,0.37083538156237306,0.03922422291328026,0.5642724445331812,-0.2549116724800671,-0.04735255067106997,-0.6133961368420298,-0.04806884802734934,-0.4700274722518291
-0.8250994531750308,-0.885599471997274,-0.4983062263605191,-0.7114250241728524,0.42830189124572987,0.02173881724790129,0.10855342447858403,0.7806089209058336,0.11668689111142487,-0.43231104533146014,0.006350555722779483,0.1420385188513145,0.11792316195239677,0.31591913712642195,-0.4097639115830254,-0.20366716968779489,-0.15691296901656954,0.2160601094399625
7.865876961307729,0.4103700604085482,-0.654887176172759,-0.017139359040495725,-1.0599128409653664,-0.46607055762848837,-1.367192884443458,0.4015102664735897,0.06367669692521731,0.2082965524248277,-0.028880750107290687,-0.29396885168850223,-0.1056127434027152,0.23542851719764246,-0.08615063534063999,-0.013822155836468397,-0.26425754506362314,-0.07189611195856921
-0.8867838774339316,-1.0161258010395418,-0.6624284086311294,-0.38286395994251776,0.31270773193785034,0.27674625240353373,-0.08477673112715624,-0.12055986132986576,0.9649912084432279,0.15315244064185285,-0.3120859706769121,-0.4468586095336268,0.07134262407245229,0.20502259573041481,-0.04870835976491744,0.06550156723112915,0.23167302919704913,0.15775044905274443
3.6729385142999016,0.42165531394185896,1.4103125710288784,0.13180270676257638,-0.8394839211278465,-0.694892836879989,1.1784609998658448,-0.22372907209838103,0.1420617789008014,0.11511330760511154,-0.013587512835513682,-0.3483722848623941,-0.2235515653937203,0.20619065702058248,-0.18293564251414918,-0.01623803418378167,-0.26380944152957625,-0.10925291605850027
7.881842486230351,-0.8424325399108212,-2.827628457211957,0.5315860639611474,0.6409482901951075,0.997979865203719,-0.6911375736682502,0.8624966160129681,0.286095334138745,-0.30785917695615805,-0.47045610483939376,0.07861136020117121,-0.2640385493551177,-0.041316344950045825,-0.23511052024365803,0.010846348561734775,-0.26080097298012284,-0.10967632953504167
-0.6304104289430147,-0.10181170380951765,-0.2930810696763802,0.5898941944450716,-0.650662071896679,-0.9834347736777747,-0.033510908788156366,0.1111060911281132,1.3020595864303417,-0.7182678475432298,-0.22921362263036377,0.44762320034331776,0.023785213971159014,-0.2451147500023369,-0.5307196092760693,0.5004164477858659,0.37126281771427994,0.1591828330831378
-0.8506453251144012,-0.7177365458074629,-0.5565590949960968,-0.7001593319850327,0.42250716562284224,0.12156343877730703,0.1549715090765555,0.8749303383839204,0.19828102389850816,-0.32858327215431304,0.0019868506449005063,0.2420008441548234,0.5324076027589119,-0.01005647704368684,-0.2668603412362394,-0.6395961967999894,-0.21276198950664593,-0.3640356597842893
-1.0003164416063983,-1.0152622691497675,-0.9723643039211411,0.02710533221375376,-0.007101371951456145,0.5050415131850534,-0.04179272526957439,-0.3646951907142441,0.5927489059641176,0.14674556064087527,0.7173663721754384,-0.5739868891285624,0.5206909941655056,-0.19142220795878612,0.21378791917073248,-0.30759918914284884,0.22076667020751706,-0.5782557196033393
-0.4962877227222486,4.20450769558328,-0.30626264260316066,-0.41347863901355253,0.448645537058498,0.5370910829012338,-0.10919506730162712,-0.19037690326085524,-0.08632717496535389,0.41913915148336656,0.21544867534887002,-0.35376832753531245,0.016640903305939536,-0.16272953980138083,-0.15758612562281987,-0.2093898939736576,-0.45683080624049116,0.1448573814434353
0.7868903414941433,-1.2056296571380798,-0.16005046399552936,1.1717334411892086,0.6173329621381186,0.8883648580585632,-0.09894430770080766,-0.40723959935673576,-0.02800793409532873,0.5203714290150115,-1.206601204945167,0.0010259166518682972,-0.07829487916221067,0.466271659022395,0.3695646543625908,-0.3285540415719824,-0.08578352097177888,0.37111197308669713
0.5565473867972043,-0.5097956555037921,1.8045582503719924,-1.1565344206846742,-0.012253364718091145,0.15591342554253085,1.1869298874552416,-1.3280116239164927,0.35436861283151777,-0.30398627449200166,-0.07298672606647966,-0.6044131304354898,0.568707233740431,0.17279701313854856,0.08228375717498393,-0.5015774040583746,0.15100946488879663,0.47504913943310273
-0.8250994531750308,-0.885599471997274,-0.4983062263605191,-0.7114250241728524,0.42830189124572987,0.02173881724790129,0.10855342447858403,0.7806089209058336,0.11668689111142487,-0.43231104533146014,0.006350555722779483,0.1420385188513145,0.11792316195239677,0.31591913712642195,-0.4097639115830254,-0.20366716968779489,-0.15691296901656954,0.2160601094399625
-1.237328458560091,0.06413330622246005,0.12687027116201377,1.0756919401732847,-0.02043992715699998,-0.9357102733272322,-0.21861259435555283,1.376909419341418,0.4761369229763099,-0.3930669253255169,0.06636988055114751,1.0915597704764042,-0.5863997336742239,-0.11102077813727129,-0.24411319332500112,0.3246269678468852,0.3178636930970252,0.10587766425202932
-0.9801311954032076,-1.0343944745622224,-0.9401306447390425,0.4524827845558951,-0.30262380716062276,-0.060362012518603056,-0.22479783638804504,-1.0796952927754062,-0.1317592061105914,-0.2432516740293402,0.32663867490059406,0.22446741368724696,0.35825746592793206,-0.028167083098825818,-0.02548603731387239,0.08443299129390425,-0.8971011238822686,0.267361599836693
-0.8104869696741372,3.9427258435020933,-1.2240587572242436,0.6863388794283037,-0.6879281269414542,0.3809086635746938,0.3085766740158016,0.57174280984495,0.2668698124424313,-0.3527003822475909,-0.40484236670962104,0.06783936971408194,0.015350490061281474,0.25042588242600405,-0.15820346648449174,-0.12099718575804058,0.2845464998046259,0.0579174957916852
-0.8352698427647439,-0.7090392866144228,-0.5698596361636097,-0.5380379883901467,0.3243476014873497,0.39576440789787215,0.2669717050997652,0.9940441647608556,0.1954057842856433,0.6215334590310548,-0.04767895166977715,0.28568176601636563,-0.0928485251018929,-0.06350695024208786,0.35462804680442006,-0.5705262035758379,0.16016096189920337,-0.4209865138324999
6.627948587044052,-0.24438545445922943,-0.22501752058694136,-0.11853933476738114,0.7638192106810034,0.6747618150055968,-0.13984854174837189,-0.0843342243091558,-0.12462080167378911,-0.03603091642884024,0.07212509342867363,-0.25675144077079565,-0.18096103955187848,0.1840231597312303,-0.14332240498453203,-0.10166825378255484,-0.16768714228522236,-0.10263246712805671
-1.4823760447525625,-0.6478875931426011,1.0047501870731637,-0.03856936627494102,-0.07174910011471992,1.0334478103087887,-0.29741808159466165,1.2494141286538873,0.04721347081331165,-0.3032080851373319,-0.2616205113581091,0.5311326439652404,-0.4028553614895407,-0.3999661513063695,-0.36247765364293183,0.21523342726378075,-0.17334249860544854,-0.15043169222758887
-0.9478776000676252,-0.4582677709255878,-0.8024312691749523,-0.6540141737964363,0.46076551648463776,-0.17076734726841525,-0.03700885087184279,0.20187439353455267,-0.8173992528406542,-1.2595749218255956,-0.7924609524082432,0.25092232007893506,-0.33572869186886717,0.0460149287673578,0.09568439990654526,0.06968865093162119,0.32544410936414747,-0.1555027994193874
1.1790242493698686,0.08824041048134679,1.6305575531967105,-1.3686584623706155,0.047930561133758195,0.31536147535595405,2.164298213275373,-0.36437234110157596,-0.35694854523962966,-0.2824267764865961,0.1358784894396028,0.5157179963895897,0.6454105518329273,-0.10681719822063512,0.9939117681769312,-0.40455322515619657,0.31576300411426794,-0.3136702027336123
-0.8316240907919475,-0.5521224013010224,-0.5742278832974519,-0.349647373383145,0.11919528327627808,0.07255173809321998,0.2872544304358675,1.0834005472243566,0.2701692576431615,0.6466232404865988,-0.05240157936343587,0.2603391652082951,-0.06837298490325361,-0.37544288142473564,0.6979348034378192,-0.2880366578911201,-0.428523817414282,-0.20783027067273904
0.878403891545287,0.11305134986618737,-0.2664459756062754,2.6084338231951256,4.660217149727012,-0.4141445204263263,0.1504981046743973,-0.4126197595995517,-0.22138812762816046,1.2456733930326636,0.03653972006545397,0.565373947902773,-0.5024975407841886,0.628386803090801,-0.39311235250776133,0.6505918541740778,-0.26743229600686574,-0.70803649977714
-1.8321560301046123,-0.5657036643469759,-0.11559417685653783,-0.14256919225015835,-0.07066822393486803,0.07382083201870245,-0.8284501975885841,0.07260992556545187,1.1158613233834267,-0.9184366166318318,-0.1865721361861183,0.3929894203777589,0.17022557929118487,0.06714229240587566,0.4072815025854031,0.445713414982619,-0.307794404533725,0.3372889671050852
-0.42852256602398525,-0.1759661632991525,0.511985451352519,-1.1696848377918216,0.8817570097429762,-0.9158066113629172,-0.26580073664835424,0.21239290570058153,0.004465316300744759,0.0017502029579223033,0.5490613281812851,0.13384880434412533,0.2435795380029102,-0.16026428759889783,0.08908538141025923,0.18002590245721356,-0.6045465478296095,0.3200665608682057
-0.4080638221004472,-0.21622636472015988,0.03691979118920985,1.363593827470425,-1.2446552395555202,-0.32828597407191434,0.14506163690000423,-0.04253900247692369,0.7399287423061318,-0.7418283756392777,0.7425636499556159,0.4500182478630206,-0.33965754862214254,-0.5896244434830331,0.15138180456138955,0.4795588148217052,0.3946986230866343,-0.2023630304836412
-0.9494512339191685,-0.12097284638275707,-0.9631974648626855,0.8562941512330696,-0.8514734478281966,-1.2823551232402046,-0.24647851409847196,-0.7964746726024741,-0.13951324830439427,-1.3067853930440432,-0.013142042966709733,-0.26124370945144276,-0.3555850974763532,-0.16846482376171118,0.3253113158798737,0.08949372256911026,0.35257940465136683,-0.26660894417987613
-0.8097239708253735,-0.8769022128042334,-0.511606767528032,-0.5493036805779664,0.33014232711023733,0.2959397863684664,0.22055362050179367,0.8997227472827689,0.11381165149855992,0.5178056858539077,-0.04331524659189828,0.1857194407128567,-0.5073329659084078,0.2624686639280208,0.21172447645763404,-0.1345971764636434,0.2160099823892797,0.15910925539175186
0.11037046889874302,-0.40673955230412795,0.22622304588419162,-0.2933276039946404,-0.34577345459462144,0.9973887369905777,1.424913508405731,-0.35527294995632225,0.8960344081769015,-0.6675691390039232,-0.559737793961684,0.4267531496173066,0.3027005385940761,0.1355996752568912,0.6511868728842116,-0.7707208046874074,0.2017720318242754,-0.2914104821207174
-1.1947239459769192,-0.8411021813335606,1.271008262425185,0.21281030679401647,-0.32237629388736416,1.3397218260874522,-0.12090947388281734,1.2842495356589583,-0.17092277507908718,0.29826049804740545,-0.5302628690111039,-0.03826270177131813,-0.2900767438211495,-0.20987958794391492,-0.04358768421987763,0.3158143793147254,0.41244878343803837,-0.18439370795443646
6.269412481164337,-0.012147509617725927,0.08576012287828272,0.5858097081039221,0.024908609523238687,-0.985930468031512,0.13657803894775067,0.6676006483032677,-0.38099867278722904,0.11312684093453887,0.0592349296311791,-0.15774036700591926,0.011615681104201636,-0.5055557655082781,-0.07778479080235912,-0.4140240334083375,0.15899239157868628,0.5596312716328546
7.745612617801619,-0.467315398750598,-3.2418586550788575,-1.2362583712807331,1.44867802599562,-0.6259121168224617,-1.5805820635813663,0.5056357222638928,-0.10903350388121641,-0.07501650114801092,0.5839351065693765,1.0223854993260608,-0.08828136898015576,-0.22541388217454528,0.5622071125606556,-0.2504089818333546,0.632595126868254,0.4301651340422306
1.3220412030851536,0.34241344072588387,0.25907518443211974,0.36353411543424125,-1.3765210777096677,-0.37013216397267945,2.3687748886084097,0.18172342476032446,0.7075374296719581,-0.521349810675022,-0.5497612717807624,0.4997640074742019,-0.2938179617286819,0.33474059687728785,-0.02044364686695843,0.8905572586050021,-0.012158922132621597,-0.6386304385680137
-0.41755583449588823,4.495442266886815,-0.2093988323773634,0.039688450802332784,-0.02932069023313623,-0.23342409523147245,-0.08606021244723917,-0.0858295878238032,0.07988476427423295,0.05627108458624744,0.1425910334425431,0.08499225601496335,0.11653132591315574,0.08617838888333207,-0.0026609301246066086,-0.01979365929775001,0.42559770030507116,-0.05123229593983247
1.641552976502987,0.3403931938678234,2.2959802296525735,0.6174000608458686,-0.1310783686729048,-0.9441135125955142,1.9035793610115939,0.1725165084837401,-0.2820737947851296,-0.3568295569172224,0.05209156517190172,0.2517253773427775,0.028800901316361482,-0.22149289333072797,0.21519184121388513,0.09737550041249998,0.5091356660738994,0.36682834027056016
-0.4292313937391598,-0.18702465322634843,0.4619116969557078,-0.8721570641238016,0.7703103111244142,-0.7216184963406423,-0.48533398237198744,-0.7513486319847502,0.8810879443280597,-0.06535947018440688,0.3704764589465934,-0.08608070319829925,0.1742635439253054,-0.24087198949260602,0.15305063561554344,0.10502243595488259,-0.5809046068507583,0.32322454013218355
0.34010400536072094,-0.7221531335918894,0.16966716066377652,0.8671147066301338,0.9715143577006186,1.021266502342611,0.5017864118352219,1.3763327689602296,0.007277953403714871,0.4091060888978562,-0.4538137232397933,0.07804550139661165,0.13131954706643573,-0.736905098008223,0.047616591919518836,-0.18863613312635155,0.28154832013624287,-0.6674922502110103
5.092351997610892,-0.3368136355346689,0.2559636314842828,-0.7742569473055131,0.31053742659945155,0.47572119480295105,0.31841608990318815,0.14216659120083333,-0.5581768382317063,-0.3523991841735955,0.12931117034220474,0.5164777650822596,0.18493632741837218,-0.5436227971064329,0.3159101418188539,-0.037064589236249224,0.7233232960090833,0.4700456899140966
-0.7989531636220293,-0.4897145023422831,-0.47136406887080595,0.1336852177824962,-0.46262345687144124,-1.351688392864919,0.14825417583387052,1.1470308947662362,0.3434683921910516,0.3502959688861884,-0.20941337069622462,-0.29207501908071104,0.15525427733363784,0.22222743650785415,-0.06660466079102134,0.17248530113506338,0.16658178102602184,0.196238745196132
-0.5795114433138406,0.7516865556384852,0.20064366206177042,-0.4671057978304336,0.2640265656746293,-2.0638894697744967,-0.4064497004434756,-0.01744073413633343,-0.8905101094564929,0.38019399265297416,-0.4173086524179547,-0.7185317354823302,-0.2488148223779728,-0.17476391009227055,0.16247031992757077,0.05700486366137014,0.4226567143656469,0.11202374758708261
-1.464492738259917,-0.5324115996759218,0.9319019384121259,0.2890601972826079,-0.19980421661167003,1.2465541201808836,-0.4874656197407068,0.24517605045466034,0.9598171004235656,-0.796574268757934,-0.46251312086999447,0.7627187865386684,-0.34031453773789594,-0.4180515329947868,0.08823223503106487,0.5221982422111235,0.29939363801921826,-0.16516121306772466
-0.18978765037827872,0.48807621904264487,0.3311340352440135,0.7562970034002464,-0.8230919744154684,-0.49652581286763386,0.27883278619782603,0.6765399467718276,0.7044555952263701,-0.5123019717972179,-0.40603180727200083,0.43208929334008367,-0.31628020953909414,1.1888320656443323,0.4370365039005173,0.02211469508953473,-0.020826940939410954,0.2524792029757213
0.14489323855028824,-1.067947771640972,-0.7511565388150513,-1.1572591292329781,-1.014047452251636,0.40857314678750223,1.4354719094695043,-1.2644939358988712,0.21537586404246573,0.8412538391450379,-1.0650444706227682,0.45711040963434907,-0.18924739728162382,0.12572228042302536,0.1456560922226247,-0.147497607173421,0.03603394544390082,0.23773043758594953
2.0173877831865337,0.6493449006904263,1.9354285635055077,-0.03275112163250858,-0.9182498151056202,-0.8014966921956207,2.020815905017715,-0.47257203674181886,0.28667747625153145,-0.2877236321548946,-0.0015456753020495761,0.2156179416551845,-0.1842319478613298,0.2608797717888406,0.14070173558712268,0.621019602544451,0.1962448648385201,-0.4574947492977414
-0.5146143056856238,-0.8516556703424036,-0.13525590210400962,0.563545372529616,-0.3525689038586716,1.0338529437531399,0.043079734506476175,-0.42029753298589806,0.3945833192971799,-0.2887369054045822,0.8675406852861907,0.05040337825290225,-0.6499929547717633,-0.10810233213942572,-0.49360253770331575,-0.3666821803197736,0.23130580075667662,0.006218837410059741
-1.8676842395166493,-0.4393523353489521,0.017763250566786182,0.1369241320598794,-0.6452280184401714,-1.218570142126889,-0.3552813120886137,1.2765511273744121,0.3555926099004643,0.33490888059711077,-0.19970762991740182,-0.25812653210338116,0.12185541056469784,0.29792349178199273,-0.05435493369149025,0.2288057093702089,0.13465705642350556,0.12452682636234197
1.2658165154596466,-0.8650116134147308,0.1786139072613797,1.9723198933518566,1.59156014341256,1.0758471928383337,-0.7672363435388889,0.5398173209166284,0.7113240845035824,-1.2532563312230356,-0.6529978977290056,-0.06750235523156606,0.3723760869759324,-0.1043959588072651,-0.18743894607415845,0.4208980076401057,0.29240866362103957,0.23885983921301507
-0.6317422951177878,-0.15171151489114432,0.11956755340541081,-1.3010470043577944,1.1301934110903282,-0.7427809738070851,-0.4375111068313763,-0.3521820955622306,-1.0689734777990254,0.22865056535255268,-0.36263406232738304,-0.5523720894790871,-0.3434643711150238,-0.2116846140467531,0.16155121030401587,0.1325005281329265,0.38234511149953276,-0.30732949249114344
-0.9442318480948287,-0.3013508856121867,-0.8067995163087945,-0.4656235587894345,0.2556131982735661,-0.49398001707306727,-0.01672612553574042,0.2912307759980538,-0.7426357794831359,-1.2344851403700516,-0.7971835801019018,0.22557971927086445,-0.3112531516702279,-0.26592100241529,0.4389911565399447,0.35217819661633903,-0.26324066994933804,0.057653443740373345
8.017929685739093,0.011448947699606249,-0.9231512058295605,-0.8319031682492047,-0.23196116196040245,0.9988672826375853,-1.503178901157712,0.09082028881142148,-0.1560046657246402,-0.35067329537249414,0.023960335758864748,0.23058022698007902,0.014839967675989496,0.3598348625228094,0.26281474874161537,0.34261984432018927,0.23224699784273628,-0.13924176832287266
-0.09226374103636914,-0.9447205499795619,-0.6669083165123617,0.009468281749614435,-0.9334728726613896,0.7034249912586559,0.4184836395308602,-1.4506914194735163,-0.4225570405695459,0.02465234739658917,0.41002641453150934,0.48356805836192795,-0.12568957426395558,0.31775060061810934,0.01953328641420793,-0.589276541950712,-0.1095081323652945,0.36974895740652197
-0.7397564253880738,-0.30902576293602935,-0.6478988459420145,0.9341547715085255,-0.5824100842292541,0.6839309487225171,-0.0029405600938075815,-0.9227015536446661,-0.08376766794742789,-0.18431536791493727,0.3532057485306961,1.214181554779387,0.16893833144096249,-0.6714122711312668,0.2035176460285507,-0.1408481645029186,-0.2618029544201349,-0.3094375841810317
-1.6032030688961827,-0.4447084898812046,-0.07987065393832027,0.08458516229674119,0.0389951571117869,0.20166894118897927,-0.28766858280863117,0.029224032352107077,1.144075922404385,-0.6220663242529586,-0.09738946728774628,0.7798914595875948,-0.4718426509022877,0.028142547299015108,0.717819354763275,0.15107002921316443,-0.2934316639556316,0.3617407892412679
0.34046893839150816,0.34218856397763153,1.8665353877446595,0.5457917820499004,-0.39979955465998646,-1.099512412981486,-0.13581572706078623,-0.07123545696065867,-0.8036097627621603,0.17582398838343594,-0.2987676540997337,1.2568899203119015,0.01853424520508673,-0.103045434915703,0.0021872673660769393,0.49014260578509755,0.2116671626893455,0.14625101350678937
-0.34504643190005396,0.18246976015751004,0.6573442838498733,-0.5439985014057892,0.2001314405261943,-2.0268404718044435,-0.27258580074706307,0.4268857416478507,0.18480165471836507,0.1066942766043846,0.4778716866209394,0.09404548806268703,0.23369965698785156,0.08826878246748115,-0.20815242204395995,-0.07048337582590097,-0.05731107570830024,0.1485565931158102
-1.29335808105437,0.5163144831410598,0.9564883839367293,-0.9689286039013842,0.762146596089375,0.150928943031456,-0.9884415129391945,-0.12053244174095232,0.4518600932410138,0.3252050503020759,0.5690489775742642,0.4065170557366331,-0.5988545223597634,1.069042547859277,0.06428520673622401,0.06204432242401586,-0.4755393691430987,-0.5990915673903087
0.6703529700617965,-0.8657610279809764,-1.6343311278775654,-0.8069537475337144,-0.2463017160165707,0.14876948078322433,1.3290558343039423,-1.1929900037406382,0.24850495145669532,0.6931102130572512,-0.9113970284316202,0.14297343291346792,0.8325982597971454,-0.14771235865859406,-0.08374579926144982,-0.487619498190494,0.05829797476573817,-0.22293517405466443
1.7749900481024061,0.8638457401078934,1.5093257503716344,-0.4400099568758713,-1.0495354757945334,-0.8638387636386703,1.870156223807588,-0.4338757325245121,0.5095136459222518,-0.07958425970862368,0.0718090429620532,0.5909509839157561,0.2480990408890481,-0.3547808521777958,0.3955147690561347,0.41222083947653504,0.12195987667851893,-1.09015261078929
0.6460661423926556,-0.262640648883826,2.545846499678831,-0.24183770623468126,0.360247464474808,0.7861146886414668,0.027380824688177388,0.3797568693954659,-0.5722827668552015,-0.07267358532083876,0.16688454571792133,-0.03980830233383098,-0.1531177063358926,-0.1313587799802451,-0.15746658319410906,-0.24142816829301417,0.05935530740925443,0.2538542432661565
1.0070013275795948,3.958326885899486,-1.055793861321245,0.5951285137196708,1.1603083999403676,-0.21278469532385597,-0.058823383794725084,-0.4177347997413549,-0.4845072272632888,0.4971654439296317,-0.1829276992623017,-0.19587891064317936,-0.04821796347656471,-0.23122744345504892,-0.28759934276608334,-0.37584494178322103,-0.3757891661287173,-0.15340542436339077
-1.4311970286652596,-0.8537011697388805,-0.19087802951832256,-1.03429096909659,0.01028149903653007,0.08370522848684593,0.20088632021800232,0.6968081572630078,0.11606395437711962,-0.42529585922018787,-0.0003765573665278077,0.15246194718844855,0.10604004978369125,0.3378098597440363,-0.4227261033434527,-0.1732668280733433,-0.16325750519302268,0.1882201484458566
-0.9644066614674851,-0.5960185890879888,-0.8311176979644818,-0.38790209262611797,0.36428673645276594,0.004920579887998086,-0.28861055620986154,-0.7209239910284415,0.022952509091999668,-0.900003733739257,-0.9488006745492388,-0.4204868624798764,-0.5366966572421634,-0.09775598289549026,-0.2271163694634088,-0.3878786682509499,-0.1000082052568288,-0.13355408184445186
-1.003639786497117,-1.0014764891500316,-0.9872889059170902,0.03414048993720163,-0.009209136115688563,0.4777977830718636,-0.07590144310437086,-0.46145110479821166,0.49166658561409166,0.08552854273713092,0.6982168877891217,-0.6748661767336119,0.13776507768911245,0.14214359639115282,0.09175476490796147,0.07044792127660171,0.3028204826009402,0.08891256997936531
-0.4194076622894093,-0.6870427616335577,-0.24823976996909058,-0.5818420926640817,-1.1767356054013598,0.8116390681044412,1.9413594099603138,-1.137961082948094,0.3940202924593668,-0.7561175377088625,0.7351481824502473,0.31168391813986995,-0.2251526912162664,0.3254612367784252,0.5405974259048312,0.035266223249633966,0.45068311922838,-0.07242668038062433
4.228049388438778,-0.12018573721830994,0.7125070570569847,0.04435669231126342,1.1415940382066632,0.47593830716290897,1.3507860076634846,-0.47499621923199914,-0.031069442662627067,-0.003976110099089797,0.11053997319890385,-0.16716332242186144,-0.1673560060531738,0.1126759091894507,-0.12815977954091384,-0.05019010254432982,-0.12659864597698567,-0.20106265280272306
0.06393037567049947,-0.04351637839213973,1.5154679137005054,-0.1422443681731152,-0.04589650581332273,-1.4760714713860406,-0.11195349957271686,0.6278479852838301,-0.06810141061020947,0.5003148202745055,0.005966140635717876,-0.5512695349756627,0.636078909976163,-0.22315637082137407,0.5076657609680569,0.4822948019337577,0.18793872995460748,0.022762825021666933
-0.9645626398886793,-0.23660668469076618,-0.8917363848585924,0.527350685067348,-0.7250588306229446,-1.495043426128341,-0.05901372798922447,0.20821001820519522,-1.0524067424263701,-0.812994858673046,0.18768797336167786,-0.49279387692540505,-0.4179210746944397,-0.15102033163714296,-0.1254199619006488,-0.21806666360879895,-0.12015679192731188,-0.25097618513289643
-0.8892188579004976,3.651791272198559,-1.320922567450041,0.2331717896124184,-0.20996189964981993,1.1514238417074,0.28544181916141353,0.4671954944078979,0.1006578732028444,0.010167684649528247,-0.33198472480329405,-0.37092121383619386,-0.08453993254593473,0.001517953741291267,-0.31312866198270506,-0.3105934204339482,-0.5978820067409365,0.2540071731749531
-1.1066366141018698,-1.2184881762375441,0.4678885117895897,-0.1737769740717876,-0.30913172150602863,0.6269886362546365,-0.3139539276834291,0.3853319658164294,-0.9036380075589243,0.36524837818429856,-1.0878194360655442,0.02670163714167939,0.6901317602147238,0.48098019948969817,-0.058505037197518484,-0.010888451412485345,0.005707048822566674,0.27147049364752346
-0.20777167162983612,-0.20413483995169535,2.652021072269288,-0.31998017112786215,-0.015210279244484495,0.9298805166522284,-0.20586235238613074,-0.647822560698545,0.40118113171836034,-0.10340408759074401,0.04009170988699334,-0.13288679259484454,-0.2923045455432381,-0.29061992979377327,-0.07388916433340836,-0.07475767666953315,-0.04035395982753831,0.20277427450817026
-0.9576306578230026,-0.7954263902206324,-0.9088202401154872,1.1092024115042418,-0.9883968370667222,-1.110576552826772,-0.2053798103688609,-0.8026297013785046,0.02025882161151711,0.5142655587327644,0.11559737617524846,-0.18430352343670814,0.37111304111053367,0.19007714746525428,-0.025633543155267835,0.17809591643204475,0.01507840547380801,0.034383992433101696
-0.8428149527966323,-0.4729616282507816,-0.7332498076853688,0.049438628520694014,-0.20563955288751323,0.15870324507783767,0.28968572119197067,0.6414278917899217,-0.11907800083285923,-0.5427654330358357,1.0990209786380973,0.8536958561687542,0.07540745948131555,-0.3524600216723889,0.9072032379890977,-0.18681673789391828,-0.29943095754867755,-0.32106376876433274
-0.10778227789178402,-0.9589813903004469,0.6470544131046649,1.288736906052554,-0.740390756193282,1.452330147407293,0.05021757479534919,-1.0633318146829716,-0.6240695820578495,-0.6700510590927952,0.2115290281428992,0.6700013537159877,0.07443839319166712,-0.05714078499962755,0.11237125993239111,-0.017262045822490746,0.3586454970321087,0.14420899258205916
-0.36395695139952117,0.7221535063042167,3.115051109315753,0.624984167207764,-0.4848414086240474,0.19471707528953386,-0.6454034971604091,0.28662828919988587,0.13131393384140888,0.03993141429251515,0.06425838469865452,-0.2718120725608351,-0.32899137499200065,0.6453549263099153,-0.03543243673244312,0.37467985205028925,-0.7100810372245707,-0.4159408196297145
-0.6656512466205555,0.4691519501389416,2.779573975656981,0.793251108844291,-0.6084098818652103,-0.5004604209476515,-0.810032619901147,-0.20064945383061525,0.7595797337128252,-0.3627190033311014,-0.012707107090772052,0.42667811349365564,-0.09935581960586587,-0.407883843630981,0.46716292318689634,0.37843824655448316,0.4301690895085787,0.14777558301303623
0.6107719788032187,-0.9429357610431157,-1.0706155938038304,-2.048873288221918,-0.8384027501185581,-0.024853865649919968,1.0255694733722251,0.3005300844117383,0.05883280484749391,-0.34262339855753565,-0.04885326766543313,0.12014973624071373,0.18609967506334157,0.14639686129677565,-0.4627408950385342,-0.267448018935072,-0.08150542854330062,0.3483621893237607
0.47631437334397253,-0.9809319788601829,0.4346711680922559,0.9734282300850912,-0.79726424024943,1.2412410887932523,1.5636820774680915,-1.5122283296570398,-0.6300386987295068,-0.6505475232706615,0.1891325075938033,0.6033125286220176,0.1028442284243688,-0.12947857498005538,0.05670226797278849,-0.059635804509307,0.3982086075367144,0.20405615443907027
-0.9228117836628122,-0.7580436118722946,-0.8296294472578127,-0.2700400395188791,0.09352486876973325,0.2685342658952824,0.18360588995055152,0.49553043839911776,-0.21928454527302443,-0.8653987865611055,1.0135577514814338,0.4663899142727659,0.6989235033411413,-0.01736245679363907,0.23949839092786274,-0.19420407338153267,0.28127492759372585,-0.5387367975270789
-1.1783646614215306,-0.09780450707659183,0.2836202465740274,1.2498131574021978,-1.0536948487203652,-0.4164712752775319,-0.5544407205915263,1.0764211246162065,-0.2187369753630985,-0.10201604996906163,1.0009120136942502,0.19796008513045163,-0.5461258992226045,-0.03047693377563293,-0.48823346625034625,-0.42179233639574526,0.021430300641807287,0.29773752220695743
-0.35652606681857274,-0.21577644023163622,0.5670278307958361,-0.929459626098232,0.8814505258893109,-0.18502417754878275,-0.419819601802773,-0.7841639435209486,0.8317675420531883,0.20709432042977471,0.4653849414905742,0.3519104403138303,-0.4982035803317989,0.047902307993939575,0.1341419694099797,-0.4525693199269387,0.015759066633808883,0.11458508257540795
-0.9206272993671035,-0.8453905494585798,-0.6922584851895326,-0.42087351189975897,0.3221948623125421,0.04001652454106609,0.024304847337846755,0.22746802678697622,-0.5477147394421477,0.012630644012716602,-0.5282335811791643,0.7967924522396954,0.7827184313268744,0.10887012532651352,-0.40944718639463396,-0.6218103857388937,-0.43284996753825533,-0.3731379923794655
-0.8252346429437041,-0.5467310329626918,-0.6110048353954662,0.2233436778344312,-0.06017561302639497,0.1273766061910548,-0.14304288144457053,-0.6155844858156758,0.42105075136448794,0.048410629383152354,-0.6703629708782657,0.6907007749967502,0.5668083930650037,-0.7638600416377643,-0.6199311042086967,-0.04978134266235851,-0.9010039085285428,-0.23971456267293698
0.20226918696770113,-0.15545573344029462,1.6601024736494743,-0.4045890121256732,0.6076626658679609,0.47381954872284704,-0.3035536288889612,-0.7101205027606112,0.5993824091466711,0.08977733939711155,0.21796111937900164,0.19826305084902907,-0.362838340065941,-0.48751652677095514,-0.1692812227356323,-0.1496853522230885,-0.0020978535454506675,0.32542173472790364
-1.9928260772156294,0.26021207958949155,0.06341753748496792,0.22928660838955314,-0.5800514217682464,-1.082682852578198,-0.5063343828184161,1.2800609900610949,0.2839199281874904,-0.2916367462294349,-0.03011512295807045,0.007726056670080028,0.25656795047212544,0.43610398266141326,-0.4492469171565394,-0.21532413389554375,-0.06747180683283954,0.6635796854410225
6.842299571255238,-0.11841291695529166,-0.27368921700693694,-2.2560588355622326,-2.0606054939344842,1.2179010570113789,-1.9315215636649035,-0.048085526464512335,-0.19246354330695312,-0.3146872325793769,-0.008107335309189945,0.3253053564959261,-0.005777237511778388,0.11919634802093115,0.2534063323330831,0.27874705551974893,0.3070495191760335,-0.01800016077843769
-0.9137949731233017,-1.0636573562245057,-0.8000630074117645,-0.015193650536380457,0.0028408143607490804,0.34439757152229,-0.11441389998543874,-0.5215893636419633,0.5394730838725461,-0.6095553716519139,0.8615817344183174,-0.3049815935895545,0.08347109716133005,0.16484224571362172,-0.2262059487888772,-0.21584236545190927,-0.08832836653717391,0.06330768927210845
-1.7154838899042653,-0.7216774834561772,-0.09250170562449034,0.7164869263390157,-0.14329252348695848,1.1703651184129915,-0.5267870698601838,-0.05127693221866139,0.5603328761116826,0.4596641500657078,0.8120092932116509,-0.10375333393664293,-0.2819908665120784,-0.4959389807372187,-0.08603937062146916,-0.3724062600301122,0.3989649500229997,-0.7152976599595464
-0.36754984841574156,-0.9555768485688898,-0.19364125463644144,-0.3510415977549165,-0.7039817260112804,0.8205159381555809,1.3348021674315278,0.24673242494312883,-0.49529427690826067,0.36881653644354073,0.897037009182986,-0.1357436421678107,-0.44677151764894396,-0.36910627562382803,-0.20003673094147864,0.19788544020458781,0.364255955718523,0.10726584621238638
-0.17987852661112935,-1.2528892334445885,0.5832165184034204,1.065279408953422,-0.6515741413797025,1.1132562998962814,-0.05327513824381727,-1.1104570669974971,-0.7217670713527646,-1.1045293178078475,0.051660014889160166,-0.03015819509193357,0.8252728937141686,0.6167816381123093,0.32396378341033616,-0.12041798650823216,0.16444826661476974,0.2579313069089945
-0.9837769473760041,-1.1913113598756226,-0.9357623976052003,0.26409216954889325,-0.09747148894955103,0.26285065728604906,-0.24508056172414747,-1.1690516752389073,-0.2065226794681097,-0.2683414554848842,0.33136130259425256,0.24981001449531753,0.33378192572929266,0.28376884808382197,-0.3687927939472718,-0.1980565543908136,-0.3084163445687833,0.054205356676932326
0.9616185271821154,-0.6460074852241691,-0.16901605324205282,1.1540524252887359,0.4802879330845647,1.0607192825144747,0.5050464491420651,-0.5051752316064615,0.18557025039484504,-0.3554437254809448,-1.0763555376271974,1.2494549687135923,0.4264329854087763,-0.6615031355289456,0.12626758127903043,-0.06659400124174514,0.1881377612669387,-0.5917419424660886
7.011634206035471,0.3277684729133806,-2.8007155049163615,-0.9618364406344961,-0.11021984224542637,-1.8797118324139237,-1.6730288960185296,0.17465170556703577,0.5658915993940135,0.2555413184104161,0.36160283617774325,-0.10307089558857746,0.2715714003560077,0.5074361290489332,-0.17952093292231608,0.10695240653806382,-0.3385137664285364,-0.20111886301214255
0.39994706688954385,0.47655364853996907,1.9407774979737968,0.4729201159176354,-0.36362099455398106,-0.8523274066733341,-0.22518926928763752,-0.39079804631193643,0.8647049499581152,-0.28683664011512433,0.09202052103189295,0.3929765565458659,-0.2884338875580922,-0.31715865304844465,0.20684574281766366,0.23422622033803114,0.2650197363736523,0.3436918794496428
-0.8867838774339316,-1.0161258010395418,-0.6624284086311294,-0.38286395994251776,0.31270773193785034,0.27674625240353373,-0.08477673112715624,-0.12055986132986576,0.9649912084432279,0.15315244064185285,-0.3120859706769121,-0.4468586095336268,0.07134262407245229,0.20502259573041481,-0.04870835976491744,0.06550156723112915,0.23167302919704913,0.15775044905274443
1.8849180004340769,-0.8526651092781001,-0.0972829747137236,0.8455001876505147,0.9978870255830711,0.8470995618665227,0.7899003605918041,1.1395217154813917,-0.12110474578111777,-0.3667233212298464,-0.366512196362319,0.20079828331862434,-0.3512491327966862,-0.30239566536322837,-0.3977107955207479,-0.007033421926412098,-0.0854449322676159,0.08799146866274726
-0.974770569667028,-1.183125195339578,-0.9141114352855635,0.015839640025934063,-0.0013066463285685143,0.40521689165564767,-0.08821080986754587,-0.45901660819233087,0.5111547731770343,0.04301778746372828,0.7217300772533173,-0.6739492144320713,0.10620655335899049,0.13455340621132272,0.07088434882394651,0.12832983796934577,0.2766156906975934,0.0018400496209124984
-0.8244990355613997,-0.3218515761524723,-0.5296169375063836,0.14495090997031596,-0.4684181824943288,-1.2518637713355134,0.19467226043184196,1.2413523122443229,0.42506252497813496,0.4540237420633354,-0.2137770757741037,-0.19211269377720225,0.5697387181401528,-0.10374817766225453,0.07629890955576468,-0.26344372597713117,0.1107327605359455,-0.38385702402811983
0.3453309817591965,-0.49898453799926856,-0.03367992747048443,0.655214624386733,-1.0019547368612969,1.1839374596943646,-1.3709927460134448,1.273086791707581,-0.4482486442820823,-0.7136227108268147,0.8676025510378915,0.6937460377609643,0.2501456277642259,-0.8663933456224513,0.6190328594697581,0.13251054415851,-0.021303069222007587,-0.5846101750042598
-0.13111654301253367,0.16964900359738677,2.4346464644440893,0.09077939613784274,0.024151104434846846,1.0337839730165437,-1.2068266518784443,-0.5879626424522686,-0.7617523857963115,0.4074137433338756,-0.3422129913855477,0.4726276781549137,-0.2161770094754279,1.018855549735897,-0.45149560575656517,0.16879581478377575,-0.6086743103494823,-0.3989443050500153
0.6076571435368526,-0.26328868663290317,-0.040079706398866266,1.9410429942247944,-0.8413398741178345,-0.21404867315096382,0.6454649547289898,0.013096518530632068,0.59437339099579,-0.21014643624653803,0.6843355018871089,-0.17477972134128789,-0.13945238061788437,-0.5045505077747461,-0.2870300687910344,-0.7393961587663218,0.07294653455313815,-0.5194131159491671
1.5587799995520295,-0.6431579962523821,0.10312593401719328,1.9378119278369892,-1.3952428020190828,-0.26304539553978307,1.3423777384129278,-1.0802094317909314,-0.4232179831115545,-0.08504899979672167,0.13597861833593583,0.08034875934466756,0.01197232266407966,-0.31147322548298634,-0.26876398411824254,-0.45897373021091903,-0.0747550763553757,0.3230776459768449
-0.48046748903756326,4.331200023818486,-0.3276499682104425,-0.3820629465158508,0.4336776184718079,0.5555912707670952,-0.07712660768724149,-0.23132005638319278,-0.05005630887069282,-0.007541709745301189,0.19320352825517406,0.0977113474810744,0.14829287460163088,-0.09956633003224086,0.22917989795241844,0.17317395870658253,-0.0077365506406635864,0.12606664313247762
-1.045229536425881,4.06421152122275,-0.04453469626017392,-0.33630832948780387,-0.20521464166043407,0.09048281532078147,-0.552489994402982,-0.4636547634193308,-0.48018412094134,0.5023211244525794,-0.1949067699990324,-0.12419673690570826,-0.09943640119927633,-0.11941046816913986,-0.2961854517639949,-0.2416236629040241,-0.40781030055431644,-0.29302533438729605
-0.8155194375195535,-0.5274863784994512,-0.5392801186790183,-0.32243662535654816,0.1474359282131496,0.07555472553837865,0.23336011613566413,1.0581921189162324,0.26210557598231704,0.4268795454740941,-0.10140932698450938,-0.013128946388213991,0.40854901477230654,-0.8324677816165554,-0.2442192156427626,0.3516085162001317,-0.3396138142410172,-0.2952378489929346
-0.8733986242158123,3.7784836004337645,-1.342309893057323,0.26458748211012006,-0.22492981823650998,1.1699240295732616,0.3175102787757992,0.4262523412855604,0.1369287392975055,-0.41651317657913955,-0.35422987189699007,0.080558461180193,0.04711203874975661,0.06468116351043118,0.07363736159253326,0.07197043224629196,-0.14878775114110893,0.2352164348639954
-0.9272887076037334,-0.8733113908419192,-0.8865410192108041,0.16522854296977307,-0.10322123956186345,0.691179432059071,0.009895662800945934,-0.40491003387090885,0.5171096566967384,0.38307211480685655,0.788402742639444,-0.26221763402955295,-0.5102265063693525,0.11898196269505057,0.41615285533579716,-0.2046542889205018,0.3107993767720221,0.0934293555823506
-0.6274947160684734,-0.5972399363456595,-0.20572677862035205,-0.060132465653136305,0.08498604879549425,0.9356720345932068,0.15317553783632337,0.16914625784700446,1.0067931183221777,0.4658632809137008,-0.5863356225037671,-0.06777178428141756,0.07942866382568092,-0.31148409855717235,0.655169752748592,-0.5396421077544594,0.11624478866467114,-0.45299774474380816
-0.08290548649528501,0.029250050369457492,0.3362542470570682,-0.01179068767225215,0.0885205878388192,-2.0281417759738463,0.08436153447574436,-1.3748740210539843,0.310924193232316,0.39234536303809,-0.23911461320319571,0.39246501478738977,0.4305644419286945,0.08402711971466181,-0.3124966999647186,-0.16318621416137855,-0.23758284346428743,0.18834096218841762
-1.0255382364324055,-0.3560745238058385,-1.0057848127323914,0.5583839756296625,-0.7292062913122622,-1.434224105994983,-0.03281063787133162,0.27078277365482767,-1.080725053121882,-0.16042169955740385,0.04783631619667794,-0.8617614977679218,-0.39518561849677925,-0.18130917113944184,0.17167033571217494,0.12610553981245604,0.24478726530745543,-0.31244382478409227
-0.8860750497187571,-1.0050673111123463,-0.6123546542343181,-0.6803917336105378,0.4241544305564123,0.08255813738125899,0.13475651459647686,0.843181676355466,0.08836858041591304,0.22026211378418203,-0.13350110144222044,-0.22692910199120225,0.14065861815005715,0.28563029762412295,-0.11267361397020165,0.14050503373346007,0.20803108821819782,0.15459246978876656
-0.8869398558551257,-0.6567138966423198,-0.7230470955252402,0.532388817750948,-0.7766378351378601,-1.223217753612805,0.14482009709348087,0.8085741479037711,-0.11036804307514207,0.24016131570806384,0.8244026772340047,-0.5191656239791556,0.1901182066201761,0.15175824698876206,0.05298804779784261,0.23531357187328,0.2115244425265661,0.040328345764300055
-0.15038652051128615,-0.7473665309940565,-0.6057722583928172,-0.7467738881381721,-0.0021652888979919044,0.4439714047691842,0.8115489170013898,0.7219184748148268,0.11640984782990786,0.6199922514854518,-0.019789837028731994,0.3031458162803389,-0.6540116005451206,-0.27717824307288425,-0.4296716126742091,0.20235426217632574,0.34150022736551733,0.12346372484586471
-0.9094403934353307,-0.8956819809839096,-0.7543575001487954,-0.12433080919739882,-0.09086480523176059,-0.17300321330463703,0.1254020710742968,0.5315085565068696,-0.26238607079725057,-0.5173559170540406,1.0354439759593503,-0.11039468685520054,0.17726263143757426,-0.06648598357531793,0.05313555363923805,0.14165064673513955,-0.7006550868295105,0.27330595316789136
-0.5419739116605319,-0.6638151504962415,-0.9622992491998792,2.094046174148166,0.01994463552814492,-1.0820994633491314,0.29552955890747,-0.7407848588040897,0.05845703823383437,0.5608051536295603,0.17654987091625474,-0.09389432492766009,0.20086569566233292,-0.2897181442148867,-0.6431906759825544,0.49723653018237896,0.1052198124715562,-0.022624601815172618
-0.6727656634961582,-0.5795659728303808,-0.5349518336912874,-0.39400374517340997,0.2443321841931106,0.505185673754998,0.1721120591909615,0.4044731973105337,0.6268344156364876,0.5012042967846504,-0.10512691019903148,0.010693273546087678,-0.6902219788935491,0.8924365401517792,0.18099104380255615,0.20251995201009426,-0.1602602949469228,-0.4532591262005764
-0.504755386093629,-0.05503411543876746,2.792211135604898,0.2349597075420315,-0.04569982884105074,0.7270669590190374,-0.9337061329046875,-0.3328367281162021,0.44585828003821854,-0.07306209691392326,0.024873154048857427,-0.09306021934153597,-0.16485725212465163,-0.6130362215957508,0.3535298721825437,0.03886654951531476,-0.45206005131224064,0.35863027844885337
2.515785610780074,0.2750459695275944,1.270030098758165,-0.0058428848520529625,0.8399428986396583,0.043013177212441814,2.212534024351503,-0.6845810849438811,0.18808175435932523,-0.3712136361502032,0.13746006193953142,0.3486159629449959,-0.09739073208309035,-0.19408197480602563,0.5847132993180756,0.849995405497449,-0.40752523068280383,-0.057793191513128006
-0.8733986242158123,3.7784836004337645,-1.342309893057323,0.26458748211012006,-0.22492981823650998,1.1699240295732616,0.3175102787757992,0.4262523412855604,0.1369287392975055,-0.41651317657913955,-0.35422987189699007,0.080558461180193,0.04711203874975661,0.06468116351043118,0.07363736159253326,0.07197043224629196,-0.14878775114110893,0.2352164348639954
7.236570330895053,0.05281154018398193,-1.0770098669766985,-0.07847138401339475,0.7595712565300433,0.14505947131184693,-0.5324136148120046,0.0900938451663639,0.14467153535153043,-0.34049253252993017,0.1315608426482544,0.42211921098994615,-0.10664766710256857,-0.32050240448055944,0.6081871929148941,0.9218039070119721,-0.3690211200840642,-0.11768726653596631
0.42456599287311536,-1.0646995630076328,-1.18216369548197,-0.5748654679373562,0.9920352554236792,-0.2769938578841866,2.0311493626247814,0.3733189000674941,0.08508719979720074,0.23324523275715175,-0.15021022417096414,-0.33111375434220286,0.18686514767154438,0.174050830879509,-0.1707992650694664,0.045361652557021126,0.2592445294514031,0.266146373564977
-0.6983115354355286,-0.4117030466405702,-0.5932047023268651,-0.38273805298559027,0.23853745857022296,0.6050102952844038,0.21853014378893296,0.49879461478862036,0.708428548423571,0.6049320699617975,-0.10949061527691034,0.11065559884959664,-0.27573753808703416,0.5664609259816703,0.3238946141493422,-0.2334090751021002,-0.21610931543699918,-1.0333548954248282
-0.8056334675175489,-0.6019902584486683,-0.5240617991016432,-0.49161871666814894,0.2081816544479682,-0.28297366469088947,0.16090460942907206,0.8290221502469972,0.22772123056360416,-0.8339021251045837,-0.0206172190645752,0.5681755930596308,0.2740506734467274,0.06714641571291413,0.32030886862561236,0.4613862286771631,-0.29650349273022736,0.4104256142887657
3.3363768589647025,-0.5247149931982455,-0.1361448558863012,0.3524634470371143,-0.04728774102378129,1.2158162335354743,1.786097067833712,0.17518535452440048,0.2254191264314463,-0.8464239748020295,-0.5773290878633999,0.20506551179664517,-0.25339128442829056,0.4937334761411373,-0.08784016287304502,0.28993974534043737,0.12325010495582533,-0.21983494939408324
-0.19393022424233064,-1.2539077407706019,-0.22148660572637424,0.662099593151424,-0.7517758139608713,1.0526787792508758,-0.9314470891630194,-0.9502402995860824,-0.5535082153475014,0.307128681036849,0.1801096361207568,-0.37485339976553894,0.2487660765929378,0.17479752669352044,-0.5653242838019893,0.2330184899405548,0.09993779754271803,0.3192596903119426
-2.0689563495051266,-1.119783388363398,-0.3959305821948298,0.14837052234261516,-0.2532359676309825,0.47794527586492724,-0.43204562761641396,0.05016394977183222,-1.0730239242478339,0.7322274805223098,0.4707743160201916,0.5479437796164839,-0.25682447831324157,0.3896313470041043,0.20166889486457262,0.0037651607544456067,0.007597370489374811,-0.08006269338900271
-0.3224003167894792,-0.5059414721968831,0.28303464351089147,1.7024227747544152,-1.3968373616240015,-0.46886318521837556,-0.0695521339670066,-0.8817217403328974,-0.34513417008505703,-0.8694721332917803,0.06328286209387568,0.1581468085622247,0.9389921781679963,0.2615613974455381,0.421513458940568,0.13022315979309457,0.1891496678178346,0.3611474221798708
-0.8860750497187571,-1.0050673111123463,-0.6123546542343181,-0.6803917336105378,0.4241544305564123,0.08255813738125899,0.13475651459647686,0.843181676355466,0.08836858041591304,0.22026211378418203,-0.13350110144222044,-0.22692910199120225,0.14065861815005715,0.28563029762412295,-0.11267361397020165,0.14050503373346007,0.20803108821819782,0.15459246978876656
1.8951397238043517,-0.45411099098587737,1.0235651920126532,3.9426818354133824,4.9832820674359875,-0.007021949101743349,0.3178757081609995,-0.8343676609779216,-0.24366515603266659,0.2258833052947768,-0.3378587219359106,0.4024474929754237,-0.032747846977174366,-0.10044994247014222,-0.2311154135767478,-0.5395824388664647,-0.0512979136283187,0.40870266727748544
-0.7107950761611089,-0.7980927551317938,0.22565013338684925,1.5766134892782273,-1.8773805567340949,-0.15159850466790986,-0.9036957129960973,-0.4027346311924045,-0.28230292434940013,0.5501159464041484,-0.07006351579061554,-0.0995831690242776,0.04729345162784787,0.1758766889111869,0.5905462460717339,-0.10880913678463006,0.19561584336255922,-0.1867562713967594
0.02332001347914492,-1.0109665617175223,-1.2122374154984379,-1.3637637023169815,-0.9359993716218503,0.1878956103140343,1.2788272951698516,-1.280115726267562,0.25985796827032864,0.6689880535974936,-0.9000198105789068,0.16639085506307277,0.7904380562815198,-0.13859742397910052,-0.11822695941733807,-0.39311929323586725,0.02712838346410329,-0.33663574615441405
-1.0447525439197303,-1.310779198990695,-1.0498108254789993,0.2951254601112077,-0.10161894963886862,0.32366997741940673,-0.21887747160625462,-1.1064789197892748,-0.23484099016362153,0.384231703630758,0.19150964542925264,-0.11915760634719913,0.35651738192695315,0.253480008581523,-0.07170249633444808,0.14611564903044144,0.05652771266598422,-0.007262282974263623
-0.33706008116109093,0.06783277331696946,0.541272258054712,-0.7096533185935282,0.6613302890915492,-0.4897366594875735,-0.36746841685228493,-0.735750714179785,0.9428018815053676,-0.19449675934334906,0.43841716670321973,0.7780475145221466,-0.3420760688374682,-0.20087041341956818,0.8642147496186172,0.21248407843801936,-0.12383145707984883,0.30895058742421116
-0.9393408450626721,-0.8957944300346952,-0.8583158760473422,-0.003927958348560759,-0.0029539112621385505,0.4442221930516957,-0.06799581538746724,-0.4272679461638766,0.6210672166596294,-0.5058275984747669,0.8572180293404383,-0.2050192682860456,0.4979555379678452,-0.16113336845648712,-0.08330237844209121,-0.6517713925641038,-0.1441773870272503,-0.5167880799521434
1.3758753608945447,-1.1165869452258017,-0.21327167358051557,-0.1686631861374639,-0.9620894149191802,1.0614290639842987,2.1202919840197167,0.18957035673593367,-0.7328140357319152,0.21830289656925764,0.6816417709246076,-0.504454077520444,-0.30996872956197324,-0.29927563240166927,-0.17109500844007222,0.14548633513530457,0.531479858863854,-0.10060145536688189
-0.7481479566680163,-0.19368647784435944,-0.4288690508000976,0.2760389630028873,-0.5624302859405038,-1.0384821223483058,0.2804693663371588,1.2978933831716257,0.45050559606078183,0.7515673141330611,-0.12359122092378155,0.2205358489268567,-0.07825286591831226,-0.12690981135835666,0.4006969999836003,-0.5385459361742346,0.11871165470702738,-0.37934023842513453
-0.8352698427647439,-0.7090392866144228,-0.5698596361636097,-0.5380379883901467,0.3243476014873497,0.39576440789787215,0.2669717050997652,0.9940441647608556,0.1954057842856433,0.6215334590310548,-0.04767895166977715,0.28568176601636563,-0.0928485251018929,-0.06350695024208786,0.35462804680442006,-0.5705262035758379,0.16016096189920337,-0.4209865138324999
-1.051684525985407,-0.7519594934608296,-1.0327269702221047,-0.2867262663256862,0.161719056804909,-0.060796895882162735,-0.07251138922661807,-0.09563920020557487,-1.307506554201509,-0.9430287137750526,0.26360024261568227,-0.42764795983589626,-0.4325167338780203,-0.08761747052087426,-0.17148891507982908,-0.2500469310104024,-0.07870748473513578,-0.29262246054026175
-0.48435364019250843,0.47205064306679545,0.3245328122459108,-0.22047556985905475,0.1361162857332303,-2.0436587091643466,-0.6697497814355086,-1.0746471702864246,0.09106727269893998,-0.3609984118034123,-0.47727954365107905,-0.46847989326850376,-0.4209201622067085,-0.32540633755443105,-0.02550487992434336,-0.2546948743890559,-0.0004063119485596678,-0.20105759816860425
-0.506563822301911,0.18796662166323674,3.1046845626316246,0.6872918408030689,-0.6554577173746307,-0.43611768985635846,-0.5892609747466823,0.9298848066600502,-0.3301930862555978,0.6888589796665865,-0.035082700804828726,-0.4338888087659078,-0.154489873027029,-0.13591648145236168,0.20446142464215933,0.1977164528867839,0.34468502283747837,0.151113498519244
-0.5707666985740616,-0.03224367577607201,0.2336159812792098,-1.332080294920109,1.134340871779646,-0.8036002939404429,-0.4637141969492692,-0.414754851011863,-1.0406551671035136,-0.4239225937630895,-0.22278240516238312,-0.1834044686365704,-0.36619982731268425,-0.18139577454445416,-0.13553908730880787,-0.2116716752883284,0.017401054264765237,-0.24586185283994755
0.19501337226760795,-0.6669340600149702,0.33426728177829457,1.3565695896964245,-1.3082580028963662,-0.4047502334355688,1.301672741131838,-0.47712400109339587,0.3634076800457549,0.012121732119999534,0.5181034620171007,-1.1699964371648512,0.27337216666374853,-0.24351889704136392,-0.2656202696443694,0.08872879160744396,0.4627934396737827,0.28821728148498965
-0.7686712825243989,-0.4775346334991548,2.654121048190639,-0.5244023085204224,0.4520092697413876,0.42050904481203577,-0.7864173428921101,0.43953273406053245,-0.5471762459425477,-0.4067867868963019,0.07731167479361356,-0.4027032951842818,0.6971637640752361,0.2855548186635023,0.23656867841462215,-0.25851036484202916,0.00587304429528912,0.22062934459036593
0.8744472398987675,0.7433028132917313,2.6286119819380085,0.7468035266256291,-0.5989310525595811,-0.3488883423856295,-0.013862275295066048,0.18254425474545385,0.18429755234038003,0.08807434684526808,0.026262004704082742,-0.3139430696787345,-0.30335801107189053,0.6504983625863093,-0.1616564622560685,0.22189646751655073,-0.44120412475025544,-0.41551734667961826
-0.6056577328668422,0.3558015859834943,0.17370150457205713,-1.3122160397857823,1.1549519137918005,-0.6904622596616762,-0.4461504517987622,-0.3838627079967359,-1.1172916105361197,-0.4024130215646742,-0.2015447259989505,-0.2844181975503047,-0.2861459377592139,-0.08107220947370292,-0.18068893086443322,-0.31914760716148827,0.09916196432305535,0.13184511183091308
0.48480316342165775,0.2949532249147847,2.2714044219135108,1.2449690007223235,-0.5953963047849943,-0.4634091477313842,-0.8255120395567065,-0.7045139952140136,-0.04900486651375341,0.4876723674702652,-0.5854086356802313,0.49985664382410044,0.5187815640701735,-0.6348013322379147,0.056397863344053834,-0.6808893846164497,-0.1563986427325602,-0.3393150999612977
-0.2080881245708387,0.47980600013136265,0.633999217686618,-0.38869856600123265,0.11432129760906755,-1.8175945844179118,-0.32102736205789517,-0.06836380832438452,0.6978244188562928,0.09009288753512715,0.4160600230138063,-0.08098067910408202,0.0508106440027104,0.7182366586912393,-0.2388858546990379,0.2666337526478368,-0.43358135304450285,-0.46381178847651816
0.6165725422770294,-1.0351999114817507,-0.1272059471796485,-0.5329371563045265,-0.9361364245495665,0.4663656326651524,0.7394391640171077,-0.15057877458830296,0.7906908733286224,-0.024991737127209368,-0.8341008133683518,-0.7736757441171451,0.506671969365992,-0.38482056935837816,0.6413485665738317,0.5564953245423188,-0.28284891986835914,0.22708505479224078
-0.916981547394307,-0.6884736641451794,-0.6966267323233748,-0.23248289689275714,0.11704254410147046,-0.28319614526358605,0.04458757267394915,0.31682440925047733,-0.4729512660846293,0.03772042546826057,-0.5329562088728228,0.7714498514316248,0.8071939715255138,-0.20306580585613415,-0.06614042976123446,-0.3393208400541759,-1.0215347468517406,-0.15998174921970462
-0.8812795789296191,-0.66726129191252,-0.8080723534092011,1.2402904645368134,-1.082408940512897,-0.8971949038395644,-0.1195827044635441,-0.7460886304512018,0.045701892694163984,0.81180913080249,0.20578323102557072,0.22834501926735082,-0.27687854294793146,0.16691551376915204,0.29876454727256774,-0.09700629376505876,0.023057299644889895,0.03890077803608699
-0.38539528364866166,-0.034127734042089575,0.4938503601643094,-0.9111587761869644,0.8735480361021909,-0.11244328613256686,-0.40751023503959793,-0.7865984401268293,0.8122793544902456,0.24960507570317725,0.44187175202637863,0.3509934780122897,-0.46664505600167694,0.05549249817376967,0.15501238549399454,-0.5104512366196827,0.041963858537155674,0.20165760293386076
-0.47671283041165713,-0.0757105725358751,0.35752271138582725,0.06384838290981913,-0.01577502209198535,-1.8533799508850521,-0.5965826180915119,-1.1217453521847929,0.2871102087095124,1.0333716787447274,-0.37078527160281693,0.059939967762617674,0.4374299476758696,0.09629884344167439,0.010316284615753346,0.21647117215411876,0.11118694447370914,0.08114460013341596
-0.12571678604311232,-1.2519275580286762,0.740303234204138,0.7545778963704466,-0.5362939194827122,1.1763030262666607,0.045323063880505804,-0.4220516022782154,-0.012042174106769707,-1.0190623727462094,0.604125593806921,-1.0364294781931924,0.4433100938505147,0.4346918259729692,0.0797846049934926,-0.520767650249568,-0.06455801095344837,0.2858243778151283
-0.06219796725633442,-0.4428482695320326,0.7055516013031684,0.5612921030941113,-0.6520356517772324,1.222440952789586,-0.7431202064555089,0.5708951362850485,0.9102376455968797,-0.3000238013531581,-0.5571074707922148,0.1617171013470204,-0.03442913077752213,-0.9013796735301149,0.17739524203289214,-0.10118708378111047,-0.74985383893328,-0.4160577732077195
-0.48046748903756326,4.331200023818486,-0.3276499682104425,-0.3820629465158508,0.4336776184718079,0.5555912707670952,-0.07712660768724149,-0.23132005638319278,-0.05005630887069282,-0.007541709745301189,0.19320352825517406,0.0977113474810744,0.14829287460163088,-0.09956633003224086,0.22917989795241844,0.17317395870658253,-0.0077365506406635864,0.12606664313247762
-0.8733986242158123,3.7784836004337645,-1.342309893057323,0.26458748211012006,-0.22492981823650998,1.1699240295732616,0.3175102787757992,0.4262523412855604,0.1369287392975055,-0.41651317657913955,-0.35422987189699007,0.080558461180193,0.04711203874975661,0.06468116351043118,0.07363736159253326,0.07197043224629196,-0.14878775114110893,0.2352164348639954
1.3660927996115126,-0.7256416095550844,-0.49744601775397856,0.7862944701707069,-2.4862306667744365,-0.09371213359976287,-1.1401527762439512,0.6018725072004774,-1.1897027316568567,0.750404603873546,0.12156524010906744,0.28179048771764004,0.007768397441958508,-0.3583582329051732,-0.07478300870716542,0.27338626996780674,0.32786319816849563,-0.1703469243781248
2.003919552150011,-0.3410751388278872,1.58227985107005,-0.972100203642543,0.332452457325414,0.19619382926984996,1.974194239327761,-0.33719051967296654,-0.524348279711909,-0.47015816637075725,0.0940397183624766,0.3287661964317386,0.28071255368852843,0.08671617001945109,0.8565856759076271,-0.3050334565708319,0.5729348044671102,0.4192861612085917
5.029294742597399,-0.8526124271649358,-1.328403057768747,0.8130103907674309,0.7123301670860406,1.0864562150409633,1.1106103060287378,0.5060786195193874,0.20687583568667345,0.2836027790109727,-0.6568161231316267,-0.4663813496303632,-0.25595185863891856,0.1629369068069797,-0.048972088824419,0.20348939510448433,0.15656982076588688,-0.23558130695284832
-0.506736129376854,-0.9401591560043581,0.07783468320614251,0.550965733880668,-0.2826863598422909,0.49072221264980465,-0.040139399686843616,-0.48720175017693595,0.12863949986796425,0.44231959430850365,-1.2917028020108818,-0.12027551354107219,1.0576398402805323,-0.2733906448891233,0.5668924022063231,-0.10928651132986339,-0.6071211112181011,-0.05969249692436579
2.6945683657942263,0.5996196087363462,1.8840392770729817,-0.057498303632147904,-1.1407441751385583,-0.6491177139940255,1.6050787272026186,-0.40891284014994017,0.1933363302835442,-0.323544296410032,-0.038473430662344155,0.1029215996789617,-0.11792453673828779,0.3261000158129935,0.1827819873383012,0.4203941731166361,0.17233260557383356,-0.19396989687508498
-0.3148396714494582,0.4434531985708057,0.5669248957196091,-0.5532036679329745,0.5968295337589281,-0.11944669797544709,-0.3089066335004107,-0.5715879975660629,0.9860163500566497,0.45622250739308934,0.4739635264840898,0.5647936336152779,-0.19875465937942766,-1.0626055810669088,0.02346678382143358,-0.29934775415301096,-0.5056810439220595,-0.2481727158478405
-0.912007342291224,-0.6775602095365947,-0.7399741263964983,-0.1761724950242486,0.09965292393965856,0.026114474015097575,-0.05218463902787883,-0.033637975472245535,1.0202664942378035,0.22075297737079946,-0.3403217878347662,-0.473118172643238,0.1273766886012136,-0.09932314527240277,0.31546881295249696,0.2901091962231031,-0.33080695821308936,0.45797921257095814
-0.6288053708601657,-0.005853119504939386,0.06512555187475733,-0.8151286156827725,0.8135943942606946,-0.8718055285894625,-0.6367616272189071,-1.2265672507840613,-0.1175873764141922,0.18663067366576747,-0.5459415592557331,-0.7976441978295823,-0.38830482499398944,-0.6042282471231092,0.5688232211426996,0.33998660731531355,-0.1826977268351015,-0.09101527006740465
-0.6547679582602473,-0.03593811698030369,0.6235546086533064,-1.180035149106665,0.8919363609793386,-0.9598967386842896,0.33839092032697793,0.015367249843759173,0.04672843989804691,-0.4268258202073866,0.5233847239713634,0.5622541067424933,0.3719661541602608,-0.09411022655222762,0.4535314881912309,0.5634608590113135,-0.15384219434985108,0.2988550915475709
6.43376062587582,0.6070417739781736,0.018448390046244878,0.32630728026815,-0.666128948277613,-0.5568765145638731,-0.25773501286590417,0.1368368239514736,0.1371757903466263,-0.25511073673497886,-0.03982954090812668,0.11322371165368367,-0.014446521207295615,0.38229874004970266,0.26109015928029045,0.4066207587526714,0.15459770123276517,-0.158160976237737
0.710034703213575,0.1655036835289485,2.361050209449731,-0.02503026438458965,0.12008854326922312,0.47426345765684175,-0.0006123432772801446,-0.09841209385478453,0.034394947313103094,-0.5686659312204408,0.03692700009418509,0.07212217360016632,-0.00880962344379832,0.7300229087179274,1.1596286930121973,0.3961993946515335,-0.5533943909849526,-0.08125784076015855
-0.39454136057045036,-0.48868698647928954,0.2821525310603281,0.7753905791766336,-0.8472269618633883,-0.7814021115993998,0.012088826323853122,0.2671634417957877,1.0214641173131278,-0.6163211205938576,-0.45504605977418644,-0.43883966680435477,0.36493481675907036,0.03635489762366484,-0.08979757781650716,-0.25874888066296586,-0.09322573459555866,0.06410092464663025
-1.4553587896029052,-0.49203365304817703,0.9893278253203077,0.1467835900309403,-0.28110572139816425,0.7114171383870687,-0.29307455927360115,1.342330725502297,0.12198582921564531,-0.278513131587534,-0.26641119275540087,0.5066410453338976,-0.378081562997419,-0.7119124155781253,-0.018262164300554606,0.49857067782363423,-0.7613775280587085,0.0616543265406338
-0.3423856010679496,0.973699786399486,0.31638146353838725,-0.3434390620597987,0.17516235474525615,-1.93860332496754,-0.5049572969325126,-0.6119674656618752,-0.2840748479079318,-0.26317466159698255,-0.36340494617622177,-0.4575392359814739,-0.516440132048682,0.6004613680221002,-0.13972896637076737,0.2516529605212366,-0.4831583778947446,-0.9152334427857223
-1.0447525439197303,-1.310779198990695,-1.0498108254789993,0.2951254601112077,-0.10161894963886862,0.32366997741940673,-0.21887747160625462,-1.1064789197892748,-0.23484099016362153,0.384231703630758,0.19150964542925264,-0.11915760634719913,0.35651738192695315,0.253480008581523,-0.07170249633444808,0.14611564903044144,0.05652771266598422,-0.007262282974263623
-0.8799700214582223,-0.8976196373403813,-0.7054666965580481,-0.10319573792185695,0.20157497073017777,0.15288020589979656,-0.20957802336937217,-0.8715380814987796,0.283584621892745,-0.5848876635354274,-0.7246998924296728,0.9283802944101489,0.4305699677384458,0.417401247372054,-0.10161947896089751,0.12167902755121002,0.09573524953049994,0.19132501779780658
-0.2211018971331924,-0.8884214081876649,0.530116126706446,0.6063743611019334,-0.2522310482056411,0.9938780382332714,-0.048837652892774544,-0.660428663088986,-0.016197240715682203,-0.7309866753968854,-1.1747123288961525,0.633468745332145,0.4905220006725607,0.16320965260008935,-0.5845307409411076,0.4129130754402331,0.27549609722126556,0.08275965659912282
0.2651685705301774,0.09360121110811459,1.8184991263187584,0.1623471456711582,-0.17973214710804147,-1.204683119733662,-0.1291322328563501,0.5206187287664841,-0.1823318281270928,0.6824941134028387,0.04166444581733514,-0.5550769176876917,0.3507467688440564,-0.12158423216512176,-0.2950507229037343,0.23212539322091824,0.49368635248194626,0.4043200359445626
9.590367971154594,-1.4742853904548483,-4.960442784573965,0.3897532654283973,-1.2140717109621961,1.4768021559077664,-7.1763057004297055,0.6144895113949724,-0.655425119917102,0.18974598470913828,0.42485814058338756,0.7185786432056416,-0.07105202398322119,-0.5461280952086728,-0.28253524474068403,-0.9096073451972588,0.004350378649875086,0.8919554669788565
-1.0440437162045557,-1.2997207090634995,-0.999737071082188,-0.0024023135568123216,0.009827748979693254,0.129481862397132,0.0006557741173784798,-0.14273738210394304,-1.1114636181909365,0.45134137677308717,0.3700945146639443,0.10077190119522544,0.42583337600455806,0.3340877104752312,-0.1356677505397323,0.22111911553277236,0.032885771687132914,-0.010420262238241496
0.4991620100988733,-1.045167346616853,0.05984020566525783,-0.1262564894455116,0.24754759857790404,0.6726522787047889,1.2738652277464662,0.879886075923046,-0.11234752307042048,0.2670329276233288,-0.5220590931226456,-0.17958501596770143,-0.08971932769918328,0.009315556920848955,0.4781934283691611,-0.12252851168876522,0.27544653685174236,0.029736028283420757
1.065946911246313,-0.2768251245662783,0.9896397279916582,-0.6969059721590581,-0.2461722521636272,-0.09285618600041944,1.192322552901407,-1.8014054950969336,-0.1405633792976516,1.2208281277553767,-0.47500978861741217,0.25225564321474603,-0.09015881057287922,-0.5968781378345396,0.12619472532541293,0.12487248737694984,-0.2853214439042943,0.6711650489728902
-1.0186979622397314,-0.8608351873666369,-0.3608809402762006,-1.142950436190143,-0.28317392968694427,0.2984768413548339,0.8033360764130121,0.6398574986465781,0.1033271621672998,0.5420680250803123,-0.06362835965461572,0.177129820611355,-0.5015790950476158,0.24118022537084083,0.17853917299631328,-0.12356574747626681,0.2315052303512145,0.16461884122681442
7.325395320359107,0.45842932499761746,-0.911633612862261,0.5890390901441479,0.07222176369820925,-0.8581844331253429,-0.5886943471970808,0.317945575893854,0.23552165203464848,0.2669724435695429,0.052911720834446674,-0.0680574998335381,-0.10786243041815302,0.017561378981057807,-0.04310608481697148,0.1853262675208081,-0.1542008660472376,-0.3793386548474966
1.8484043334133775,-0.32670765046075423,-0.53233597158987,-0.9837229658675295,0.6474764270190981,0.014365967838862972,-2.6605887513947626,-0.21119343755766404,0.7855635275104482,0.24022630134855938,0.46491060533884165,0.4366402410858758,-0.4472087461708665,-0.04676252212316445,0.2248170910296865,-0.5020041679038365,0.04582901923932059,0.19261105086754954
-0.8940649110856734,-0.8869847217908691,-0.7676580413163083,0.03779053439748724,-0.18902436936725314,0.10119775581592816,0.23740226709750642,0.6506223828838049,-0.2652613104101155,0.43276081413132717,0.9857781736446727,-0.06671376499365839,-0.44799349642323033,-0.11993645677371895,0.6746239416798971,0.21072063995929108,-0.3277321354236612,0.2163550991196807
7.855994643655983,0.37957085039318106,-1.1714818379787344,0.718054200547045,0.23299095710241474,-0.9935885240196012,-0.8049742817566455,0.26279843248681595,0.25492812800463355,-0.14454026004643458,0.07906235113093607,0.40288172313804843,-0.056618024653846855,0.07233037064952774,0.2722034208628189,0.18749804785859708,0.3910001131901536,0.07526103715042454
-1.0542514748413003,-0.533837722013514,-1.0183435964698075,-0.338567952152536,0.3522367859763283,0.1383207914375717,-0.2500980993287938,-0.66078573218469,-0.024853989166454843,-0.20491981935021206,-1.1121655211784343,-0.7903714456239337,-0.48240267671438103,-0.1204546322179591,0.0908443442334298,-0.10158838152243882,0.29114064388128524,-0.10794920113719506
-1.333878602296781,-0.6337799352537294,-0.5405246614766828,0.8615742312070839,-1.114885258692143,-1.0498463561208773,0.06257183707645363,0.21185172478926315,-0.8269791390678447,0.8760490606134154,0.38488814923222514,0.4567867615512953,-0.21961660407912353,0.27325921792594643,0.23219416256835712,0.0005144815051406626,-0.01015505235556502,0.00942086103811629
0.33445996750305085,-0.9963484084387766,0.2842846225031497,2.6751208220464746,0.904705319366496,1.264946547142665,0.199096621130652,-0.7435211169685911,-0.5479101939001002,-0.7523122518140319,0.1401178042919713,0.5453528964907913,-0.04219674585745253,0.11546747312580552,-0.04213205550988541,-0.027875334784896844,0.285805880597509,0.056421812763193635
0.4530025267926501,-0.3655269890104458,2.1603237975496983,-0.18039553919138007,0.4350816659082946,0.6108194244554778,-0.3353498133415296,-0.7124949953463744,0.33135208419374296,-0.3214260251403347,-0.026134797857186365,-0.5591600688204943,0.30252369258193224,-0.06337704781596326,-0.5494833785999617,-0.12857889757959096,0.11536018915997881,0.3775384115898049
-1.3704066834021067,-1.1397687325744925,-0.9134365299875364,0.6428587246855252,-0.17727122966636016,0.021532391023215885,-0.3496042038822659,-0.9491836384491734,-0.1530732435952492,0.3994677580631385,0.194358619358463,-0.13928005253796788,0.36926914438344816,-0.032140101376696706,0.27757513713180026,0.43862806517813074,-0.5461487488191736,0.18768748152419107
-0.4487410749857388,-0.4216708964640927,2.291306818820118,-0.15973025956635312,0.143015766919376,0.7358336262123336,-1.0986412771772116,-0.03700619333268154,-1.3220548709040887,0.9492611306229348,-0.5092886063875378,0.1720263588527822,0.353505022555203,0.5340438135065545,0.7038553126008484,-0.09894811932788194,0.08228904525441771,0.09069450434638693
-0.5610111623062315,-0.20657778907164026,3.091256039267731,-0.15253705345775526,0.2424780945095409,0.9354112193290158,-0.6084968427497545,0.5591107376326303,-0.5564963346348427,-0.0940619438846417,0.18085528050375332,-0.0006965826249341611,-0.19246702640432894,-0.04113704108950922,-0.13958111095847725,-0.1782924123828954,0.020533112153772737,0.1704991841386177
-0.4292313937391598,-0.18702465322634843,0.4619116969557078,-0.8721570641238016,0.7703103111244142,-0.7216184963406423,-0.48533398237198744,-0.7513486319847502,0.8810879443280597,-0.06535947018440688,0.3704764589465934,-0.08608070319829925,0.1742635439253054,-0.24087198949260602,0.15305063561554344,0.10502243595488259,-0.5809046068507583,0.32322454013218355
2.8993402472085803,-0.8714205702223217,-1.4206023067345577,5.383450917234081,3.1548692527885973,-1.1631333066965337,-0.44230732714877385,-0.15681846751546183,-0.2944078529109623,-0.933659847068347,0.17420790047511936,0.05080519353680252,0.8181337318568899,0.47601108708376116,0.42293318555923554,-0.3584703094805917,0.24298957091096685,0.505651635201156
0.3889394961792412,0.5880924488230445,2.266014203308984,0.33804938749371455,-0.6390521330629116,-0.6391451362720744,-0.38331663623950174,0.8242808428021702,-0.0727705070120575,-0.14849371722566837,0.12549194498287575,0.7505464444183159,0.4223043079240608,-0.7198376816864018,0.48634410889229307,-0.053215793531037225,0.5293971767683966,-0.5815879519615159
0.25053122692777396,-0.3177254494525281,1.8766711472372333,-0.6321861142936759,0.5105048644831571,-0.2265533533940351,-0.10983008446763512,0.3678214212029017,-0.35262952892231697,-0.3684022701126263,0.1562029671563896,-0.42053587498435835,0.60482188579584,-0.17035013330984544,0.4532367623537288,0.1919011922595682,-0.8489636391980812,0.5240993382879662
2.196622742780214,-0.3286826194093233,-0.5490517243345566,-2.0946953341235344,-0.12538430682267565,-0.2790374733905927,0.2252030059282091,-1.1609612509655232,0.7632518399928343,0.30165747011003075,0.4106301802223311,0.3278389374857137,-0.4032494430014483,-0.1742232602035365,0.1011016937586201,-0.5581300267629544,0.11204282733421944,0.2959868751625287
-0.43216831799678174,-0.33288304861255313,0.5163536984863613,-1.3580754527988232,1.0869093279540478,-0.592593941558265,-0.28608346198445667,0.12303652323708039,-0.07029815705677345,-0.023339578497621777,0.5537839558749436,0.1591914051521959,0.21910399780427092,0.15167164358374996,-0.25422137522314026,-0.10246364322750429,-0.015861768516124253,0.10691031770844478
-1.048747601727785,-0.6061010980746246,-1.0871689717527582,0.1991921223493357,-0.15487996002472465,-0.1898214506645401,-0.2717619096141488,-0.9700243554274055,-0.35612045281667565,-0.9850486054618377,0.08029274568733213,-0.6729200681863914,-0.4773571877569859,-0.4801611035972303,0.2357830957588546,-0.0425608518280155,-0.6437503230697699,-0.07630823811652296
-0.48775385748246314,-0.7996316210141756,0.12613037204839417,-0.24465819096832198,0.11299765608472105,0.7925240031647794,0.3737608846050565,1.1534985499726071,0.05645094419771805,0.454497388548202,-0.4389124106185782,0.0404348148247235,0.16923323109523647,-0.12314139307057248,0.5421555940205876,-0.6102315429285539,0.17737840671608052,-0.529839434092982
-0.47293937656045887,-1.1839808132757337,0.06208456237214288,0.425946584744659,-0.34543039984385265,0.8720074958074544,0.009364270817333598,-0.3343940622454916,0.2576528414813298,-0.915624438462094,0.626177206235879,-0.7491149296096027,0.3169764189431594,0.1998628247487545,-0.09803913715378906,-0.24161606431504928,-0.09616320480474883,-0.09810744297985682
-0.46958837212933474,0.5020294331300643,3.197366587690164,0.6808042439979985,-0.6308902796077219,-0.4088376990846121,-0.6012983814221654,0.8571476729548533,-0.3129387795771888,0.08328737735072259,0.10204440309704799,-0.09980518280306866,-0.15981831815518555,0.11075222525328676,-0.11303755736535881,-0.05208490504706831,-0.10375604266953448,0.11349597578517118
-0.8176934889847277,-0.7539393498014222,-0.668735603220887,0.33149576552978954,-0.268082962359626,0.23756953815000392,-0.06222838304422293,-0.4009003385592834,0.6316159466518667,-0.5066657131391489,0.8980372139539072,-0.19114376329007526,-0.06312294702293553,-0.6272802193569481,-0.5006551208082242,0.43119014412695694,-0.5801242485063126,0.193573139714659
-0.3626956463452744,-0.8555237964111788,0.2033259119250752,0.7881829541204326,-0.485310427024321,1.4437887006550971,0.20074122717425927,-0.21249900095437818,0.3097739327393377,0.25974667653297956,0.706753512661985,-0.36292865205011654,0.027823173888968877,-0.8112964571317929,0.3091756276226201,-0.12287821733824428,0.3631473061696757,-0.7158607543105091
-0.4962877227222486,4.20450769558328,-0.30626264260316066,-0.41347863901355253,0.448645537058498,0.5370910829012338,-0.10919506730162712,-0.19037690326085524,-0.08632717496535389,0.41913915148336656,0.21544867534887002,-0.35376832753531245,0.016640903305939536,-0.16272953980138083,-0.15758612562281987,-0.2093898939736576,-0.45683080624049116,0.1448573814434353
2.10730324557018,0.05909753535324991,0.6687314052085991,0.5323192367597614,-1.7538003050338435,-0.09917267502277276,2.053731331589449,0.2956417895486076,0.47862142182640316,-0.6996114309427077,-0.6665074691789048,0.15684292633242053,-0.2635324845785716,0.47281215852717096,-0.07201111533711435,0.37748386365064684,0.06605815049962305,-0.22693870500607552
-0.36777745117792926,-0.8175992947956432,0.3316127707703602,-0.06371220925693867,0.0515918304638046,0.9101770689921661,0.34065453733391793,1.0748418451854134,-0.036590690899673234,0.4494016562257449,-0.3940924674862104,0.12294259786249323,-0.4127042840416287,-0.2773755823301119,-0.24356120852478744,0.2071578086098163,0.38131424413714154,0.007299242001438444
2.140721602915651,0.5018444884778175,2.180934002764081,-0.41718212370757346,-1.5519167361513575,-0.6032125287055629,1.621420392693572,-0.4414891152126201,0.15751941112931545,0.1072995558517689,-0.022956635392139935,-0.33542138213912015,-0.26120317968153517,0.2871083578632093,-0.21383284246344642,0.07321450850710398,-0.28093512903211265,-0.20985792636509193
-0.289818525547969,-0.7385667660844681,-0.4963905722006814,2.0056907251655733,-0.5255161917346703,-0.8173055971212153,0.5458755334776124,-0.7974820361051631,-0.15322421008934167,0.4987219448710627,-0.03824083573072379,-0.45995196347527173,0.9295224362827673,0.17289209875036504,0.15677566899858209,-0.7290497199602528,0.14184884806164066,-0.24984982509682027
1.8821943499442402,-0.43778482052358836,1.1475854444798466,1.86084117172898,2.514159624297194,0.28670722719620667,0.0769485340829393,-1.1532835640402899,-0.3054713446140102,0.32236719150094995,-0.39890674262147746,0.47164212516689286,-0.004314588662738927,-0.17787051013408384,-0.26277243249231574,-0.48935967542200454,-0.005422199065804656,0.4243214632402888
-0.2974337442043142,0.4911846754891931,0.3822069384450937,-0.8217335205418398,0.7054020903780599,-0.24253752149386443,-0.16212321724781023,-0.07523368350517881,0.584664716895406,1.0863087843845378,0.43032154902889386,0.06850320125378184,-0.1320281129709578,0.30556962871541526,0.8032185075565648,0.244511236977132,-0.7465827418811702,-1.027997927757397
-0.8872827999025489,3.696565676151816,-1.316719859490761,0.6859564774929165,-0.6771076690440817,0.42322779584219006,0.3027113045193087,0.6752587184169201,0.2022806356522584,0.7265536380967191,-0.522448876780925,-0.7526079261448217,-0.09356602503674943,0.15697383315456515,-0.24787919244690626,-0.1593888350170258,0.20039630143956577,0.015240594451446932
-1.7509294699119322,0.09930341926110553,-0.3035328733470189,0.8745987334258978,-0.5282182071250112,-0.9494983176026515,-0.6407029517324666,0.20340189031303896,0.0974458692743204,0.7382597799036855,-0.8099005319278055,0.08384885383777069,0.23660986392941585,1.2775364254500863,-0.21687527257017447,0.612979755925942,-0.5240651460567818,-0.5088960368514929
1.3073730354032316,-1.2768845424310322,-0.42295419986839855,1.4554926314304029,1.4910362174157772,0.2980759843046028,1.573814924612343,0.28793372059550953,-0.7620141689655441,-0.8079393255625023,0.9035241819356656,-0.6680452120683262,0.49553445200451074,0.3891059424123957,-0.05167568098297726,-0.642911579520932,0.06990454637901622,0.48288461426982804
-1.0381811466773203,3.3653240387834504,-1.6866540219782742,0.6629086801431847,-0.5281237386055564,1.3407138010928716,0.30821083053891674,0.19131150299506536,-0.38149687275886107,0.5526061905870459,0.5619796659619354,-0.9669794395771552,-0.026940547061736098,-0.09924007528009987,0.10355434421898263,0.09640705372552333,-0.1879952880056247,0.0366291340919252
1.974137477897229,-1.0055642907605151,-1.7701754122264581,-0.8391346351647667,0.4581683563382735,-0.0013907957485151529,1.4244041812582966,0.5384075304948839,0.07731780621489574,0.5644693771962245,-0.07592012644478091,0.11201824658888088,-0.4192836271466738,0.0654854881208703,0.18027656039752293,-0.2620240793371761,0.30595419296024284,0.33083298534593547
8.10992424062356,0.20122993131776523,-0.7692268256968786,0.8568828903164319,0.08252203247964533,-0.7643708080783344,-0.7994467610920669,0.4249756472554907,0.11340186612056506,0.10281597065942841,-0.002730206135218516,-0.3076195930751818,-0.1339307107537543,0.05880302238130053,-0.06161466610811639,-0.11454977815428868,-0.18563546611236265,-0.0055253837836994335
-1.8805188256536034,-0.8014161565912838,-0.16329086589508068,-0.49609594198130735,0.018973889305306732,-0.09733379225647308,-0.441351789565232,1.0848799355794794,0.17300445776553902,0.23207503192382767,-0.12862307817319202,-0.21469791544129896,0.13362740099333098,0.04539832154804091,0.24617877113837872,0.4769155553950873,-0.4118912639846455,0.3000670014470887
1.5631667339779702,-0.4788315685640594,-1.1739963612478597,0.32768813354020687,-2.1516109069250446,-0.6720368804342776,1.114767577868548,-0.1936987809082834,-1.0876303602692081,0.9992736174987479,0.2525914885363443,0.34648501554028555,-0.12551449634848136,-0.2106756640269251,-0.46049300582565017,0.004480440868387836,0.4861169230814526,0.2532780102623781
-0.3407058331338874,-0.08908411199643118,0.5456405051885542,-0.8980439336005301,0.8664826073026209,-0.16652398968292131,-0.38775114218838735,-0.8251070966432861,0.8680384081478494,-0.21958654079889303,0.44313979439687823,0.8033901153302172,-0.3665516090361075,0.11106551776307949,0.5209079929852181,-0.07000546724669854,0.4648533222336365,0.09579434426445027
0.2686489929220933,0.20387979459574113,1.504431842277264,-0.2448580505704177,0.5044448975325342,0.4832623094462466,-0.2539280082728075,-0.8747975439654341,-0.5639707706790045,0.595286560605972,-0.2928582888043651,0.5982698149738295,0.33645295924215435,1.0673433605281804,0.2540019383320957,-0.7704710993363291,-0.6537655242229296,-0.7886669886639792
-0.8984190248165929,-0.18513543817088363,0.6925937429514246,-1.3926294062718814,0.7506632064187762,-0.3703480477800414,-1.4286563896281141,0.37344802893539436,-0.036586092128627345,-0.45349796675029774,0.5399086604384906,0.6720241007640819,0.3315063665771797,0.263792966401195,0.17035230413691205,0.3249765199948114,0.4096298306622349,0.03750331513031113
-0.6010192597490878,-0.07291042325335817,-0.3806607071602623,0.25795186262473824,-0.5442861390992504,-1.2032618256117456,0.07360952440514551,0.5892085893443686,0.884809467024491,-0.3188785792987112,-0.13137337713835784,-0.09813356540496343,-0.05037019184916386,0.8824841522339114,-0.394428391058923,0.16543022618754616,-0.5746325535449481,-0.35466199674500043
-0.8549527513654923,3.8602629766240364,-1.3507835477619192,0.8861403284459708,-0.8456844781874204,0.4467851818834537,0.3072583477297641,0.40375225748027616,0.03920533404165953,-0.40983108287958225,0.112953536121009,-0.04683041207528432,0.03152451772569376,0.21750013497491516,-0.09752282997007408,-0.09088907486280351,0.30830027779038904,-0.01950098143743273
1.9307750902736156,-0.00881148341818272,2.0907160057679794,-0.9761492171008732,-0.333628582865553,0.7673473853514444,1.880022865028401,-0.7692910492970344,-0.08573928258573996,-0.03798328322032504,0.059750408781687026,-0.28838361472992596,-0.28210295714368966,0.3654612458004014,-0.26478855003945057,0.03856286295315747,-0.2450538479041286,-0.259483560109395
-0.8860750497187571,-1.0050673111123463,-0.6123546542343181,-0.6803917336105378,0.4241544305564123,0.08255813738125899,0.13475651459647686,0.843181676355466,0.08836858041591304,0.22026211378418203,-0.13350110144222044,-0.22692910199120225,0.14065861815005715,0.28563029762412295,-0.11267361397020165,0.14050503373346007,0.20803108821819782,0.15459246978876656
8.063148457715178,-0.9908275386375658,-2.865675945275811,0.8336292134333237,0.4142250784488792,1.0216672424726712,-0.9297746648144256,0.2799194774961628,-0.5217579246308733,-0.01698729054895337,-1.0309513089729725,0.48912871667777613,-0.07587990618478196,0.23263408236855554,-0.4565786637589066,0.0036753415388188215,-0.5677875981792926,-0.0655750849537114
-1.1090143705563367,-0.7145104472625008,-1.1511436452297459,-0.06730236075636988,-0.047580722095480296,-0.32319024555345716,-0.02602557377262285,0.05628993770755872,-1.2610613915395024,-0.26536577320386623,0.11902595775702363,-0.8219581814864836,-0.3853057374817206,-0.42984224120582104,0.46890813916639407,0.37661481809557046,-0.30244820681385376,-0.1409338570316969
0.3919538638282306,-0.5052814418339664,0.31180945014287054,0.8985216144196754,-1.5263776193401337,-0.3943400349900863,1.3757555257357903,-0.622039911869362,0.27704017060630826,0.7921199033296957,-1.2996405205913406,0.2563108800473461,-0.07872015280715172,-0.5164804629832975,-0.11670231888461136,0.3916890068367443,0.13838848260475323,-0.01383290830325451
0.19211394143092886,-0.08062365182501297,0.38922381040791576,0.532323182664079,-1.4679763396976653,-0.3987783572840461,0.4489553215259795,0.05980612684534048,1.0240556478597862,-0.6053318498866506,-0.6636946337899807,0.4123329714236109,-0.10329559701392829,0.2061405025686126,0.6849461228773688,-0.25294572956287975,0.3588346392264393,0.5326146495451651
-0.5453292367362346,0.35258280395172303,0.2104843843721118,-0.1894422792967403,0.13196882504391272,-1.982839389030989,-0.6435466913176158,-1.0120744148367922,0.06274896200342815,0.2915747473122299,-0.617131200816079,-0.8374475141110205,-0.3981847060090481,-0.35569517705673,0.27158541768848043,0.08947732903219907,0.36453774528620786,-0.2625252378198001
-0.8797059450780759,-1.0045562164553508,-0.6473061577214678,-0.2700178604926927,0.22983002379993717,0.21439287213222546,0.08988695876308492,0.25226043568582474,-0.632184111842096,0.8590196020209374,-0.573535678415963,0.7405110487977289,-0.2570221373404453,0.38139526629822107,0.06913763129923944,-0.11681136540254772,-0.00407799564232969,0.15000692279657574
-0.8860750497187571,-1.0050673111123463,-0.6123546542343181,-0.6803917336105378,0.4241544305564123,0.08255813738125899,0.13475651459647686,0.843181676355466,0.08836858041591304,0.22026211378418203,-0.13350110144222044,-0.22692910199120225,0.14065861815005715,0.28563029762412295,-0.11267361397020165,0.14050503373346007,0.20803108821819782,0.15459246978876656
-0.9837769473760041,-1.1913113598756226,-0.9357623976052003,0.26409216954889325,-0.09747148894955103,0.26285065728604906,-0.24508056172414747,-1.1690516752389073,-0.2065226794681097,-0.2683414554848842,0.33136130259425256,0.24981001449531753,0.33378192572929266,0.28376884808382197,-0.3687927939472718,-0.1980565543908136,-0.3084163445687833,0.054205356676932326
-0.377844889915947,-1.024526753137741,-0.8065577746220781,-1.260204526778931,-0.13229085180769265,0.06653482124621839,0.5509442131355735,0.6301618614746474,0.0639588848290437,0.25926822226858315,-0.15699254437179128,-0.23667348177418085,0.1677086203774496,0.2163168734404587,-0.13747016927421568,0.11446202421123103,0.23776009839331536,0.2100478401323394
-0.4962877227222486,4.20450769558328,-0.30626264260316066,-0.41347863901355253,0.448645537058498,0.5370910829012338,-0.10919506730162712,-0.19037690326085524,-0.08632717496535389,0.41913915148336656,0.21544867534887002,-0.35376832753531245,0.016640903305939536,-0.16272953980138083,-0.15758612562281987,-0.2093898939736576,-0.45683080624049116,0.1448573814434353
-0.983176529762373,-0.6275634640308219,-0.9670731087510649,1.1204681036920614,-0.9941915626896097,-1.0107519312973658,-0.1589617257708895,-0.708308283900418,0.1018529543986005,0.6179933319099113,0.11123367109736937,-0.08434119813319924,0.7855974819170485,-0.13589846670485445,0.11727002719151819,-0.25783311068014975,-0.04077061501626833,-0.54571177679115
-0.19873779400932856,0.4125650313362593,0.5374891564810307,-1.0210074258012742,0.9055286763146467,-0.06146860548611431,-0.22295865768539128,-0.3624273920187366,0.49289628754097753,-0.12176279059246328,0.5570143918717354,0.8143307726172471,-0.4620715788780811,1.0369332233396102,0.40668390653879405,0.43634236766359386,-0.017898743712548515,-0.6183815003526676
0.19389189601878454,-0.3165503499717581,0.049775390682484044,0.14752573461376872,-1.2584345180384409,-0.5594427657205775,0.20160497599388472,1.4719255253175225,0.3054277018868918,0.54704889420608,-0.5512416032562283,0.035947091829896805,0.27774353639724136,-0.4670064058579263,0.7274095156318685,-0.2712955138933256,0.05930375671269672,-0.5693085698264257
-0.5240504122160581,-0.1357572407604586,0.3180331925235056,-0.879133325518728,0.7756499808097884,-0.8975289040697522,-0.35004931378909154,-0.34074798841827586,-0.6599363142528276,0.44669189230209894,0.014477191279341273,0.7886027377325062,0.908374807377388,-0.36731329939880625,0.08940210659865067,-0.2381173135938853,-0.8804835463512953,-0.2691315409512224
-0.43940178332887303,-0.010464467843497527,0.3903582871526172,-0.6987700283410959,0.6663560213660341,-0.34759290569067147,-0.3269157017508063,-0.5379133881297282,0.9598068375022781,0.988485034178108,0.3164469515540367,0.05756254396675192,-0.03650814312898426,-0.6202980768611159,0.9174425940029887,-0.26183659793316044,-0.2638306759349854,-0.3138220831402789
2.6515569812852027,-0.4702267944866485,-0.04980485400442891,-0.5526214182754273,-1.0302369846869046,1.2854459282376096,1.4724068820661156,0.13067497627173394,0.27906427823772034,-0.7539057923570535,-0.5646548915917021,0.37378169253718024,-0.3054271972032772,0.3862120410100385,-0.12628415240505803,0.5019568073625129,0.1576466959561854,-0.4564215463623015
-0.8733986242158123,3.7784836004337645,-1.342309893057323,0.26458748211012006,-0.22492981823650998,1.1699240295732616,0.3175102787757992,0.4262523412855604,0.1369287392975055,-0.41651317657913955,-0.35422987189699007,0.080558461180193,0.04711203874975661,0.06468116351043118,0.07363736159253326,0.07197043224629196,-0.14878775114110893,0.2352164348639954
0.7374889325695524,0.4459665733178786,2.6519570481012638,0.5915035912210725,-0.5131209096424544,-0.558134229772161,0.03457928601576611,0.6777938047176888,-0.3287252117975477,0.10467573591452553,0.08807366831121588,-0.13891690251196548,-0.12046899808674921,0.02053048636255117,-0.13092302960099061,-0.11522066095718708,-0.06493384741405284,0.1968510349127101
9.623213010683598,-0.12992969391656284,-2.269044453175646,-1.7911250291171403,-0.9179905086443922,0.8776917437458124,-3.2327906611067774,0.29652637999803216,-0.13184429128703803,0.37357887207077434,0.17494850985952315,0.029575854781489108,-0.30189657090396094,0.39523861895870804,-0.3174038344824129,-0.3145080761231958,-0.1501037490867223,0.23834280341822117
-0.6301463525628681,-0.20874828292448666,-0.2349205308398002,0.42307207187423596,-0.6224070188269196,-0.9219221074453455,0.26595407334430077,1.2349046083127178,0.38629085269550084,0.7256394180131351,-0.07804940861665394,0.2597539547308977,-0.6638068911077322,-0.2811207310761698,-0.3599624990159321,0.26192605483210823,0.2714495725414504,0.11786473808190695
0.99736346092439,0.27253780585368137,0.24377227097585363,-0.5641372411127151,-0.04622480347073178,-1.9390894391799165,1.7101290038289227,-1.1528201296845257,1.06049849771205,0.15762170382191476,0.30478579002789474,-0.08726941090920898,0.04816917124638176,-0.6103176189360707,-0.8416967109703392,0.13180491014394108,0.12948889558035426,0.19131932406994917
-0.16375166318593776,-0.9354913799556679,0.7143504955850035,0.3075302970919011,-0.18649332070949684,1.1193310694709866,0.14684796546124515,0.08440602483566936,0.7040110728773465,-0.48254203112719585,-0.620485331693056,-0.06423013493611285,-0.17710193988474965,0.14214268476276792,0.3267933736528974,-0.5261171024223085,0.0065674204387383694,0.037669023950086145
-0.48046748903756326,4.331200023818486,-0.3276499682104425,-0.3820629465158508,0.4336776184718079,0.5555912707670952,-0.07712660768724149,-0.23132005638319278,-0.05005630887069282,-0.007541709745301189,0.19320352825517406,0.0977113474810744,0.14829287460163088,-0.09956633003224086,0.22917989795241844,0.17317395870658253,-0.0077365506406635864,0.12606664313247762
-1.1749003694075806,-0.8672222446657429,-0.7482370663463611,1.7961309957737372,0.6273291342218176,0.379911971836115,-0.4966684342505099,-0.6346425919973617,-0.08568971242918992,0.7326469908623975,0.3534267677256666,0.4013698785457658,-0.46392411061966965,-0.4942585432487551,0.011206883506426013,0.5176128182063597,-0.46339838887035656,0.0905508351223237
-0.33999700541871286,-0.07802562206923525,0.5957142595853655,-1.1955717072685503,0.9779293059211828,-0.3607121047051961,-0.16821789646475424,0.13863444104204561,-0.008584219879465504,-0.15247686765656385,0.6217246636315696,1.0233196228726418,-0.29723561495850265,0.19167321965678774,0.45694273877993385,0.004997999255632379,0.4412113812547852,0.0926363650004724
-1.3009401015935953,-0.3482013950643099,1.2660616905788282,1.4487781656195702,-1.4696702270726423,-0.056306056787451625,-0.25537753413120456,1.1537804431590764,-0.3841929016052124,-0.3991862301023005,0.8258297644671622,-0.10426160826602354,-0.42619427592018244,-0.09582934843386554,-0.28190076769004707,0.0015977498221255715,-0.13779658369932368,0.006169920277427077
-0.8430742822804079,-0.3609415924523156,-0.7539848168212737,1.2295558436391676,-1.0990513408983793,-0.8915737659227747,-0.1479917992624811,-0.8248505585806585,0.04747053043169132,0.16915968127837736,0.34999010666142394,0.5897931151193985,-0.21666994427214067,0.19128642302158305,-0.05678883117487504,-0.4397076236444563,-0.2540851371629397,0.21067537503676098
-0.9600520817795141,-0.42804321384739197,-0.7854121907015127,-0.4970392512871362,0.27058111686025615,-0.5124802049389288,-0.048794585150126066,0.3321739291203913,-0.778906645577797,-0.8078042791413839,-0.7749384330082058,-0.2258999557455224,-0.4429051229659192,-0.32908421218442996,0.05222513296470643,-0.03038565606390109,-0.7123349255491656,0.07644418205133102
-0.9137949731233017,-1.0636573562245057,-0.8000630074117645,-0.015193650536380457,0.0028408143607490804,0.34439757152229,-0.11441389998543874,-0.5215893636419633,0.5394730838725461,-0.6095553716519139,0.8615817344183174,-0.3049815935895545,0.08347109716133005,0.16484224571362172,-0.2262059487888772,-0.21584236545190927,-0.08832836653717391,0.06330768927210845
-0.5572633192659748,4.085039856468208,-0.4203110704769597,-0.382445348451238,0.44449807636918043,0.5979104030345915,-0.08299197718373429,-0.12780414781122282,-0.11464548566086571,1.0717123105990087,0.0755970181838701,-0.7227359483778293,0.03937635950359997,-0.19301837930367977,0.1395041719900038,0.13478230944759734,-0.09188674900572374,0.08338974179223946
-1.414073169392057,-0.6726083593492349,-0.30368609685691933,-0.6571551120544482,0.3349345271810524,0.16641317684047463,-0.24128383333279294,0.8599328782939819,0.09626716751724389,-0.4308334241004459,0.01724930861426105,0.15503743758131214,0.18270446308230637,0.3511873331690669,-0.4586217687075864,-0.17352735087621415,-0.08795568981561946,0.28927403954654846
-1.6644932886193338,-1.2841794589921662,-0.7862740552604484,0.6141589074015152,0.1568551580905177,0.3662125991787517,-0.5434784841289462,-0.9648196065452197,-0.21917070337268213,0.36120031528803165,0.20684836126684347,-0.10693463430019096,0.33260630045388506,0.3097157824607373,-0.05751857643281616,0.171511711874283,0.03006127151638771,-0.05128673225691088
0.34048259429898375,0.25744138928729154,2.2986367168754596,0.916147156938575,-0.33009287465950404,-0.7123254649390413,-1.0672221696853423,-0.15849823178230557,0.6366347420784282,-0.4142306015465286,-0.06040226186216224,0.1337524341940433,-0.04256622622601819,0.4327574388811488,0.8594076896607914,-0.3344669878373879,0.41330619193761386,0.4558536168843909
-1.5471951909272674,0.22718842375539627,1.1499435029670386,-0.15878254591257668,-0.031152152895814758,-1.6828144187745586,-1.1324800726012052,-0.3566207008622631,1.0769444733645994,0.01853569173936223,0.3131908383193105,-0.08662695598179943,0.12526263067907817,0.09729020924010401,-0.12620166436395042,-0.08278880605536915,-0.07240575352161971,0.06905174274175924
-0.41755583449588823,4.495442266886815,-0.2093988323773634,0.039688450802332784,-0.02932069023313623,-0.23342409523147245,-0.08606021244723917,-0.0858295878238032,0.07988476427423295,0.05627108458624744,0.1425910334425431,0.08499225601496335,0.11653132591315574,0.08617838888333207,-0.0026609301246066086,-0.01979365929775001,0.42559770030507116,-0.05123229593983247
8.61310398065996,0.21905350113549749,-1.5540191983154998,0.6980891065202995,0.3255590256122915,-0.9965551384811164,-1.1786349379788397,0.5376440159560265,0.27460766169645534,0.19657061573856627,0.08448224646662994,-0.057351098725151706,-0.21857830460086203,-0.19035839483580153,-0.042197454360449804,0.2478822711612509,-0.24897901920296323,-0.22156285429553702
-0.5707666985740616,-0.03224367577607201,0.2336159812792098,-1.332080294920109,1.134340871779646,-0.8036002939404429,-0.4637141969492692,-0.414754851011863,-1.0406551671035136,-0.4239225937630895,-0.22278240516238312,-0.1834044686365704,-0.36619982731268425,-0.18139577454445416,-0.13553908730880787,-0.2116716752883284,0.017401054264765237,-0.24586185283994755
-0.4647029547799752,4.291537771851909,-0.2469819189812374,-0.2028472538901604,0.2175062422543551,0.1423846038902803,-0.11379222648903628,-0.12015626848419828,-0.025156152539758225,0.4561973718259653,0.18886182574497878,-0.36346814159242075,-0.0014046892342094441,-0.07234999605293774,-0.28108840041185135,-0.3127098833543704,-0.2535512725135899,0.0504900285485676
-0.36868651195150187,-0.8283633064990281,-0.8091963275930767,-1.2394212756021257,0.07909533028466069,-0.010856615618124857,1.708106990125623,0.32320390095642765,0.06306615200822778,0.30086058224747614,-0.1668920424142853,-0.3234189692934208,0.1902298010944321,0.4175404400159147,-0.19649162730724928,0.1954129776728139,0.16939022538531134,0.12206274180887783
-0.8250994531750308,-0.885599471997274,-0.4983062263605191,-0.7114250241728524,0.42830189124572987,0.02173881724790129,0.10855342447858403,0.7806089209058336,0.11668689111142487,-0.43231104533146014,0.006350555722779483,0.1420385188513145,0.11792316195239677,0.31591913712642195,-0.4097639115830254,-0.20366716968779489,-0.15691296901656954,0.2160601094399625
-0.2525906997342764,0.33527088126719373,0.7930399351745931,-0.38569970034662093,0.13435998201689092,-1.8104558353720772,-0.2406830091419496,0.4582183842670294,0.20218104414016747,0.1844941536616056,0.5190497938501879,0.23322591917023686,0.0626300726049468,-0.39191775142044083,-0.8259083506967065,0.29405958806824734,0.039577821636046395,0.06566580039859987
-1.6356535463306743,-0.09462426529592127,0.9768094467373714,-0.9519826802911577,0.8711027726808094,-0.15911168401589093,-1.1477935750558268,-0.6671634292996342,0.8105686464734154,-0.06452214407039611,0.38627121327338276,-0.0555890657699572,0.12849173272379266,0.3765778080398421,-0.191896048368286,-0.020104113885492825,-0.11388187042388576,-0.0719362459159279
-0.5714755262892361,-0.04330216570326795,0.18354222688239852,-1.034552521252089,1.0228941731610839,-0.6094121789181681,-0.6832474426729022,-1.3784963886971948,-0.16403253907619864,-0.4910322669054187,-0.4013672743970747,-0.40333397617899497,-0.43551582139028916,-0.26200347643816235,-0.07157383310352367,-0.28667514179065934,0.04104299524361654,-0.24270387357596962
0.7481334154290902,0.4227408528495925,2.4625869568084227,-0.06667351569579809,0.29504836356983594,1.1084986103067653,-0.0034969914721477563,-0.08460053756164229,-0.13589644614987986,-0.0677654021916809,0.1263105612742208,-0.31584819841433426,-0.2559528297675636,0.5989326613142644,-0.23334985940481234,-0.011786971692436254,-0.23515405986865806,0.01919282634468883
5.057189274394748,0.3524204580757867,0.7249865675322489,0.5609690851437431,-0.2899955429459156,-0.7657424105691345,0.7207484795095375,-0.025823687445923754,0.14519574174076944,0.09329440252126478,-0.004501887919630854,-0.3462571645896915,-0.20083991448562905,0.17758371280914975,-0.14412290695451108,-0.039775168001330685,-0.2405490727023301,-0.09639813575030917
-0.2633615069376206,-0.05191682919475671,0.752797236517367,-1.0686885987070838,0.9271257659985693,-0.1628276561386915,-0.16838356447402647,0.210910236783562,-0.02747569655232418,0.3520038706293249,0.6851479179545144,0.7110203789638048,-0.5999571706370989,-0.3516765240002742,-0.5475792134480509,-0.013022889530459436,0.08900602299930427,0.02853631059421985
-1.152977519442028,-1.2470922739115775,0.0028136736361819015,0.41189407682187573,-0.8992695076569187,0.971846075486342,0.15587915575152855,-1.1298445602259426,-0.4637632492437988,0.5089280950461869,0.10833785641736982,-0.013597221347945887,-0.07115651442623916,0.33365252957557856,0.3398829741249776,-0.38436970018439476,0.14978316852298268,0.1368522792271401
4.6764823595468465,0.07626426502451378,-1.6655494681831793,-1.9842791814581489,-1.225062549348596,-1.9697066943793455,-1.2444749884954847,0.38330026480525975,0.09617612394009327,-0.17210047025320915,0.3871983351561783,0.5816693636068784,0.5271802619895578,-0.20903940527806253,0.2100980067939887,0.13167567308737066,0.5357521232796646,0.4303034271616843
-1.3855386973726778,-0.9942944188050868,-0.456868524522726,-0.44614567523637516,-0.004947187922069066,0.4794968428223748,-1.2476626858152726,0.16824004574551102,0.9625845394348114,0.14970009428637765,-0.30363783824738616,-0.38607769794312014,0.05178778970662634,0.254336535628811,-0.011479045878793503,0.11015193801131634,0.20764855627711587,0.10733699654883194
-0.4836448124773339,0.4831091329939914,0.37460656664272207,-0.5180033435270748,0.2475629843517922,-2.2378468241866214,-0.4502165357118756,-0.1109056326010929,-0.785555355328375,-0.2938887386610831,-0.2986946744163874,-0.24855038572607918,-0.3516041681291036,-0.24479863566072285,-0.08947013412962762,-0.17969140788672494,-0.024048252927410918,-0.20421557743258217
2.2416288382001612,0.10350130054580808,1.9274824349485862,-1.0119280101014567,-0.4362124295210646,0.8091729884800046,1.6899367774607603,-0.7645542628152673,-0.05815678547137035,-0.4553947673689085,0.0349968413640786,0.17187385617203793,-0.14155918692836766,0.4091436224577385,0.12954159619811229,0.41076989356846255,0.20990962861002027,-0.2606209338952401
-0.8104327985405481,-0.8879607027314294,-0.5616805219248433,-0.25177590690994633,0.21869562849167545,0.49012790139074114,0.0010203747781605543,-0.06401879040256295,0.9904342795258747,0.45069601271157855,-0.22190011582658992,-0.03421006682956784,-0.5766489599860127,0.18186096203431257,0.27568973066291824,-0.20960064296597436,0.23965192336813101,0.16226723465572973
-0.8867838774339316,-1.0161258010395418,-0.6624284086311294,-0.38286395994251776,0.31270773193785034,0.27674625240353373,-0.08477673112715624,-0.12055986132986576,0.9649912084432279,0.15315244064185285,-0.3120859706769121,-0.4468586095336268,0.07134262407245229,0.20502259573041481,-0.04870835976491744,0.06550156723112915,0.23167302919704913,0.15775044905274443
-0.28748173402705707,0.7233161430267601,0.7331254584674405,-0.36583544521229405,0.1549710240290456,-1.6973178010933105,-0.22311926399144258,0.48911052728215637,0.12554460070756135,0.2060037258600207,0.5402874730136207,0.1322121902565026,0.14268396215841717,-0.29159418634968953,-0.8710581942523319,0.1865836561950876,0.12133873169433651,0.4433727650694606
-0.878669085528454,-0.8734071889164945,-0.7827840310946861,0.36252905609210395,-0.27223042304894357,0.2983888582833616,-0.03602529292633008,-0.338327583109651,0.6032976359563549,0.14590744597649327,0.7581855567889073,-0.560111384132592,-0.040387490825275096,-0.6575690588592471,-0.20356482319540042,0.7753623475482119,-0.2151801912715452,0.13210550006346305
3.684474311661365,-0.7578587926270399,-2.1941695492506232,2.3931276539896853,0.15544672770095908,-0.9882128842599474,1.286068819445953,-1.0100530282412459,-0.27057598070177846,0.5432885677911662,-0.036303264805879865,-0.49577083762621593,0.4810985911012249,-0.19434541240851017,-0.5789262365071768,-0.1456668876698317,0.4227183109948831,0.5285855585229424
-0.8812795789296191,-0.66726129191252,-0.8080723534092011,1.2402904645368134,-1.082408940512897,-0.8971949038395644,-0.1195827044635441,-0.7460886304512018,0.045701892694163984,0.81180913080249,0.20578323102557072,0.22834501926735082,-0.27687854294793146,0.16691551376915204,0.29876454727256774,-0.09700629376505876,0.023057299644889895,0.03890077803608699
-0.8876486835703002,-0.6677723865695158,-0.7731208499220514,0.8299165914189681,-0.888084533756422,-1.0290296385905306,-0.07471314863015222,-0.15516738978156058,0.7662545849521727,0.17305164256573455,0.6458178079993133,-0.7390951315215801,0.12080221254257112,0.07115054509505381,0.11695330200312687,0.16031010537094909,0.2351663835054174,0.04348632502827793
-0.8258082808902053,-0.8966579619244694,-0.5483799807573304,-0.4138972505048323,0.31685519262716794,0.21592693227017606,-0.1109798212450491,-0.1831326167794982,0.9933095191387398,-0.4994207184737893,-0.1722343135119121,-0.07789098869111005,0.04860716787479186,0.2353114352327138,-0.3457986573777412,-0.27867063619012583,-0.13327102803771823,0.21921808870394038
-0.21676794086217088,-0.13797386105116938,0.31290954069560706,1.169088944348145,-1.0662990168822788,-0.40519917224308477,0.20047387413132253,0.21312185200542405,-0.11700905499962555,0.8293665801990467,-1.1967364240880962,0.17037091981693997,-0.0981251916285506,1.0109944247153115,0.34701085287270184,0.1178930242315937,-0.27458931860567004,-0.43459923831149727
-0.8593405350686818,-0.8623560227664828,-0.5213409774582064,-0.25552227032429964,0.0498123043015221,0.6324908856593736,-0.972259247015764,0.1431672459267285,0.9745442708440093,0.23501696697924235,-0.26583671496536426,-0.2642596559842844,-0.10493664624545859,-0.26005799334881646,-0.6358481856079375,0.44549529371967594,0.3165374849525041,0.06089151557076805
-0.4764853790193225,-1.007179578512509,0.07524832476391263,0.22078825514319966,-0.22878821259269516,0.8035115793089838,0.24659312367481637,0.6199316568270627,-0.5467153683337169,-0.7115800786744383,0.8744452338739874,-0.2416744159633158,0.2834494965567279,-0.37029026277337224,-0.697995005264854,0.2116455530701266,0.06641319046265703,-0.21950452217375535
-0.4816071832087202,-0.8902804675064633,-0.6437588711444275,-0.7601628751985742,0.17362792814046862,0.2540172071215969,0.5649571158037405,0.7723841601619281,0.1052559239749951,0.5321263091521757,-0.05381237369364339,0.17230052066870596,-0.49303668138485224,0.22749598307944907,0.1972143120723444,-0.15082793934513292,0.23292102195693143,0.18688198392890826
-0.43216831799678174,-0.33288304861255313,0.5163536984863613,-1.3580754527988232,1.0869093279540478,-0.592593941558265,-0.28608346198445667,0.12303652323708039,-0.07029815705677345,-0.023339578497621777,0.5537839558749436,0.1591914051521959,0.21910399780427092,0.15167164358374996,-0.25422137522314026,-0.10246364322750429,-0.015861768516124253,0.10691031770844478
0.5039353102308092,0.25798863894140345,2.7401014903907166,1.0892852881171033,-0.09126496821852427,-0.5768754445168649,-0.8178568839688157,1.0001663258545368,-0.3027519568654185,0.02765390648061397,0.11355782303723205,-0.07623600377199297,-0.1582588109931436,-0.14025001935132425,-0.07134894598987118,-0.18963092328132844,-0.009043060529287383,0.2532630617532527
-0.7131777353517714,-0.44918913733898447,-0.3883661477769234,-0.33331991560898055,0.14241019593866477,-0.06658902825852335,0.19280740103418548,0.8603547928661759,0.24510061998540655,-0.7561022480473628,0.02056088816467333,0.7073560241671806,0.10298108906382258,-0.4130401181750078,-0.29744706002713406,0.8259291925713113,-0.19961459538588067,0.3275348215715555
-0.901629868084583,-0.5535397374061068,-0.5298606085622786,1.4758162749551347,-0.6806563416578926,-1.133342881131838,-0.11787513031586719,-0.9316823314052096,-0.0029561022724304137,-0.6113954513320171,0.32326083863915267,0.5511172982702945,0.5160536999548019,0.3184218745369126,0.16203998331224012,0.15149396406647703,0.052606969571966866,0.21604623251139016
-0.9636978337523106,-0.5849600991607928,-0.7810439435676705,-0.685429866294138,0.47573343507132787,-0.1892675351342767,-0.06907731048622844,0.24281754665689018,-0.8536701189353153,-0.8328940605969279,-0.7702158053145471,-0.2005573549374518,-0.4673806631645585,-0.017148281001782062,-0.291081623668693,-0.31287520174861894,-0.1236501462356801,-0.1367120611084298
-0.8063422952327235,-0.6130487483758642,-0.5741355534984545,-0.19409094300012897,0.09673495582940626,-0.08878554966861472,-0.05862863629456107,-0.13471938743833464,1.104343858590919,-0.901011798246913,-0.19920208829926672,0.3482460855172062,0.20473467936912249,-0.013461286180793952,0.38427412283089657,0.3863827621748322,-0.27286155175137605,0.4135835935527436
-0.39991700018324555,0.17044959481440247,0.4501838136523444,0.06423078484520632,-0.02659547998935781,-1.8956990831525484,-0.5907172485950191,-1.2252612607567628,0.3516993854996854,-0.04588234159958268,-0.2531787615315131,0.8803872636215213,0.5463464627739005,0.1897508927131133,0.09999201057816787,0.25486282141310396,0.19533714283876924,0.12382150147365412
-0.7226020847286456,-0.36154940403417046,-0.3706161821645198,0.26477327081506763,-0.5566355603176162,-1.138306743877712,0.23405128173918732,1.2035719656935389,0.36891146327369845,0.6478395409559141,-0.11922751584590247,0.12057352362334778,-0.4927373067248272,0.199065802811752,0.2577934296368143,-0.10261690906204007,0.17456067519710372,0.2007555307991173
0.3332945362385529,-0.965500795969455,-0.2484961114303872,3.0098079768975876,2.9555987584177967,0.43497344077346983,0.659419512149824,0.8914894442722434,-0.5444087662050683,-0.9870632208279195,1.0625602384735657,0.29728345736331796,-0.1281681850065782,0.46329448653288774,0.7177852823448776,-0.34594120725099664,0.43951211537368917,0.11157432132009842
-0.8213392409575242,-0.9108562351148224,-0.6643673560870448,0.14310515052278783,-0.0629306441485543,0.5607822079546562,-0.08251110838032533,-0.49025672102278456,0.5568524732943485,-0.5317554945946928,0.9027598416475657,-0.16580116248200455,-0.08759848722157482,-0.3153442881743002,-0.8439618774416238,0.1487005984422391,0.008560530807172562,-0.01958310344510178
-1.0577694533411102,-1.0401488410851798,-0.6300753529097484,-0.7412112329412733,-0.24512457103052276,0.0818031981614876,1.0148408544961196,0.12797503100168003,-0.3415322997975618,-0.5252476688359226,1.022376159376021,-0.11404335705359397,0.15969369677364553,0.22100570824195453,-0.3313523187101423,-0.14204917646688475,-0.09501803669826903,0.07370699101347994
8.020743581077138,-0.5698171345496434,-1.927332177931829,0.07560836426707933,1.736467540927594,0.039933020303045366,-1.118946132699585,-0.42814372121773986,0.47953596415581196,-0.6997812496752664,0.005536198767241374,0.0835976121922472,0.7360320464704678,-0.9169005746392492,0.11653756869118609,0.32828498076563056,0.5764067009488626,0.5072030796482079
-0.8554287679394538,0.19974776096437252,1.9346622214790596,-0.30483494645387677,0.2410612551635734,0.2466882785795318,-0.848400939358212,-0.3730366583911307,0.8023022825485198,-0.5841599213720289,0.0626630444178678,0.3666182856931221,0.897319341863318,-1.1918276110243986,0.5002844220165563,0.6810390640401935,-0.24098931279422958,-0.49383047524231655
-0.8804689439268396,3.815071839850977,-1.3597581474176796,0.9656246995135774,-0.7882404302517545,0.29936174933845283,0.17791001227709285,-0.07571950175199407,-0.4791259508982246,-0.011486466080561197,-0.9350627985336857,0.622630977798954,0.2656613186292438,0.3693524847962043,-0.3007903116428864,-0.10321137469694491,0.06445852177301659,0.04881516319650897
5.44187167719363,0.39392937768171354,-0.2919792229950424,1.0830532833826967,1.2108060646953391,-1.3509281259204056,1.0341231172071066,0.11282902513735718,0.41352658636934014,0.14489582079519878,0.09729484602683902,-0.24018948917390032,0.3100208326937022,0.08030808501698139,0.5992916176990682,-0.668101644510265,-0.609922944765148,-0.5630965526750629
-1.077616818557874,-0.424452391885078,-1.1603464423842849,0.21749297226060316,-0.1627824498118448,-0.11724055924832426,-0.25945254285097386,-0.9724588520332864,-0.37560864037961833,-0.942537850188435,0.056779556223136574,-0.673837030487932,-0.445798663426864,-0.4725709134174002,0.25665351184286955,-0.1004427685207594,-0.6175455311664231,0.010764282241929768
-1.0246734302960367,-0.7044279382758651,-0.8950923714414696,-0.6543965757318235,0.4715859743820103,-0.12844821500091896,-0.04287422036833559,0.30539030210652257,-0.8819884296308271,-0.18032090148128563,-0.9100674624795471,-0.5695249757799685,-0.4446452069668981,-0.047437120504081,0.006008673944130738,0.03129700167263599,0.24129391099908737,-0.19817970075962568
-0.7107791016616147,0.1864462383593053,1.3916000391514654,0.3906996097049138,-0.22610150406466772,-1.4574219972040838,-0.8453950808984606,-1.0947758909196332,0.12080096631774982,0.34262182064377367,-0.497530086826383,0.27039216036582153,0.5884919736564682,0.26923310750359186,-0.02190254459970664,-0.16874712737845052,-0.23329227215649817,0.3343535043661588
-0.6420460422827277,-0.140645999801442,-0.44401620962452837,1.119685847446095,-1.0586885536092727,-0.6415824854384533,0.04885211837677081,-0.17080958480704891,0.873666222246795,-0.5308589286516286,0.8947882801501879,0.6331811381489323,-0.5893424408007679,-0.3387455732175312,-0.0867288102593694,0.28814250832697913,0.4241843733859061,0.007789219254291158
8.387820677682228,-0.33180622404689175,-1.085454219328199,-0.037111770532521945,0.8647513797821377,0.6977972510949048,-1.0854613982214947,0.17755992582289834,-0.1514662072880109,-0.01733868935537461,0.0702624870472422,-0.23139465135322462,-0.13809686773323204,0.10026116661570694,-0.09788962171250809,-0.1569960914627519,-0.13666462304193883,-0.028804814851926375
-1.8521473151582597,-0.549121801252719,0.2781406146601608,-0.3354265031112825,0.14725691888681475,0.6017276462971823,-0.4181713347279039,1.0495774973044512,0.17492471524964454,-0.07793764362367525,0.15158223155822648,0.7333040468539218,-0.7401254585475752,-0.09803753089342498,-0.6849665653020639,-0.051581708651323444,-0.09065487298579461,0.05514623433812077
-0.13173704567745514,0.6079710984394754,0.7347471043929041,-0.25761051296866133,0.020309194162892605,-1.6042129354307046,-0.2352302561525784,-0.0118227373970817,0.7232674899389395,0.3876364596048529,0.5062458778641283,0.33166786359997685,-0.5971809400557546,0.6950750249951373,0.08551223572879779,-0.008468457549266728,-0.42560245887342096,-0.45929500287353286
-0.8765759476555829,-0.06960729039072944,-0.6400533582041583,0.1286470850988961,-0.4110444523565257,-1.623514065380455,-0.055579649248834836,0.5466667650676602,-0.5985703071601766,-0.7028602054949215,-0.8461280745685515,-0.2657032720269606,-0.4527850039809779,-0.08055114211805076,-0.24501267048951275,-0.2808949343470155,-0.1650994534278562,-0.09506578570106441
-0.41679283564712444,-0.3241857894195126,0.5030531573188484,-1.1959541092039374,0.9887497638185553,-0.3183929724376998,-0.17408326596124704,0.24215034961401558,-0.0731733966696384,0.9267771526877461,0.5041181535602659,0.2028723270137381,-0.40615213005653356,0.09822117038534883,0.3672670128175193,-0.033393650003352815,0.3570611828897251,0.04995946366023418
-1.036573120015896,-0.6363256551528205,-1.1041880502261978,0.042217199840035566,0.03530443959965694,0.15189140700597348,-0.2599761753358656,-1.1003238910132442,-0.39461306007953284,-1.4368192481460493,0.06277022628729467,-0.19609779236193398,-0.37018075665993383,-0.10506196264544249,0.27924236270069347,0.05751345516750683,0.39402871184354304,-0.30825521958724145
0.6440183633713468,-0.3488268112488726,1.8664877444111638,-0.24138389964902707,0.5830255983516572,0.7465401866021707,-1.1592450020788532,0.7452006478485189,-0.45223887812317165,0.6450776684366868,0.13844602575606269,-0.12780064104827754,-0.09995197771775433,-0.42365431392207414,0.21649988052765468,0.1728537440152465,0.4003970917848033,0.12038496001366694
-0.15476522770900392,-0.3775035645484621,-1.0331436202809383,0.8560897778349139,-0.7477963441375377,-0.90109446721211,-0.49073765247614853,1.067587886225614,-0.12123404793427532,0.550449227625734,0.9245761998109217,-0.09223568902425278,-0.3616134661010778,0.09960392415889086,0.3510806126183199,-0.05942836869301793,0.3114833035151534,0.1800029700772629
9.78460516414357,-0.07277437362683847,-1.7628347717040755,-1.4436186998402272,-1.0303497242749518,1.187335916539851,-3.0001553440584563,0.36883548266743876,-0.2108296683402397,-0.2925649478784985,0.0042060926082524985,0.2988073781118659,0.06752632811133885,0.24827204113082568,0.31225573355114655,0.3005677669734162,0.2719550866451327,-0.052114505287552904
-0.4265080410712751,-0.3434304438827531,0.4313284406024003,-0.6501738060129582,0.7811382225790108,-0.2665710917850237,-0.5504862635414818,-1.4316262551178927,0.08577177871253248,0.5483082365968043,-0.06483549033349045,0.9067020483987025,-0.2478927517638364,0.16682891036413983,-0.00844487574841496,-0.43478350886584305,-0.20432891139780046,0.10548274998023183
-0.8733986242158123,3.7784836004337645,-1.342309893057323,0.26458748211012006,-0.22492981823650998,1.1699240295732616,0.3175102787757992,0.4262523412855604,0.1369287392975055,-0.41651317657913955,-0.35422987189699007,0.080558461180193,0.04711203874975661,0.06468116351043118,0.07363736159253326,0.07197043224629196,-0.14878775114110893,0.2352164348639954
0.7331880284893835,0.2527121598862365,2.6868370850423426,0.5722392451583528,-0.5265304229530451,-0.6481318416047112,0.04087848592557104,0.6836060878062362,-0.31718295508006294,0.05736026978116762,0.09097227646391715,-0.10495421942333999,-0.13852204715231203,-0.19476164109651378,-0.1113976300149288,-0.20944790089141072,0.017906000217078444,0.29550051867352195
-1.7942961462049032,-0.5268187039628569,-0.02217986738187272,-0.37008515951614207,0.08084178680674335,0.63877642909101,-0.33140328943301733,0.5377053209071834,0.6403113365901286,0.48409882567882734,-0.09448249230587463,0.0445876160523353,-0.7254311689376536,0.9722237794896441,0.19335825552790364,0.260700809090979,-0.19396165786020053,-0.5282183532893765
-0.48046748903756326,4.331200023818486,-0.3276499682104425,-0.3820629465158508,0.4336776184718079,0.5555912707670952,-0.07712660768724149,-0.23132005638319278,-0.05005630887069282,-0.007541709745301189,0.19320352825517406,0.0977113474810744,0.14829287460163088,-0.09956633003224086,0.22917989795241844,0.17317395870658253,-0.0077365506406635864,0.12606664313247762
-0.06450287936995025,-0.3683403069093998,2.3894082009680453,0.8955970927798406,0.7980694200346098,0.84586738141258,-0.9288517328948936,-1.0050361957353273,-0.3637234678886843,0.2223833995776427,-0.48743518512242345,0.4593670246590781,0.06770388790085613,-0.1919823706044559,-0.12367461290764625,-0.26090509465460454,-0.08217997722080228,0.1594277943847598
-0.9485864277827998,-0.4693262608527837,-0.8525050235717636,-0.35648640012841626,0.3493188178660758,0.023420767753859525,-0.2565420965954759,-0.7618671441507792,0.05922337518666075,-1.3266845949679247,-0.9710458216429347,0.030992812536510483,-0.405044685946472,-0.034592773126350285,0.15964965411182952,-0.00531481557070973,0.3490860503429988,-0.15234482015540948
-0.6201504693558825,-0.15418680866192824,-0.8860843682421129,1.247786096806645,-1.3050798491837918,-0.5913325288771154,0.34575346813196295,-0.8773303813695319,0.010717891342852573,0.9545068307905497,0.21804579510660704,0.342251793572524,-0.32184807786848807,-0.3415299619092419,-0.3742774567271265,0.19641921285186598,0.24846868075443806,0.17805627014638964
-0.556095508544324,-0.26278185298506274,-0.5305612925920853,-1.448028122420531,-0.4901274657625635,0.23270894725560937,1.6073642305342524,-0.32776655251363657,0.6356219819394758,-0.784135458224755,-0.11926647813749541,0.3388804328878017,0.10961738961174022,1.1528416219367927,-0.14454614798949272,0.5979611098592681,-0.12457289091947832,-0.46887886236735565
-0.3369309688802887,0.606111259672275,3.2089015584679883,0.8168398333398356,-0.7301099358354394,-0.2895894235306308,-0.6434407428231929,0.3677104060711654,0.21162624127822371,0.019370522148107222,0.043131347642616,-0.24086866688121217,-0.36076038020588963,0.5254279740179802,-0.12424559043437494,0.19080498349244573,-0.39718647237460586,-0.40022292204634524
-0.6708451727708258,0.6383570353409803,0.8235953605390562,0.1281788135185647,0.5504175562671163,-1.7205518536484952,-0.4750923829163367,0.5979280743388911,0.23552265009261714,-0.03709196863340078,0.5690244245797424,0.9547185821551927,-0.2184371047025826,0.16680864319494426,0.4619856230924615,0.044851902130849386,0.461982170248581,0.21947950835354307
-1.5451150190428675,-0.946898290968148,-0.4763762066299314,-0.3942684480113833,-0.23437592611620767,-0.19371115865696864,-0.47887153325324927,0.38127918436773117,-0.5824762862598795,0.5859219729330396,-0.667106998368075,0.33708363212508585,0.39809495712786225,0.13245734417299238,0.09946516168833852,0.48143313829540896,-0.6165375949853256,0.31457387606744874
-0.974770569667028,-1.183125195339578,-0.9141114352855635,0.015839640025934063,-0.0013066463285685143,0.40521689165564767,-0.08821080986754587,-0.45901660819233087,0.5111547731770343,0.04301778746372828,0.7217300772533173,-0.6739492144320713,0.10620655335899049,0.13455340621132272,0.07088434882394651,0.12832983796934577,0.2766156906975934,0.0018400496209124984
2.4076059832429655,0.48783235361945954,2.0450248776846056,-0.24227866519373087,-1.3258997520941032,-0.6385797051009275,1.606284901637351,-0.4053217830816072,0.16049257036126163,0.10006970476535573,-0.018986362098746434,-0.3413525503840538,-0.25728170012941637,0.2820616763817059,-0.20757001141286707,0.06310442522990889,-0.278059016158479,-0.20375588956836932
0.579492623399733,0.08737977877645009,2.3789324670072443,0.6117958572323349,-0.49316147820281914,-0.8652098241361484,-0.26428619769410666,-0.4089523165479146,0.5528880785374637,-0.8117737137167762,-0.24122170194404127,-0.42523302576098626,0.7428750985071445,0.29114203436294206,0.6326914859905044,0.008671731589453613,0.3857744052803288,0.3582417667407671
-0.7936193175529795,-0.8522661900026625,-0.4766590029095984,-0.5220929325513696,0.35838297204710884,0.2989427738136251,0.16665930620159028,0.8745143189746449,0.10574796983771544,0.29806199084140317,-0.09232299421297202,-0.08774867088365229,-0.03041096623284767,-0.1945562362637988,-0.7304295426229482,0.5050479976276083,0.3049199855625445,0.07170167707155634
-1.5494916473034972,-1.1341789701180793,-0.678387114641378,0.8592977620931628,0.1252335336496479,0.6292661966232094,-0.9219781529569296,-0.8112668686619826,-0.20282051782457916,0.43643038324407046,0.2530429099683147,0.04845379349610485,0.15906083293395734,-0.16226841038570056,-0.6592493460890362,0.5392967035499612,0.12057502675747478,-0.1395747309926327
-1.0124832694400083,-0.6745531978629333,0.45462731347075813,-0.10022405577139022,-0.04527003637475803,0.24504400931891623,-0.24598034024399354,1.1818117444643486,0.1099877565226408,-1.0756159648300996,-0.423885926990631,0.3948127024119819,0.5890971626180027,-0.17987519766631827,0.6615127641166909,0.7681627410673362,-0.40066740125855027,0.15057236633773924
-0.8104869696741372,3.9427258435020933,-1.2240587572242436,0.6863388794283037,-0.6879281269414542,0.3809086635746938,0.3085766740158016,0.57174280984495,0.2668698124424313,-0.3527003822475909,-0.40484236670962104,0.06783936971408194,0.015350490061281474,0.25042588242600405,-0.15820346648449174,-0.12099718575804058,0.2845464998046259,0.0579174957916852
-0.9740617419518535,-1.1720667054123826,-0.8640376808887522,-0.281688133642086,0.11014005228999339,0.21102877663337294,0.13132243585608722,0.504724929493001,-0.3654678548502806,0.11012746060605746,0.9003149464880089,-0.4540197068896467,0.17552254743659534,0.21516110810503086,0.006919094618662303,0.2033333044716767,0.2529737497187421,-0.0013179296430653742
-0.8221625289174088,-0.7397410766110692,-0.5527482278911726,-0.22550663549783057,0.11170287441609632,-0.10728573753447616,-0.09069709590894671,-0.0937762343159971,1.068072992496258,-0.47433093701824525,-0.1769569412055707,-0.10323358949918066,0.07308270807343115,-0.07662449594993392,-0.0024919007443416907,0.0038189094945920155,-0.7219558073512036,0.4323743318637013
-0.8097239708253735,-0.8769022128042334,-0.511606767528032,-0.5493036805779664,0.33014232711023733,0.2959397863684664,0.22055362050179367,0.8997227472827689,0.11381165149855992,0.5178056858539077,-0.04331524659189828,0.1857194407128567,-0.5073329659084078,0.2624686639280208,0.21172447645763404,-0.1345971764636434,0.2160099823892797,0.15910925539175186
0.8701463358185986,0.5500483998600891,2.6634920188790874,0.7275391805629093,-0.6123405658701718,-0.43888595421817955,-0.007563075385261117,0.18835653783400105,0.1958398090578648,0.04075888071191017,0.029160612856784007,-0.279980386590109,-0.3214110601374533,0.43520623512724455,-0.14213106267000675,0.12766922758232696,-0.35836427711912416,-0.3168678629188064
-0.8374438942299182,-0.9354922579163933,-0.6993151207054784,0.115894402496191,-0.09117128908542581,0.5577792205094975,-0.02861679408012191,-0.46504829271466047,0.5649161549551929,-0.31201179958218817,0.9517675892686395,0.10766694911450442,-0.564520486897135,0.14168061201751947,0.09819214163895851,-0.4909445756490127,-0.08034947236609202,0.06782447487509374
0.345657734700898,-0.1426199828157113,2.076882841610911,-0.5772896621847021,0.6116090155843401,0.3787939995920985,-0.08696251214300958,0.282026837632155,-0.636866642001791,-0.36737265266126473,0.08526331397595155,-0.5443204300628617,0.814224019577816,0.3017386971466173,0.17250672622214192,-0.4246296668745222,0.12557786485402678,0.6745869078385318
0.3784813027782008,-0.22538194239190035,1.9313793251255056,0.19546466943155888,0.2967562877070284,0.6704619091637439,-0.3623580940317995,-1.3851078503703094,-0.29805471317913923,-0.050214588544141486,-0.45990947075045663,1.0080903319811358,0.10472157630598944,-0.07502312490063806,0.10085920499168355,0.010383742953338049,0.4416747998011893,0.31881381907394585
4.862700835456636,0.3655244331546009,0.847936174737097,-0.3492862860525877,-1.4674648519271716,-0.5518117497563105,0.11533248104647299,-0.0350175612617811,0.10399228384242591,0.1554749435681952,-0.02848058099476275,-0.2973615899939986,-0.18811613117734105,0.13220674466192694,-0.14838949680471553,-0.03859781322094874,-0.23564011614143004,-0.055817179931215655
-0.493143914540508,-0.4523508877276252,0.40230527061256227,-1.3270421622365087,1.0827618672647303,-0.5317746214249072,-0.2598803718665639,0.1856092786867127,-0.09861646775228528,0.6292335806180204,0.41393229870994364,-0.20977621569032084,0.2418394540019313,0.12138280408145097,0.042868922389683484,0.2417085601937507,0.3490822887186432,0.045442678057248886
6.966786627057885,0.2555361611674567,-0.22300411428115074,1.074957843373123,0.3713771994926463,-0.8424310306448491,0.03062078233871908,0.2490642025402094,0.1341686696736648,0.0877893795135343,0.0045718265809334135,-0.3445096995665145,-0.16086973214978428,0.1059255187689293,-0.09664892025012495,-0.10528161793122959,-0.21179535939606847,-0.028255068541127304
-0.9566264440778417,-0.2677004322547898,2.3893885887607533,-0.5817058855822145,0.5571994386817906,0.39910501764790796,-0.7291968575876123,0.46735438155496395,-0.35622158146740296,-0.24444084809491437,0.20614874467180333,-0.022667977458518174,0.42187890912978476,-0.40435106924173747,-0.3812242084918844,0.4970153007194266,0.026296706845695517,-0.11576531760033235
-0.41755583449588823,4.495442266886815,-0.2093988323773634,0.039688450802332784,-0.02932069023313623,-0.23342409523147245,-0.08606021244723917,-0.0858295878238032,0.07988476427423295,0.05627108458624744,0.1425910334425431,0.08499225601496335,0.11653132591315574,0.08617838888333207,-0.0026609301246066086,-0.01979365929775001,0.42559770030507116,-0.05123229593983247
-0.9411989662033908,-0.6666141686601845,-0.7938587478982337,-0.3532974178434305,0.29901051652784266,0.44915176534915546,-0.02604927976600975,-0.028672940457659918,1.0270971536673685,0.2993909690924025,-0.33996286521898655,-0.3478132465316585,0.5173855892090893,-0.11336282825986382,0.11506562666588349,-0.4283093765738094,0.20202880061031958,-0.3352727998130545
0.06350506114128024,-0.9117676700656319,0.641710085911606,0.4502428489217835,-0.31698380876349613,1.412604861431288,0.05606333134903227,0.2086753383055964,0.6866871840782156,0.2549854275616656,-0.7209395238044243,-0.2883309471285103,-0.31917476202890416,-0.38262200625748266,0.01087200263409388,0.1742429860091838,0.47213078638067774,-0.09278106365128816
-0.26906372111456495,0.36033816101629024,0.5199507898128191,-0.35766527543891824,0.11017383691974995,-1.756775264284554,-0.2948242719400024,-0.005791052874752095,0.6695061081607809,0.7426660466507693,0.27620836584880637,-0.44994829994659874,0.07354610020037083,0.6879478191889404,0.05820444291378585,0.6108059560690917,-0.06863729580973543,-0.525279428127714
0.3905636256071563,-0.3732372646048814,2.097477567697071,0.0016105708058181262,0.19152124860463865,0.07427803025964598,-0.12911308779080607,-0.2504301635891121,-1.2060194174696757,0.27496504483261935,-0.3807315698548823,0.4987908488317328,0.3609649147324824,-0.01475583043268347,0.7427745716806073,-0.2919805884526522,-0.7569769083782765,0.5054506393352411
0.7830244497218708,0.03469559109002662,2.5225014335155755,-0.08653777083012475,0.27443732155768125,0.9953605760279982,-0.02106073662265477,-0.1154926805767694,-0.059260002717273746,-0.0892749743900961,0.10507288211078825,-0.21483446950059998,-0.33600671932103393,0.49860909624351313,-0.188200015849187,0.09568896018072359,-0.3169149699269482,-0.35851413832617185
-0.8497840496601472,-0.6160927335644459,-0.7438061625474757,-0.13191682876285982,-0.002594998840674087,0.4546721847693,0.23529427802107186,0.45531559524245296,-0.2949237945404035,-0.6290722323951242,1.0845941219454394,0.7781591693717753,-0.33199399719371675,0.29304171386019773,0.4418633270929273,-0.09125917315918564,0.37130763415823087,0.1329482776586109
1.601726224660542,-0.7301505849604342,-1.5067300025154429,1.3733616806545834,-1.3956135680903197,-0.701573486744598,-2.4074320207338795,-0.31344819367420135,-0.13842486350394156,-0.6043889634882235,0.10917827679188141,0.5285226887347713,0.6110348144457157,0.44260996020368537,0.1872336300506332,-0.04608927526577444,0.3481954748342502,0.136582470583884
-0.41755583449588823,4.495442266886815,-0.2093988323773634,0.039688450802332784,-0.02932069023313623,-0.23342409523147245,-0.08606021244723917,-0.0858295878238032,0.07988476427423295,0.05627108458624744,0.1425910334425431,0.08499225601496335,0.11653132591315574,0.08617838888333207,-0.0026609301246066086,-0.01979365929775001,0.42559770030507116,-0.05123229593983247
-0.6601527010610055,-0.5441691299716025,0.9416221475559448,0.6525910001336727,-0.14388826279885558,1.0061602186518812,0.28274968184719895,1.425368035029896,-0.01274675442298076,0.4228041832855485,-0.537526585769312,0.008778974607669576,0.1627937848296268,-0.877483988719027,0.43858513278951117,0.12817279706169465,-0.22007138825084616,-0.5174812567526073
1.9857380985893254,0.6986851349616029,1.457950822254993,-0.10341001605659537,-0.4713886565204087,-1.0822841010878048,2.0147212577967992,-0.5270004833399642,0.45395279494569724,-0.23094118949928508,0.12416351689409955,0.42156383205892,-0.14856553365836767,-0.045990668218223396,0.2264230903373341,0.6773696757566234,0.035795923777607874,-0.2689874063407893
-0.9114669819483634,0.31843797136883656,-0.699967834911311,0.14851134023322288,-0.39043341034437107,-1.5103760311016883,-0.038015904098327793,0.5775589080827874,-0.6752067505927828,-0.6813506332965064,-0.8248903954051188,-0.36671700094069487,-0.3727311144275075,0.01977242295270043,-0.2901625140451381,-0.3883708662201754,-0.08333854336956598,0.2826411789697963
-0.8831381254611351,-0.8592089157261416,-0.6667966557649716,-0.19447334493551616,0.10755541372677872,-0.04646641740111844,-0.06449400579105387,-0.03120347886636468,1.0397546818007461,0.17824222209739693,-0.3168085983705706,-0.47220121034169743,0.09581816427109158,-0.10691333545223286,0.294598396868482,0.3479911129158469,-0.35701175011643616,0.37090669221250533
-0.4836448124773339,0.4831091329939914,0.37460656664272207,-0.5180033435270748,0.2475629843517922,-2.2378468241866214,-0.4502165357118756,-0.1109056326010929,-0.785555355328375,-0.2938887386610831,-0.2986946744163874,-0.24855038572607918,-0.3516041681291036,-0.24479863566072285,-0.08947013412962762,-0.17969140788672494,-0.024048252927410918,-0.20421557743258217
-0.8860750497187571,-1.0050673111123463,-0.6123546542343181,-0.6803917336105378,0.4241544305564123,0.08255813738125899,0.13475651459647686,0.843181676355466,0.08836858041591304,0.22026211378418203,-0.13350110144222044,-0.22692910199120225,0.14065861815005715,0.28563029762412295,-0.11267361397020165,0.14050503373346007,0.20803108821819782,0.15459246978876656
-0.41755583449588823,4.495442266886815,-0.2093988323773634,0.039688450802332784,-0.02932069023313623,-0.23342409523147245,-0.08606021244723917,-0.0858295878238032,0.07988476427423295,0.05627108458624744,0.1425910334425431,0.08499225601496335,0.11653132591315574,0.08617838888333207,-0.0026609301246066086,-0.01979365929775001,0.42559770030507116,-0.05123229593983247
0.5335519070272917,-0.6805676087652841,-0.11302870681769095,-0.36677783910616557,-0.1082099354493169,0.833784622856557,1.4281074140783372,0.7120297830900384,-0.07411157774019153,0.538853691101155,-0.45643951949269534,0.1017858020829116,-0.3622859218034207,-0.3612262240072153,-0.1800075869046978,0.26214529513821955,0.4429789012486314,0.16789683747445544
-0.7728686013710836,0.017798598532355436,-0.41723011770415946,0.12251618235450855,-0.4378649541699689,-1.2993696787195104,0.13961483086648474,1.1153502823317307,0.2951502594539573,-0.28076761803103867,-0.048324034367792035,-0.024121127151928656,0.21257271068944783,0.3528398410809044,-0.4088448019594704,-0.2791628341593514,-0.11660136615045541,0.6354133495181886
5.876077037131162,-0.641378038567818,-1.5945117614146596,0.4502890614063295,0.2249873418809843,1.1475105313444351,0.3856784668781923,0.5257086519435641,0.25258485826055366,-0.7795360648826302,-0.549254125890592,0.3941119411972919,-0.1282285225421489,0.22513458094890082,0.0675188563667477,0.2505938154865966,0.26234851062559605,-0.18876269509742408
6.141316397754434,0.2997505456412751,0.198974939784216,0.5849615799258908,-0.26450552553022116,-0.7467581288609052,0.11581300282631525,0.1359772581633736,0.1348457785205468,0.09434004695535461,-0.005466436174630884,-0.3254750346196887,-0.17854680313548865,0.14219802023731454,-0.1121373247093132,-0.05286617870756888,-0.21856711441998683,-0.07944057047647865
2.2398139582715153,0.6090987386356544,2.009741231495939,-0.18535573738159822,-0.7562665957076012,-0.21634337130370768,1.8823687577588897,-0.5128683153735549,0.08937174414679942,0.10996507367282551,0.00849239377893346,-0.39164746660232247,-0.23050621917756525,0.4111356282315468,-0.12551460979863566,0.2373334234845344,-0.5977209965472563,-0.21727311779124925
-0.8161194297423873,-0.6701063891561201,-0.5847879770282748,-0.09341820952225695,0.15615607550351357,0.5033583999808076,0.13409911713137337,0.2811585816991226,-0.6342929099832363,0.9793302343515611,-0.5558707606509099,0.8787745176037383,-0.39653319739322834,-0.09120107740987049,-0.527747881269492,0.1898496817988567,0.11901569360536379,0.1541886504378182
-0.8352698427647439,-0.7090392866144228,-0.5698596361636097,-0.5380379883901467,0.3243476014873497,0.39576440789787215,0.2669717050997652,0.9940441647608556,0.1954057842856433,0.6215334590310548,-0.04767895166977715,0.28568176601636563,-0.0928485251018929,-0.06350695024208786,0.35462804680442006,-0.5705262035758379,0.16016096189920337,-0.4209865138324999
1.1809414090969694,-0.0739658284570377,1.004578914913234,-1.1044475185374103,-1.058112979989753,-1.4852248985025582,-0.18987231635721058,0.2977564175770317,-0.1524359244010417,0.7045968081859638,0.01896845183327983,-0.5655212582314824,0.51677455584595,0.13185603317158656,0.3377370520028148,0.03929846286889016,0.3354102937465554,0.5539001169673072
0.16741288581572655,-0.18759360290469007,1.6713761091100758,-0.6362454043596585,0.5335710243896314,-0.28373576820194724,-0.08594159816924025,0.3280154985989811,-0.2770563058977442,-0.7198480839506924,0.14008744545366913,0.1963412064268551,0.8069224036113251,-0.2629121978435923,0.866400801945985,0.5677209111066879,-0.16416619286803447,0.2503385043875573
-1.0255382364324055,-0.3560745238058385,-1.0057848127323914,0.5583839756296625,-0.7292062913122622,-1.434224105994983,-0.03281063787133162,0.27078277365482767,-1.080725053121882,-0.16042169955740385,0.04783631619667794,-0.8617614977679218,-0.39518561849677925,-0.18130917113944184,0.17167033571217494,0.12610553981245604,0.24478726530745543,-0.31244382478409227
-0.8804147727932504,-1.0156147063825463,-0.6973799121182791,0.02750991317532732,0.11838332518137522,0.4085809871545002,-0.12964628696054822,-0.7114811019995069,0.244438516185219,0.7919099288786082,-0.7521205476506545,0.5205815412553043,-0.32633813141805024,0.3007875644045128,0.1331028855045236,-0.1918148319048787,0.019563945336521615,0.1531649020605536
0.6364774661495675,0.26565378361258163,2.5142314417125817,0.5063098881657452,-0.45556347581114626,-0.7388242795132731,0.02667130145430731,0.6428576265742798,-0.26230792628959715,0.11649507936927309,0.11947732763808538,0.0433763555729722,-0.07029537923344353,-0.3653358966244267,-0.029632315267963172,-0.19573271390271405,0.10723543911898903,0.26015221146081163
-0.4265080410712751,-0.3434304438827531,0.4313284406024003,-0.6501738060129582,0.7811382225790108,-0.2665710917850237,-0.5504862635414818,-1.4316262551178927,0.08577177871253248,0.5483082365968043,-0.06483549033349045,0.9067020483987025,-0.2478927517638364,0.16682891036413983,-0.00844487574841496,-0.43478350886584305,-0.20432891139780046,0.10548274998023183
-0.8607557139708976,0.057085037844475606,-0.6614406838114402,0.16006277759659776,-0.4260123709432158,-1.6050138775145935,-0.02351118963444919,0.5057236119453228,-0.5622994410655154,-1.1295410667235892,-0.8683732216622475,0.18577640298942627,-0.32113303268528653,-0.017387932348910784,0.1417533530857255,0.10166891833322461,0.28399480217197126,-0.11385652401202204
-0.8104869696741372,3.9427258435020933,-1.2240587572242436,0.6863388794283037,-0.6879281269414542,0.3809086635746938,0.3085766740158016,0.57174280984495,0.2668698124424313,-0.3527003822475909,-0.40484236670962104,0.06783936971408194,0.015350490061281474,0.25042588242600405,-0.15820346648449174,-0.12099718575804058,0.2845464998046259,0.0579174957916852
-0.8356898975660845,-0.24269080310223168,-0.6886388618943006,0.5440369118741549,-0.7932530186581201,-1.165712264350896,0.19710355118794518,0.7993796568098879,0.035815266502114265,-0.7353649314590991,0.9376454822274296,0.40124399718325693,0.7135191625247218,-0.08076531790990776,0.2855673441070432,-0.16222380597992936,0.23982562040154987,-0.49709052211971355
0.8592125476553332,-0.35110417328376475,-0.1886388679834563,-0.5936654385513911,-1.5583813192895848,-0.978859116920312,1.3400990772880563,0.9241811124711174,0.28680371350169426,-0.3619136495005897,-0.5313802305543326,-0.058090853796471775,0.9395181338629365,-0.5089215014757305,0.05248573254837596,-0.3898222788056759,-0.27019243791618097,-0.4303025347002496
-0.493143914540508,-0.4523508877276252,0.40230527061256227,-1.3270421622365087,1.0827618672647303,-0.5317746214249072,-0.2598803718665639,0.1856092786867127,-0.09861646775228528,0.6292335806180204,0.41393229870994364,-0.20977621569032084,0.2418394540019313,0.12138280408145097,0.042868922389683484,0.2417085601937507,0.3490822887186432,0.045442678057248886
0.7830244497218708,0.03469559109002662,2.5225014335155755,-0.08653777083012475,0.27443732155768125,0.9953605760279982,-0.02106073662265477,-0.1154926805767694,-0.059260002717273746,-0.0892749743900961,0.10507288211078825,-0.21483446950059998,-0.33600671932103393,0.49860909624351313,-0.188200015849187,0.09568896018072359,-0.3169149699269482,-0.35851413832617185
-1.6776922829643148,-0.5879605476495049,0.00041551561564823203,-0.33995404767389115,0.39618266163265276,0.34774329124901093,-0.23191012255083746,0.9519185394378662,0.19433839918795937,-0.583486658129117,0.08907873231982544,1.0307417547223063,-0.4305756125042613,0.429649551037834,0.31631392759859045,-0.052547770941246796,0.2667027818536146,0.13874916412555643
-0.7953610872570347,-0.3075185788378372,-0.5563178602086966,0.4504773375132358,-0.5606606421794125,-1.0675026660100944,-0.07757826979956746,0.17747707399235726,1.2085487635008818,0.330501761877217,-0.39089684808361747,-0.5459672097117614,0.10399133232159574,0.3569118620732106,-0.02216480617179889,0.19170907456695613,0.10738387437374197,0.10074724069929802
0.32904370316249254,0.19539472891296694,1.935046233332735,0.38339743982693686,-0.27737191471959083,-1.0177069002894823,-0.31845278715612735,-0.3908430991479382,0.7765838557348863,-0.19363318296316676,-0.023888385235230902,-0.39275769270435906,0.42278309423914007,-0.6531855545530096,-0.3160264008009867,0.24464659835696773,-0.09186788985166361,0.23750824986962799
-1.456878852739286,-0.6136162971363848,0.8550162118923594,0.11625041868651854,-0.32577241638270127,0.7550874799999626,-0.11640692339608402,1.3547963685791997,0.09147757210403167,0.3785739746790179,-0.4094889266015278,0.131534923108519,-0.35161437393776634,-0.7523395131025883,0.27235287940747943,0.8371514580672657,-0.3920036752321565,0.009318772951968646
-0.20927439307172963,-0.37575745681476613,0.2636552931082776,1.3520369551866624,-1.3380529237113516,-0.2276046190612509,0.31817889719268366,0.5115543682985477,0.10664808712495384,0.2556090688412681,0.5751472270709244,-0.6611501406969296,-0.3054803817365285,0.7380892089818932,0.6107245697018311,0.24846422807973095,0.028513684840595577,-0.7563903447107991
-0.9051934863155149,-0.5590540458374342,-0.7830124143234168,0.10349572699641242,-0.01147983726801409,-0.09775157248863962,-0.1769859312700948,-0.7846161956411597,0.33885990768732066,-0.5172871268064809,-0.752935709587527,0.9021207313005377,0.48660403226720694,0.11305550636923634,0.26255769375651683,0.34628665654318397,-0.46674473787963855,0.4915537813160202
-1.041106791946934,-1.1538623136772947,-1.0541790726128415,0.4835160751182096,-0.30677126784994035,0.00045730761475468173,-0.1985947462701522,-1.0171225373257737,-0.16007751680610321,0.40932148508630195,0.18678701773559414,-0.14450020715526973,0.38099292212559255,-0.0584559226011247,0.27160426029895124,0.4286051947151593,-0.5321570666475012,0.20589396018549705
-0.974770569667028,-1.183125195339578,-0.9141114352855635,0.015839640025934063,-0.0013066463285685143,0.40521689165564767,-0.08821080986754587,-0.45901660819233087,0.5111547731770343,0.04301778746372828,0.7217300772533173,-0.6739492144320713,0.10620655335899049,0.13455340621132272,0.07088434882394651,0.12832983796934577,0.2766156906975934,0.0018400496209124984
-0.8016091789198958,-0.7341836006811862,-0.6319623899915887,0.1960893354566553,-0.25479582787655664,0.31758239224829427,0.2693050587026198,0.6819550255029836,-0.24788192098831313,0.5105606911885483,1.0269562808739212,0.07246666611389158,-0.6190630808061353,-0.600122990661641,0.056868013027151,0.5752636038534393,-0.23084323807931462,0.13346430640247048
-0.8860750497187571,-1.0050673111123463,-0.6123546542343181,-0.6803917336105378,0.4241544305564123,0.08255813738125899,0.13475651459647686,0.843181676355466,0.08836858041591304,0.22026211378418203,-0.13350110144222044,-0.22692910199120225,0.14065861815005715,0.28563029762412295,-0.11267361397020165,0.14050503373346007,0.20803108821819782,0.15459246978876656
-0.6954758551053593,-0.4338431145837034,-0.7074664694130018,-0.007069089704553125,-0.05212522007339997,0.6628346047063044,0.13617569042287414,-0.0023685880901108958,0.18977403434832102,-0.2141880493757584,1.0656421867434966,0.1186076064015344,-0.6600404567391085,1.0675483175940506,-0.016031944807465448,0.015403259261279667,-0.563101538312277,-0.6463513697420242
-0.971356727677315,-0.2824744005076514,-0.9124659148576353,-0.3361877304637474,0.328528956791276,0.08986122580400684,-0.25874810127652004,-0.7780563168306032,0.0326737022286762,-1.3167608853763952,-0.9666906031720814,0.023473287546041333,-0.32210063107302084,-0.04051070337621837,0.10118657327721031,-0.003843942028852354,0.4368876707699365,-0.0420378628059313
-1.0264022888708526,0.10176089829096968,-0.41155903645875,1.5767651345958977,-0.1596425484493567,-0.7026499830192026,-0.09183401923620163,1.1639548237349904,0.04785075264743617,0.06803488258870424,1.0949705152460003,0.501281817851473,-0.22831364241822688,-0.5806266025691116,-0.3465418947501002,-0.5056628913923898,-0.1077235551810769,-0.5071517815340776
-0.9644066614674851,-0.5960185890879888,-0.8311176979644818,-0.38790209262611797,0.36428673645276594,0.004920579887998086,-0.28861055620986154,-0.7209239910284415,0.022952509091999668,-0.900003733739257,-0.9488006745492388,-0.4204868624798764,-0.5366966572421634,-0.09775598289549026,-0.2271163694634088,-0.3878786682509499,-0.1000082052568288,-0.13355408184445186
-1.3768827221048099,-1.0301563879131488,-0.5363525509827896,-0.5290619918995509,-0.2835597584866119,0.29047266501503577,-0.4991304984274033,0.5584529630503066,-0.342214329236284,-0.53635734343065,1.0400974116350985,-0.04702288884431699,0.14028682327471964,0.2731333939846633,-0.276182673280367,-0.10867390386970222,-0.12564084471951453,0.029654618551015755
-0.48046748903756326,4.331200023818486,-0.3276499682104425,-0.3820629465158508,0.4336776184718079,0.5555912707670952,-0.07712660768724149,-0.23132005638319278,-0.05005630887069282,-0.007541709745301189,0.19320352825517406,0.0977113474810744,0.14829287460163088,-0.09956633003224086,0.22917989795241844,0.17317395870658253,-0.0077365506406635864,0.12606664313247762
-0.9426641899533906,-0.8820086500349593,-0.8732404780432912,0.0031071993748871124,-0.005061675426370968,0.41697846293850593,-0.1021045332222637,-0.5240238602478442,0.5199848963096034,-0.5670446163785112,0.8380685449541216,-0.3058985558910951,0.11502962149145202,0.1724324358934518,-0.2053355327048623,-0.2737242821446533,-0.06212357463382712,0.15038020963056115
-0.43337606818057356,4.368749938651609,-0.1880115067700816,0.008272758304631159,-0.014352771646446175,-0.2519242830973339,-0.11812867206162483,-0.044886434701465666,0.04361389817957188,0.4829519458149153,0.16483618053623905,-0.3664874190014235,-0.015120645382535602,0.023015179114192152,-0.38942695369984487,-0.40235751197799013,-0.02349655529475636,-0.03244155762887485
-0.38774650454674586,-0.5473355691933872,0.2412944986838288,0.0880702608297625,0.016610836281739275,0.9809697795001359,0.13164645839191422,0.0991577437737109,1.0015246151780621,-0.9707138313116064,-0.5706969202740073,0.41018775575642613,0.7603593553847402,-0.8080982095609974,-0.11165230081613214,0.30044346580189824,0.2739562829433323,-0.6699102171574951
7.478286504627818,-0.5821216145327421,-0.6163322905402681,-2.393698634643134,-1.8971367064227882,0.9980778605339278,-2.32830921894896,0.6052552171881012,-0.7562784900557491,0.14120453106044792,0.07508424598794994,0.057972988517543456,0.06634820515924855,-0.6181148214865219,-0.08392715912540838,-0.4744505138583941,0.24692012219250958,0.6580152134980848
-0.8831381254611351,-0.8592089157261416,-0.6667966557649716,-0.19447334493551616,0.10755541372677872,-0.04646641740111844,-0.06449400579105387,-0.03120347886636468,1.0397546818007461,0.17824222209739693,-0.3168085983705706,-0.47220121034169743,0.09581816427109158,-0.10691333545223286,0.294598396868482,0.3479911129158469,-0.35701175011643616,0.37090669221250533
-0.7599817466224462,-0.9015918157993272,-0.48647533691017153,0.2039117088562663,-0.25448161377075573,0.26139552440656943,0.22231718491977942,0.6817152807766003,-0.3546071779073467,0.11794847752373253,0.8602971763389331,-0.4101184831162588,0.15557920436791972,-0.702412426869153,-0.16100342176322668,0.9545326475639193,-0.22796604760671335,0.043838245724208524
-1.1133689502443076,-0.8824858225030974,-1.196849152492715,0.04183479790464838,0.04612489749702946,0.1942105392734697,-0.26584154483235833,-0.9968079824412741,-0.4592022368697058,-0.3575652278017394,-0.05483628378400929,-1.0165450882208376,-0.4790972717579648,-0.1985140119168814,0.1895666367382789,0.01912180590852164,0.30987851347848294,-0.3509321209274797
5.323906753385783,-0.12658101883211725,-1.8907709998122222,-2.704157301146525,-0.7043145318369707,-0.03228840843700857,-1.4332070409627062,0.22629368999336516,-0.1966720053704144,0.5306600758338073,0.6133072530332788,0.7498260009869933,-0.33531404882467203,-0.763114063118653,-0.5668479569649936,-0.2155135527888927,0.336174516156983,0.47939606642138405
-1.441167834916493,-1.153615182701557,-0.37934726274643693,0.5248948249390437,-0.3872838458453531,0.665129572904813,-0.11176493578165195,-1.18053788624963,-0.4260215503582548,0.31737265631220846,0.09448007109008838,-0.3364351139355632,0.5067190257102123,0.4968913344246241,-0.055779169513700655,-0.046590226193179374,0.19986072793679344,0.31179582900094743
4.441180058224145,-0.13343640183224514,0.8679426777640771,-1.0843879326349277,-0.47800976187342054,0.8551769598498303,0.3556746228218258,-0.3907135769215862,-0.14040105948398643,0.01354393377236432,0.05043575660041716,-0.24197290357278206,-0.2132903042314625,0.21957809657717542,-0.20265050912679294,-0.056784349330827266,-0.20061546625035415,-0.12051347756384742
-1.4050870835248843,-0.884793282664462,0.3716334174880085,0.043450230749450494,-0.33065413742879796,0.8498623191640747,-0.31455714461147577,0.4988621958920279,-0.8793156431811224,0.6138870100781139,-0.7702266587787354,0.4716671876176237,0.10184017885126095,0.2984715242659636,0.23264828051009334,-0.07897688264016972,0.1406057977937244,0.00558829631101071
1.6079682814020886,-0.8757595586258085,-0.474409479275509,3.3935405879768585,2.798104869487308,0.7974888775402866,0.8973204743688555,-0.17044013408676476,0.26482605320510494,-1.0241473835480612,0.9212816617613886,0.03614678933594989,-0.38034066911031883,-0.026605032806406526,0.016889464358836592,-0.25863415150409425,0.41655725879400984,0.4128953417792119
-0.4268770656539868,-1.1290174984317474,0.25346959441139694,0.01136436131448497,0.04295307406750108,0.7821169874457163,0.029346705031137385,0.015185089965903092,0.7484013065557693,-0.06594867787792191,-0.7356188506562187,-0.8218122628616074,0.383249599190729,0.24586436544962553,0.16600799774249264,-0.15721926966893926,0.21349707311922483,0.28190812744225985
-0.06730289589990074,-0.886155965207444,0.2676812145698233,1.3113331646133897,-0.2365109276255744,0.878400194019447,-1.0837805757684722,0.004373685004886191,0.26239288347797146,-0.8105555354013738,0.7926622323163977,-0.7007883121553924,0.10802979019129111,-0.31015319108099265,-0.22073679676994992,0.23903759028331323,-0.6963316631702813,0.45609005713320266
-0.9478776000676252,-0.4582677709255878,-0.8024312691749523,-0.6540141737964363,0.46076551648463776,-0.17076734726841525,-0.03700885087184279,0.20187439353455267,-0.8173992528406542,-1.2595749218255956,-0.7924609524082432,0.25092232007893506,-0.33572869186886717,0.0460149287673578,0.09568439990654526,0.06968865093162119,0.32544410936414747,-0.1555027994193874
-0.903932598438777,-0.7939815899768992,0.6122813748552431,0.5448322350136219,0.6225173017959024,0.9913623438279165,-0.2312904772780566,1.450774856487739,-0.01109200426581955,0.10365025860618471,-0.5386268334137402,-0.28752506249367576,0.7450447115281208,-0.6367348663248246,-0.2636551507699393,0.15435340520371238,0.24219673631921623,-0.7507325144646522
-0.01679660410774325,0.3118923738793863,0.7635880637510644,-1.5255641069482957,-0.8280513853870547,-1.976429052158514,1.8192691541632062,-0.23935964340876711,0.18778446926308268,0.4578082062595029,0.5203805690517911,0.4418882111185195,-0.38042140349342723,-0.03032596623387196,0.02534325534293791,-0.3689963744417653,0.0060253148201906415,0.21668488092954236
-0.8097239708253735,-0.8769022128042334,-0.511606767528032,-0.5493036805779664,0.33014232711023733,0.2959397863684664,0.22055362050179367,0.8997227472827689,0.11381165149855992,0.5178056858539077,-0.04331524659189828,0.1857194407128567,-0.5073329659084078,0.2624686639280208,0.21172447645763404,-0.1345971764636434,0.2160099823892797,0.15910925539175186
1.69979892608353,-0.28612278207629793,-0.5195264579497401,-1.7688851187862706,-0.2395713349712752,-0.5888750085430263,-1.4817618129392616,-0.654215219172219,0.8106680113080622,0.01984790205859635,0.33616542342011346,-0.0394097758810969,0.24747542431627345,-0.40817594798485635,0.17837690318169175,0.028653131071300075,-0.5218397318706937,0.4655490919754505
-0.010271925781745017,-0.3470462909610388,2.3295397439923624,1.0134804369026882,1.4759951921535153,0.8547302522234944,-0.46291163254878187,-0.27297549924884407,0.4041394813395002,0.49428014810911847,-0.06043188436292207,-0.527885168632132,-0.28191122801697144,-0.28244792627128296,0.2591714403507124,0.23235396894152277,0.2967001546687277,0.14142645742985493
-0.5513330976885058,-1.1492033887486521,-0.10022516587968244,0.24374964195688975,-0.27176700402599735,0.8402012426529131,0.3143135651436457,0.6466533736590931,-0.5801923029517256,0.2372452444036093,0.7893444096167275,-0.35104144991456016,-0.2638377290505577,0.29697526377801775,0.48886239354027117,-0.2248000013089868,0.43537718472529097,-0.10055896345055967
0.44027603879138966,-0.5547135511389953,0.5141488955471405,1.2577971212105032,-0.6580781114529706,-0.749569151255068,0.8460322398760183,0.5408400701955554,-0.641971145735575,0.030989028050641076,-1.0268338252642628,0.5916908427642066,0.16910888594503426,0.2354657998459384,0.20961781796905643,-0.40763501811338015,-0.40640306246173064,0.310256354635774
-1.0740226082905193,-0.90043728231908,-0.5603178230738539,0.28678559231140277,0.045956787373686844,0.5873939011097941,-0.2899137083482939,-0.41050097821630405,0.5621457448704397,-0.5400851948248209,0.9097822265526418,-0.15817978011750639,-0.09733081306458735,-0.2928884932242695,-0.8357845996351514,0.15733863039145485,-0.003762441552520035,-0.03513603773159574
-0.8258082808902053,-0.8966579619244694,-0.5483799807573304,-0.4138972505048323,0.31685519262716794,0.21592693227017606,-0.1109798212450491,-0.1831326167794982,0.9933095191387398,-0.4994207184737893,-0.1722343135119121,-0.07789098869111005,0.04860716787479186,0.2353114352327138,-0.3457986573777412,-0.27867063619012583,-0.13327102803771823,0.21921808870394038
1.6228093314944156,0.0995261203633222,0.6277073816475842,0.5160201413828798,-1.585129213024645,-0.23714474002342317,2.326439915039811,0.26174368178203844,0.5671541108057278,-0.6591394000148579,-0.6310556798245367,0.2754653958749352,-0.3245370924619146,0.3967729387442376,-0.10876676469020224,0.5734172317637951,0.09403315717625682,-0.4820004492043184
-0.9112985145760495,-0.6665017196093987,-0.689900371999687,-0.47370026869226856,0.2110996225582205,-0.16807364100717714,0.16734860669575427,0.9301035622130864,0.14364386621048858,0.28786265051312876,-0.1617369186000746,-0.25318866510081345,0.19669268267881845,-0.018715443378694574,0.25150355874721275,0.365112662725434,-0.35444889919194067,0.45482123330698027
-0.41755583449588823,4.495442266886815,-0.2093988323773634,0.039688450802332784,-0.02932069023313623,-0.23342409523147245,-0.08606021244723917,-0.0858295878238032,0.07988476427423295,0.05627108458624744,0.1425910334425431,0.08499225601496335,0.11653132591315574,0.08617838888333207,-0.0026609301246066086,-0.01979365929775001,0.42559770030507116,-0.05123229593983247
0.482643661943552,-0.9947909853749202,-0.07154085049009984,-0.905906440414258,-0.7687011414349194,0.22053044496398988,1.0241637283958005,0.8416826049873702,-0.045663154818356894,0.0023172110475268015,-0.6128395178648139,-0.6221672664460451,0.4723960471192796,-0.24716965262278778,0.4374595460550059,0.6521887372941519,-0.5025154110006692,0.25405535968270326
-0.48046748903756326,4.331200023818486,-0.3276499682104425,-0.3820629465158508,0.4336776184718079,0.5555912707670952,-0.07712660768724149,-0.23132005638319278,-0.05005630887069282,-0.007541709745301189,0.19320352825517406,0.0977113474810744,0.14829287460163088,-0.09956633003224086,0.22917989795241844,0.17317395870658253,-0.0077365506406635864,0.12606664313247762
-0.32967094955039666,0.19116701935055036,0.6440437426823604,-0.38187715781090326,0.10197187639070181,-1.7526395026838784,-0.1605856047238534,0.5459995680247858,0.18192641510550012,1.0568110077897526,0.4282058843062617,0.1377264099242292,-0.3915564708729529,0.03481830926908003,0.41333596599669953,-0.0014133826017495021,0.3156118756975491,0.09160573906759961
-0.956921830107828,-0.7843679002934365,-0.858746485718676,0.8116746378362218,-0.8769501384481603,-1.3047646678490463,0.01415343535477219,0.161111836306827,-0.8563638064157978,0.5813752318750935,0.29418224540993987,0.035625984105716435,0.4404290351881386,0.27068484935896253,-0.08959879736055204,0.2530993829343758,-0.008563535505043296,0.031226013169123823
-0.8896249308009865,0.2387337440340227,-0.7346181544429669,0.17836362750786533,-0.43391486073033586,-1.5324329860983776,-0.01120182287127415,0.5032891153394419,-0.5817876286284581,-1.0870303114501867,-0.8918864111264431,0.18485944068788568,-0.2895745083551647,-0.009797742169080692,0.1626237691697403,0.043787001640480716,0.31019959407531805,-0.02678400365356931
-0.8792611937430478,-0.8865611474131858,-0.6553929421612368,-0.40072351158987696,0.3130216693487396,-0.04130790912247821,0.009955222354260926,0.09220345618655207,-0.5930380061345699,-0.5177779903930981,-0.5461150231949813,1.1483098019525735,0.4998859618160507,0.49800894926576234,-0.16558473316618172,0.19668249405354093,0.07209330855164864,0.1881670385338287
-0.18059426700102954,-0.6855849697619694,-1.0029564976009242,0.23188374836324577,-0.8533938261019113,-1.4012250965243909,1.3670947317161133,0.4380554269606178,-0.12113921016169175,0.26351754926218607,0.8033798040915585,-0.574676304416593,0.22122453655730867,0.07395266066589057,0.007724273593911035,0.18822604811028282,0.2498374475244407,0.1077267578067847
1.255204126318047,-0.3501595023973574,0.1545027607796099,-0.9835278564894419,-1.0508162390263243,1.0556785063376084,1.9625729459085994,-0.12050691609162614,0.4650127670777449,-0.7109419757786722,-0.44400269394530917,0.583191590195714,-0.3049222513716501,0.15587255462144356,-0.06893651596361744,0.6347154383547937,-0.019740148991496675,-0.358858869781098
-0.9404901384882163,-0.6555556787329886,-0.7437849935014225,-0.6508251915114506,0.4104572151464046,0.2549636503268807,0.19348396595762332,0.935068597227672,0.15047452564005365,0.3665006422347318,-0.16137799598429498,-0.12788373898923394,0.5867015832866942,-0.03275512636615563,0.051100372460599286,-0.35330591007147844,0.17838685963146828,-0.33843077907703245
-0.9116209216581274,-0.8372043849225352,-0.6706075228698958,-0.6691260414227181,0.41835970493352465,0.18238275891066474,0.18117459919444834,0.9375030938335529,0.16996271320299633,0.32398988696132913,-0.13786480652009941,-0.12696677668769335,0.5551430589565722,-0.04034531654598572,0.03022995637658432,-0.2954239933787345,0.15218206772812148,-0.4255032994354852
-1.0246734302960367,-0.7044279382758651,-0.8950923714414696,-0.6543965757318235,0.4715859743820103,-0.12844821500091896,-0.04287422036833559,0.30539030210652257,-0.8819884296308271,-0.18032090148128563,-0.9100674624795471,-0.5695249757799685,-0.4446452069668981,-0.047437120504081,0.006008673944130738,0.03129700167263599,0.24129391099908737,-0.19817970075962568
0.5688588251361947,-0.0860742176270215,2.57111653631282,-0.7281451415333536,-0.05529355534665949,0.8030005612533756,1.1088030517807377,0.11498782598205373,-0.49821079181784333,0.05375753797335561,0.1412262484768778,0.026031625985157347,0.2729939667072383,-0.49404743006001695,-0.06134147333232859,-0.6852438114624538,0.025566448814678178,-0.3016819254980516
0.4199149767513817,-0.38144127774924086,-1.0632176341498685,-1.2708358613313704,-0.5133153993860384,-0.12900586145943338,2.063835218858026,0.3840574912323567,0.07773203390300891,0.626370584732563,-0.07390836396647399,-0.011801561581879672,-0.342929422462189,-0.09942688726642124,0.43424171351013796,-0.031199196014545294,-0.21796744360581138,0.8713380713077814
-1.1090143705563367,-0.7145104472625008,-1.1511436452297459,-0.06730236075636988,-0.047580722095480296,-0.32319024555345716,-0.02602557377262285,0.05628993770755872,-1.2610613915395024,-0.26536577320386623,0.11902595775702363,-0.8219581814864836,-0.3853057374817206,-0.42984224120582104,0.46890813916639407,0.37661481809557046,-0.30244820681385376,-0.1409338570316969
-0.41755583449588823,4.495442266886815,-0.2093988323773634,0.039688450802332784,-0.02932069023313623,-0.23342409523147245,-0.08606021244723917,-0.0858295878238032,0.07988476427423295,0.05627108458624744,0.1425910334425431,0.08499225601496335,0.11653132591315574,0.08617838888333207,-0.0026609301246066086,-0.01979365929775001,0.42559770030507116,-0.05123229593983247
-0.8824292977459606,-0.8481504257989456,-0.6167229013681603,-0.4920011186035361,0.21900211234534067,-0.2406545324233933,0.15503923993257926,0.9325380588189671,0.16313205377343126,0.24535189523972617,-0.13822372913587905,-0.25227170279927286,0.1651341583486965,-0.026305633558524666,0.2306331426631978,0.4229945794181778,-0.38065369109528746,0.36774871294852746
-1.7258342432519636,-0.7620922132189658,-0.5828090958568128,1.3242120142850995,-0.9432268667220133,-0.9801295260857001,-0.9931747366944496,-0.5602233493388318,0.03089570876727217,0.4960034553402711,0.13150302653577617,-0.14668871146147128,0.3426499821557698,0.25717239469484543,0.001566590390305489,0.21776730048271858,-0.018256844106322168,-0.02174995827915699
-0.2721468890749794,-0.8720567415899703,-0.8913293840809274,-0.49775923731231897,-0.28039258977213466,-0.19495740002128947,0.8337775101245571,0.07900063506173546,-0.5749222741271287,0.9142342363821067,-0.5991696101277028,0.6863428473062299,-0.2044060094347878,-0.0012770796620457103,0.38122533093576805,0.13043292052871852,-0.5604934113932902,0.422415697115094
-1.2081789325525667,-0.3086154354715822,0.8048368880422248,-1.0603595103636088,0.7405153243467322,-0.2176606129679226,-1.459915476747444,-0.5947351918161208,0.8122099491444223,-0.10283016602948844,0.38602623553891213,-0.008151891512991727,0.1218121993300002,0.1389638856582156,-0.1600511753552803,-0.1227542912929504,-0.021706477973398475,0.04258289149229039
1.4588512029605472,-0.1449574073297486,-0.24586654442421962,0.7436167904996451,-2.1839632867733774,-0.3940721832516376,1.801239294370821,-0.8747383914813591,-0.600571671938579,-0.33694195201604726,0.29048140305251435,0.8309308505505746,-0.05989467747084931,0.21336111351415676,-0.0012177839178512673,0.7413478479171587,-0.07817871788494285,-0.5517705187849576
1.664399737114729,0.07673525325872532,1.6161697449461465,3.9641295903230365,3.362719477685588,-1.0476363557779687,0.33070189212174117,0.22238867676958748,0.7028432459220237,0.5490784680913785,-0.08660678108204473,-0.7048157791361518,-0.24803206882030226,-0.3756763835827955,0.32677830758867676,0.1315297499902212,0.2524326659205812,0.271520719007655
-0.19226789088615337,0.6064983283665678,0.6126118920793362,-0.35728287350353105,0.0993533790223775,-1.7990943965520503,-0.2889589024435095,-0.10930696144672206,0.7340952849509539,-0.33658797369354054,0.39381487592011033,0.37049899591230484,0.1824626152984018,0.7813998684603792,0.14788016887620037,0.649197605328077,0.01551290255532467,-0.4826025267874757
-1.0404516398395613,-1.1175247855590535,-1.0846908624200786,0.31438980617392726,-0.08820943632827792,0.4136675892519569,-0.2251766715160595,-1.112291202877822,-0.2463832468811063,0.4315471697641158,0.18861103727655149,-0.15312028943582462,0.37457043099251597,0.46877213604058776,-0.0912278959205099,0.2403428889646651,-0.026312134965147005,-0.10591176673507549
7.143369080487222,-0.07215569856051207,-0.47556311386745076,-1.1623784046886523,-0.6003783909416042,1.0321870471181598,-1.2771698042374737,0.009707962677896115,-0.19574932595025424,0.09175254461437801,0.03969773341975358,-0.2202903230846774,-0.13031445006464903,0.31261686291843427,-0.14795986797395977,-0.02529896578689267,-0.2309457929399728,-0.1269669675127076
-0.26940418072184497,0.2995763685384266,0.7080184161593484,-0.11538267470519774,-0.005327361538542533,-1.6192707077949615,-0.4063219405653793,-0.4803147251101783,1.0868673538283269,0.337128175531781,0.38947267223657,0.28676452322432133,-0.48360792114821827,-0.01550055312232912,0.18021092258915994,-0.4205890525253354,-0.025690240558367106,0.15623135798277338
-0.43216831799678174,-0.33288304861255313,0.5163536984863613,-1.3580754527988232,1.0869093279540478,-0.592593941558265,-0.28608346198445667,0.12303652323708039,-0.07029815705677345,-0.023339578497621777,0.5537839558749436,0.1591914051521959,0.21910399780427092,0.15167164358374996,-0.25422137522314026,-0.10246364322750429,-0.015861768516124253,0.10691031770844478
0.33825412915972697,-0.7410816230415185,-1.2610582978551943,-0.5355136272671955,-0.6548218428766989,0.02890272832934486,1.1854478973292548,-0.9893949293918449,0.3741193967221082,0.9650234805748348,-0.7989283658489027,0.5484080060636339,0.16279346940287098,-0.4550833788864578,0.56964425986783,-0.3922094984591048,-0.5606802340228134,-0.13022971256176388
1.8747574770907647,-0.44429376501166407,-0.63873384444783,0.33966853792833684,-2.813233301211057,-0.16453235522107185,-0.3684955010922595,0.255725621806049,-1.208890673911372,0.1895727704558202,0.21540139632666855,0.6140410388416314,0.04920487108523541,-0.4141761244293936,-0.3918215245271496,-0.19358029374576152,0.015077673689979587,0.08034579592195273
-0.580396467358933,-1.455324097445107,-0.14051125738851233,0.8283856091097944,-0.4832117918490585,0.8966555755972221,-0.08287421610153645,-0.964790220349566,-0.5562906951841002,0.11873727376349388,-0.08611999597701692,-0.4987644986022631,0.6917993906138548,0.2330047280469978,0.19236936779678293,0.09725138696025815,0.24180833814513414,-0.19612937746001988
0.7822917269301322,-0.1907339196892177,-1.1450568873037001,1.8328846057540553,-1.196748404970731,-0.35008109664684633,-2.058784263926298,-0.2734937533018575,-0.005840206952733171,-0.21052415537473287,0.3117303513882008,1.1751785408759945,-0.2050612565083683,-0.11959327584958518,-0.14365317196786742,0.278243565432478,0.4055903537741141,0.10328780697961887
0.6747029320801082,-0.2722706354418465,2.4650542206535366,0.7373672662754188,1.4511072661085913,0.7075392330144402,-0.2869737614157656,0.6404372519751922,-0.5454181579883419,-0.11898918167359171,0.1982813211684067,-0.05223306660762478,-0.1687016020747743,-0.0864154863817323,-0.12685213541226292,-0.25549616089828475,0.03376222919072347,0.23583341164946153
-0.45771418993615215,-0.1650201224227421,0.4581008298507836,-1.3468097606110037,1.0811146023311602,-0.4927693200288592,-0.23966537738648522,0.2173579407151671,0.011295975730309812,0.08038819467952532,0.5494202507970647,0.2591537304557048,0.6335884386107861,-0.17430397058635888,-0.11131780487635429,-0.5383926703396988,-0.07171078900620065,-0.47318545151580704
2.23056186935918,0.8867441949349052,1.6352389633969293,-0.019468834687881673,-0.6399360075449737,-0.8204103302714207,2.0064802888562836,0.20642585831222224,-0.22408771053851173,-0.14626506648801926,0.07961836791208476,0.3876144815885852,0.5022872763826643,-0.6124447178941526,0.27849533602725673,-0.2781067218907701,0.6037792763648288,-0.027709725222236803
-0.9070854088753405,-1.0023844690896466,-1.0230821372454435,0.15289762184774414,-0.07598239393743349,0.33872774978366355,-0.047785787193453666,-0.6379869320761782,-0.5984408540530087,0.4347399877038298,0.3082828510568111,-0.07425426597154366,0.2429443630194168,0.9640555866989896,-0.16640118319481023,0.5582362440065101,-0.34338450564906975,-0.6227886438305699
-1.4182079598325608,0.9075441011470584,1.3792828847626277,-0.1454467394027965,-0.05681044938239645,-1.3346396214185539,-0.7731998255240574,0.7250054664466237,0.16677410401056703,0.48215893936594345,0.6444440626497749,0.5839724526694585,-0.5446569419684842,-0.22453408115505608,-0.5287746315888643,-0.025382798091897196,0.0904954306099367,0.3645344915449071
-1.1133689502443076,-0.8824858225030974,-1.196849152492715,0.04183479790464838,0.04612489749702946,0.1942105392734697,-0.26584154483235833,-0.9968079824412741,-0.4592022368697058,-0.3575652278017394,-0.05483628378400929,-1.0165450882208376,-0.4790972717579648,-0.1985140119168814,0.1895666367382789,0.01912180590852164,0.30987851347848294,-0.3509321209274797
2.4780985004993195,-0.8729318857399753,-1.865821927668994,3.387662073134637,1.7464316246605596,-1.4803853563298235,2.433779845389839,-1.1078222172636927,-0.1200817480131429,0.7172539180427877,0.23890411025737224,-0.1316647892020077,-0.1242631209037727,0.1346852158038585,0.4129227975205354,-0.42248809513365143,0.14966584171015396,0.40503018321546386
-1.5682560976480857,-0.31869666800093155,0.24379058453847247,1.372836541224509,-1.3580689759640534,-0.426153479608536,-0.6265441207318896,0.44280015750901675,-1.0086271679581604,0.8227221650157337,0.44670128909219464,0.48196904709448596,-0.15941432521753524,-0.2668737918065646,-0.21454274156211206,0.4465360681695419,0.12391220702448402,0.04749268876147278
-1.0480387740126105,-0.5950426081474287,-1.037095217355947,-0.0983356513186844,-0.0434332614061627,-0.38400956568681477,-0.0522286638905157,-0.00628281774207376,-1.2327430808439905,-0.9179389323195084,0.25887761492202366,-0.45299056064396687,-0.408041193679381,-0.3995534017035221,0.17181784155357038,0.03244261467431547,-0.6673922640486212,-0.07946621738050094
-1.0897100595722415,-0.44459029884604817,0.23419306498473946,0.6395276948240236,0.06675714490353794,0.7793694113393438,-0.17976584045333807,0.36144654205546095,1.0929318166132043,0.5986541041068028,-0.5059254311263982,0.08985585751589759,-0.21226758091009348,-0.8125416690541634,0.29808091080312593,0.06973691622416761,-0.28307421636104757,-0.32528924720752295
1.5252253790245696,-0.1489743549942053,1.1215044324602772,1.6827070109523896,2.55597494300784,0.43153637662815025,-0.9107114169840566,-0.30483832388047755,0.4717038442867712,-0.4412826480179072,0.3827581492635388,0.43954209386879495,-0.2273817406621061,-0.1374110802510548,0.22294998930380783,-0.16721493504774881,0.6938305800301646,0.3677815051301638
-0.9123297493733019,-0.8482628748497312,-0.720681277266707,-0.37159826775469806,0.3069130063149627,0.3765708739329395,-0.03835864652918476,-0.026238443851779064,1.0465853412303112,0.25688021381899984,-0.316449675754791,-0.3468962842301179,0.4858270648789673,-0.12095301843969392,0.09419521058186858,-0.3704274598810654,0.1758240087069728,-0.4223453201715073
-0.8250994531750308,-0.885599471997274,-0.4983062263605191,-0.7114250241728524,0.42830189124572987,0.02173881724790129,0.10855342447858403,0.7806089209058336,0.11668689111142487,-0.43231104533146014,0.006350555722779483,0.1420385188513145,0.11792316195239677,0.31591913712642195,-0.4097639115830254,-0.20366716968779489,-0.15691296901656954,0.2160601094399625
-0.3799374661928346,0.5705150219170764,0.5974298071427209,-0.5241342462714624,0.220742482538349,-1.9137024375256766,-0.255022055596556,0.4577778846629777,0.10816521128575894,0.12820384880279964,0.49910936578437215,-0.006968240851047247,0.31375354654132204,0.1885923475382324,-0.2533022655995853,-0.17795930769906082,0.02444983434998982,0.5262635577866708
-0.9239653627130149,-0.8870971708416551,-0.871616417214855,0.1581933852463252,-0.10111347539763103,0.7184231621722608,0.0440043806357424,-0.3081541197869413,0.6181919770467645,0.444289132710601,0.8075522270257607,-0.16133834642450334,-0.1273005898929596,-0.21458384165488825,0.5381860095985682,-0.5827013993399524,0.22874556437859894,-0.5737389340003539
-0.6317422951177878,-0.15171151489114432,0.11956755340541081,-1.3010470043577944,1.1301934110903282,-0.7427809738070851,-0.4375111068313763,-0.3521820955622306,-1.0689734777990254,0.22865056535255268,-0.36263406232738304,-0.5523720894790871,-0.3434643711150238,-0.2116846140467531,0.16155121030401587,0.1325005281329265,0.38234511149953276,-0.30732949249114344
0.6877662586051136,0.17091380982437476,-0.9642721000964705,-0.6195953904162522,-1.2134330919151881,-1.3021144467505827,1.94235977094833,0.012035669796607307,0.9728899554004542,-0.5876408027878595,-0.20437387561287862,0.38449799790410366,0.5535527599842345,0.47906376160612596,0.06302159726960521,0.052361259797556126,-0.10622631032495794,-0.8495144467390325
-0.5913709633686246,-0.5306373191957776,0.46053945985961575,2.769334915679441,-0.34533616389186406,-0.4410097984553363,-0.39167156319353447,-0.5366780547790297,-0.23514672413687987,-0.5972524734823293,0.23249356809698274,0.4923604593934531,-0.013263787059744125,0.6079939002319977,0.6473409339095815,-0.266175755289159,-0.028186813720142312,0.34073264951862764
1.236525826325876,-0.849916349908981,0.8671721821855687,-0.4590004772433086,-0.8319446554155329,1.156036086044753,1.9592938125251682,0.5539476515679265,-0.31549279360572485,-0.3985417774696802,-0.5016625919061325,-0.04317856979141427,-0.24662657584335665,-0.11177102811075951,-0.47297355004807445,-0.3403206983276826,0.018511042804476574,0.31768241821147586
-0.2528751193219851,0.4373271867008277,0.7367048449488778,-0.38149475587551607,0.09115141849332935,-1.7949586349513746,-0.1547202352273606,0.4424836594528159,0.24651559189567301,-0.022443012554557468,0.5458123943775655,0.9581737057831328,-0.282639955774922,0.12827035854051894,0.5030116919591141,0.03697826665723569,0.3997620740626092,0.13428264040783777
-0.878669085528454,-0.8734071889164945,-0.7827840310946861,0.36252905609210395,-0.27223042304894357,0.2983888582833616,-0.03602529292633008,-0.338327583109651,0.6032976359563549,0.14590744597649327,0.7581855567889073,-0.560111384132592,-0.040387490825275096,-0.6575690588592471,-0.20356482319540042,0.7753623475482119,-0.2151801912715452,0.13210550006346305
-0.493143914540508,-0.4523508877276252,0.40230527061256227,-1.3270421622365087,1.0827618672647303,-0.5317746214249072,-0.2598803718665639,0.1856092786867127,-0.09861646775228528,0.6292335806180204,0.41393229870994364,-0.20977621569032084,0.2418394540019313,0.12138280408145097,0.042868922389683484,0.2417085601937507,0.3490822887186432,0.045442678057248886
-0.12210229552823632,0.43867382421073775,0.6945721334130324,-0.8941243172398077,0.8547251363920333,0.13641584308039023,-0.22312432569466353,-0.29015159627722026,0.4740048108681188,0.3827179476934255,0.6204376461946799,0.5020315287084103,-0.7647931345566773,0.4935834796825488,-0.5978380456891907,0.4183214788775021,-0.3701041019680295,-0.6824815547589203
-1.2880036068894016,-0.8972915926412364,-0.848465775314746,1.1428272066101115,0.4214581073784049,-0.10602803504378187,-0.18500494396330844,-1.0023537678986643,-0.07219967090095934,-0.7043272949318675,0.32605700283284145,0.6602359771083837,0.4714649945113778,0.07987177136933254,0.37172436065065906,0.46531384042399165,-0.47149931215323415,0.22541502405964658
0.32735288272497065,0.5040138932999969,1.6159620534222745,-0.5687675025456965,0.623156170555152,0.47369667536365834,-0.11290230979438406,-0.30332317346767407,0.10994024412372937,-0.3253118832554952,0.2697867839595465,0.29225380651823835,-0.25496326378966505,1.2778360814641063,0.5612399664411187,0.018292428968098906,0.035556697752487376,0.28005632021561694
-0.4962877227222486,4.20450769558328,-0.30626264260316066,-0.41347863901355253,0.448645537058498,0.5370910829012338,-0.10919506730162712,-0.19037690326085524,-0.08632717496535389,0.41913915148336656,0.21544867534887002,-0.35376832753531245,0.016640903305939536,-0.16272953980138083,-0.15758612562281987,-0.2093898939736576,-0.45683080624049116,0.1448573814434353
-0.9676926373111723,-1.171555610755387,-0.8989891843759019,0.12868573947575912,-0.08418435446648169,0.3428635113843394,0.08645288002269529,-0.08619631117664031,-1.0860205471082895,0.7488849488428129,0.46028036951426643,0.5134204438992844,-0.22215820805390712,0.310926076779129,0.1887303398881034,-0.053983094664331155,0.04086466585821458,-0.0059034766352562
-0.9652714676038538,-0.2476651746179621,-0.9418101392554037,0.824878458735368,-0.8365055292415066,-1.3008553111060661,-0.27854697371285764,-0.7555315194801364,-0.17578411439905534,-0.8801045318153753,0.009103104126986339,-0.7127233844678296,-0.48723706877204453,-0.2316280335308511,-0.0614547076953646,-0.2930701301111299,-0.09651485094846057,-0.24781820586891848
-0.8962891776115249,3.6883795116157714,-1.3383708218103978,0.9342090070158757,-0.7732725116650644,0.2808615614725914,0.1458415526627072,-0.03477634862965656,-0.5153968169928856,0.4151943951481066,-0.9128176514399897,0.17115130278256724,0.13400934733355246,0.3061892750270644,-0.6875563352181246,-0.48577522737718504,-0.38463573382681104,0.06760590150746665
-0.14527813189693095,-0.8605381916686279,0.7497529602180035,0.38576863798626326,-0.193277946546963,1.3462134644615324,0.1606839978279624,0.2378889374960443,0.7112176141378026,-0.03862447882674935,-0.8037827493636833,-0.8009366879729523,0.6850884888110603,-0.5151745969841061,-0.28408301967297517,-0.1381536863623055,0.17606359571526753,-0.43083940236176843
-0.7989531636220293,-0.4897145023422831,-0.47136406887080595,0.1336852177824962,-0.46262345687144124,-1.351688392864919,0.14825417583387052,1.1470308947662362,0.3434683921910516,0.3502959688861884,-0.20941337069622462,-0.29207501908071104,0.15525427733363784,0.22222743650785415,-0.06660466079102134,0.17248530113506338,0.16658178102602184,0.196238745196132
-0.4962877227222486,4.20450769558328,-0.30626264260316066,-0.41347863901355253,0.448645537058498,0.5370910829012338,-0.10919506730162712,-0.19037690326085524,-0.08632717496535389,0.41913915148336656,0.21544867534887002,-0.35376832753531245,0.016640903305939536,-0.16272953980138083,-0.15758612562281987,-0.2093898939736576,-0.45683080624049116,0.1448573814434353
-0.7336369683121364,-0.641800535381152,-0.4690194196583261,-0.25139350497455915,0.207875170594303,0.44780876912324485,0.006885744274653369,-0.1675346989745329,1.0550234563160477,-0.6285580076327314,-0.10429360575528596,0.7862372290293358,-0.4677324448879818,0.2753130113057515,0.3653654566253328,-0.17120899370698917,0.3238021217331911,0.204944135995968
7.224714458841982,-1.0223236703654262,-2.0890069526881163,0.7528068566032274,0.7445704185643985,0.9690265582642079,-0.039172428886054086,1.2612550680966281,-0.32336562485745546,-0.825845665711135,-0.5089722385508872,0.4205932911190125,0.015722355319248316,-0.28746884643499665,0.05051230099001808,-0.15037922492172404,0.5697125497222658,0.5112157708721548
0.5756622676175983,-1.0021255477447044,0.5054261200382291,1.0703117664361925,-1.4200586082166429,1.8239740616108677,-1.8968288165467198,-0.5663856946425043,-0.7053403025323045,-0.7114544451684205,0.18373816118511188,0.6165281382530229,0.014724535967430175,0.10861365377260845,0.09920708775080161,-0.005343693289023899,0.26900039815590704,0.16584594764495547
-0.9864681336468257,-0.3981082388156607,-0.8410048348535422,-0.6651311966294692,0.454943573996528,-0.12282707708412936,-0.07128331516727258,0.22662837397706606,-0.8802197918932998,-0.8229703510053983,-0.7658605868436938,-0.20807687992792095,-0.3844366082911073,-0.02306621125165015,-0.3495447045033122,-0.31140432820676156,-0.035848525808742204,-0.02640510375895161
-0.7179770663747704,-0.7351595816217456,-0.42598487060012363,-0.09347710585077813,0.15292416998237196,0.7065125378231072,0.03292316638327396,-0.03268614778338416,1.007813668947677,0.5284958897687996,-0.18072200859734128,0.10497036427798212,-0.7477185443689176,-0.29832557185360925,-0.3420661979898281,0.154942320928174,0.3365408207124776,0.0793764419385195
-0.9837769473760041,-1.1913113598756226,-0.9357623976052003,0.26409216954889325,-0.09747148894955103,0.26285065728604906,-0.24508056172414747,-1.1690516752389073,-0.2065226794681097,-0.2683414554848842,0.33136130259425256,0.24981001449531753,0.33378192572929266,0.28376884808382197,-0.3687927939472718,-0.1980565543908136,-0.3084163445687833,0.054205356676932326
-0.4328771457119563,-0.3439415385397486,0.46627994408955,-1.0605476791308033,0.9754626293354859,-0.3984058265359902,-0.5056167077080898,-0.8407050144482513,0.8063244709705415,-0.09044925163995096,0.3751990866402519,-0.06073810239022864,0.14978800372666612,0.07106394169004182,-0.190256121017856,-0.17746710972983523,0.0077801724627269975,0.11006829697242265
-0.2309200080869993,-0.8948331490791508,0.5710190209663653,0.5071380589477559,-0.2386392492453322,1.0059627815254297,0.003979913980633146,-0.5444219252920484,0.012431638165517164,-0.8544644600612508,-1.2575747783456928,0.43512178486327346,1.2153854168599585,0.17739058854545509,0.28076178978379107,-0.44651918993637285,-0.05676308129562829,-0.3143740408994961
1.8564407175308293,-1.3159452205217448,-2.203811062697481,0.11984507353893793,0.6779174330894054,-0.017697949638475402,1.633269681167667,-0.8821433328033639,0.48877936007007167,0.07183874522044173,0.6974100358596751,-0.7831676641336054,0.19270709778226602,-0.059179905842002556,0.028954951177160182,-0.01941705747981537,0.3643680561077969,0.18246866749523322
-0.880834827594591,-0.5492662228703551,-0.81615913784897,1.109584813439629,-0.9992172949640946,-1.152895685094268,-0.1995144408723681,-0.9061456099504748,0.08484799840169006,-0.5649884616115456,0.2332038862465523,0.6361437724221954,0.4800295562085646,0.2835291967366932,0.06404218280714669,0.21648756569102995,0.09922860383886811,0.07706089377333997
-0.43216831799678174,-0.33288304861255313,0.5163536984863613,-1.3580754527988232,1.0869093279540478,-0.592593941558265,-0.28608346198445667,0.12303652323708039,-0.07029815705677345,-0.023339578497621777,0.5537839558749436,0.1591914051521959,0.21910399780427092,0.15167164358374996,-0.25422137522314026,-0.10246364322750429,-0.015861768516124253,0.10691031770844478
-1.8233094714548068,-0.6817053529383053,-0.04728938888284295,-0.5244888170661166,0.02637431905294195,-0.15897020813604246,-0.4634247726930574,1.0216785079036514,0.20197750035294987,-0.42149723988701593,0.011362519292698103,0.15427907509046793,0.11046163748472021,0.07713158289412225,-0.05076663218998512,0.13417681823897382,-0.7767660796501432,0.3593835678201644
-0.8381484363204343,-0.577258437572522,-0.5928710225993277,-0.6617084817638831,0.4054314828719197,0.11281989652997866,0.1529312508561447,0.7372312711776152,0.13346956964314327,-0.8164811512867252,-0.03940778083511215,0.5926012315661607,0.28113365757821007,0.38667253707539195,-0.0021274719237722173,0.12101476629970126,0.3183860784866047,0.28434189148745764
-0.6606891679304869,-1.2731562276590538,-0.2927486544025284,0.8663111336887552,-0.42370768313606905,0.9262106533120555,-0.25922908137112843,-1.0061875704891237,-0.4751383501706335,0.5744577007440282,0.1266602433686015,-0.026211514871274322,-0.1579620085358264,0.5656256107999346,0.31211875350405416,-0.5520091090710482,0.23944098916485435,0.2504805202564104
-1.270612062574544,-0.6828044871780523,-0.31881909630584276,-1.0345684158393234,-0.20183281569868977,0.4029723652755811,0.8231821841877462,0.75850596828356,0.19127467833958572,0.6372556293299814,-0.0634877928616227,0.2780967949828028,-0.09541881236935168,-0.06528934901166372,0.3233048042812263,-0.5498432976813619,0.16770661763021744,-0.431933587540286
2.039162092477123,0.058487845105788194,0.6765057220276265,1.2273754308401594,-0.8507006262536528,-0.26594278778381425,2.642527919191305,0.2703318862446387,0.504729276102492,-0.7349975873577337,-0.6487836465305186,0.1113264267988579,-0.27306065491217485,0.49657583563999996,-0.07922494867242375,0.35756041183937454,0.05517732244475371,-0.23088410437001786
-0.48046748903756326,4.331200023818486,-0.3276499682104425,-0.3820629465158508,0.4336776184718079,0.5555912707670952,-0.07712660768724149,-0.23132005638319278,-0.05005630887069282,-0.007541709745301189,0.19320352825517406,0.0977113474810744,0.14829287460163088,-0.09956633003224086,0.22917989795241844,0.17317395870658253,-0.0077365506406635864,0.12606664313247762
-0.8860750497187571,-1.0050673111123463,-0.6123546542343181,-0.6803917336105378,0.4241544305564123,0.08255813738125899,0.13475651459647686,0.843181676355466,0.08836858041591304,0.22026211378418203,-0.13350110144222044,-0.22692910199120225,0.14065861815005715,0.28563029762412295,-0.11267361397020165,0.14050503373346007,0.20803108821819782,0.15459246978876656
3.978836081471524,0.5401229537373726,1.2843877941748065,-0.7887232359283122,-2.093592577388959,-0.44415897977686225,0.29010244900736737,-0.20059556331089237,0.143809456548337,-0.2680942138917627,-0.06000487764795287,0.17109736934869085,-0.0767762001654611,0.23804602603965086,0.22128893529368454,0.4006225830086401,0.20538723760780309,-0.1326549925203651
-0.13173704567745514,0.6079710984394754,0.7347471043929041,-0.25761051296866133,0.020309194162892605,-1.6042129354307046,-0.2352302561525784,-0.0118227373970817,0.7232674899389395,0.3876364596048529,0.5062458778641283,0.33166786359997685,-0.5971809400557546,0.6950750249951373,0.08551223572879779,-0.008468457549266728,-0.42560245887342096,-0.45929500287353286
-1.021736506038415,-0.5585695428896602,-0.9495343729721231,-0.16847818705680173,0.15498695755237663,-0.25747276978329636,-0.24212474075586635,-0.568994853115308,0.06939767175400612,-0.22234079316807084,-1.0933749594078972,-0.8147970841304637,-0.4894856608458637,-0.4399807535804371,0.4132806847828143,0.23878308085502292,-0.32374892733554683,0.018134521664113057
-0.9647557130535503,-1.0256972153691823,-0.9534311859065554,0.6146041281507809,-0.40078337129611535,0.213838956601962,-0.11279764036483539,-0.9605814663984709,-0.13463444572345634,0.7068650571560277,0.2769728725859164,0.26814833554878936,-0.26699866193287275,-0.08161755629722683,0.5960023507267869,0.15350298451805583,-0.5241781724764193,0.21041074578848246
4.890816693429912,0.2353563673937551,-1.758989753243112,-0.30266655459605374,0.7631352330080438,-2.1820614631621895,0.08426263731643042,-0.1513859071507331,0.6386081260694185,0.1455287403529503,0.3864892245988307,-0.14862642637783613,0.19259124864363486,0.41811454188323816,-0.22016097421970893,0.05759899021562975,-0.3033894959883508,-0.19653107088333188
-1.1097231982715112,-0.7255689371896967,-1.2012173996265572,0.2302254129116501,-0.15902742071404224,-0.12900213053118242,-0.245558819496256,-0.907451599977773,-0.3844387635121875,-0.3324754463461954,-0.059558911477667786,-1.0418876890289082,-0.4546217315593255,-0.5104499430995292,0.5328733933716783,0.30161135159323954,-0.27880626583500245,-0.1377758777677189
-0.8765759476555829,-0.06960729039072944,-0.6400533582041583,0.1286470850988961,-0.4110444523565257,-1.623514065380455,-0.055579649248834836,0.5466667650676602,-0.5985703071601766,-0.7028602054949215,-0.8461280745685515,-0.2657032720269606,-0.4527850039809779,-0.08055114211805076,-0.24501267048951275,-0.2808949343470155,-0.1650994534278562,-0.09506578570106441
-1.1028836280916252,-0.10205647049956412,0.7580117531059272,1.1621200300464085,-0.5180662795113778,-0.362677195917923,0.05059215164567246,1.638111479880123,0.3487213247763545,0.649006592847849,-0.4701576311803942,0.15782600872152341,-0.036891012814514235,-0.5933460896994209,0.07001828893289125,-0.012768424732113814,0.19210507262792265,-0.6355819847836159
-0.4179496508659678,-1.1597988965583947,-1.0047510745945376,-0.13601834006091085,0.7620832440453043,-0.12856545994143853,0.46494560826151743,0.1257434705090917,-0.6554572167650118,0.5580916213027309,-0.6619917275947146,0.29331406096027535,0.40554810822118603,0.37131308720362244,-0.26405251330187085,0.11796674783391031,-0.0001743467743856586,0.18621978973960046
-0.9684014650263468,-1.1826141006825825,-0.9490629387727132,0.42621351314377914,-0.19563105308504364,0.5370516264066142,-0.13308036570093787,-1.049937848861972,-0.20939791908097466,0.6817752757004837,0.2816955002795749,0.29349093635685986,-0.29147420213151204,0.23031837488542073,0.2526955940933875,-0.12898656116666213,0.06450660683706588,-0.002745497371278327
2.3692829086930463,0.48944470135586227,2.0628378098505564,-0.24121696780875113,-1.3236986623008327,-0.6393760765189885,1.629575595344705,-0.4110594555038269,0.1592823775038834,0.10265357790319021,-0.01909884759313879,-0.3430149232471505,-0.2570742617863038,0.27944971162387366,-0.20959094373450676,0.058853520380298674,-0.2794413894293782,-0.19776719048656544
-0.9079751696853309,-0.6802874996091348,-0.674975770003738,-0.4807354264157164,0.21320738672245304,-0.14082991089398744,0.2014573245305507,1.0268594762970538,0.24472618656051465,0.3490796684168732,-0.14258743421375802,-0.15230937749576395,0.5796185991552114,-0.3522812477286335,0.3735367130099838,-0.012934447694016582,-0.4365027115853639,-0.21234705627572434
-1.2121373547711158,-0.1631286890540633,1.0194934186894735,-1.3534586795379175,0.7121817030207328,-0.2701193710089342,-0.5086314172060772,0.23509205555381538,-0.03821678109743987,0.26772718607761953,0.6472648569788497,0.5982229381168125,-0.45330158081966565,0.18242757872243587,0.07416548472261963,-0.3312777650632469,-0.02932393029335617,0.05693624810431602
-0.0067248270909262,-0.7429389936858362,-0.5122666133193701,0.03194790496046494,-2.2150467909095077,-0.9641923190360697,1.8521661722499838,-0.43113089198014504,-1.0521156166542722,0.8894423470156603,0.20805228319845304,0.19878837556795984,-0.07659005071573666,0.3577574674496601,0.1801233266957576,-0.29822212002349013,0.2774638768625559,0.14226706580107257
-0.7289979690364567,-0.5758814655741897,-0.36697882216964156,-0.36473560810668226,0.15737811452535483,-0.08508921612438479,0.16073894141979983,0.9012979459885135,0.20882975389074548,-0.32942138681869504,0.0428060352583694,0.2558763491507937,-0.02867088223186881,-0.47620332794414777,-0.6842130836023723,0.44336533989107124,-0.6487088509857082,0.3463255598825132
-0.7625061851422253,-0.46015182919160513,-0.5421968902898529,-0.23309265506329158,0.19997268080718295,0.5203896605394608,0.01919511103782838,-0.16996919558041376,1.035535268753105,-0.5860472523593289,-0.12780679521948152,0.7853202667277952,-0.43617392055785986,0.28290320148558157,0.38623587270934756,-0.22909091039973317,0.3500069136365379,0.2920166563544208
-0.4163922150052414,0.3347481243996435,-0.16560449473653827,0.5787544092141796,-0.7190376196414189,-0.7549953523263103,0.22337788152996138,0.6361391497685127,0.9639027936236013,-0.37021599140043226,-0.02225456215248328,0.9051750834230323,-0.7377793889948425,0.4422991944190273,-0.3010202057085955,0.6374348325648311,-0.020670506429692037,-0.45182674217018304
-0.7152053470987771,-1.2033964877050864,-0.32568713564266344,0.11155047641848602,0.08036328579976308,0.44830434000429326,-0.1529836983963961,-0.7034714424034605,0.13119914135928257,0.4606357293078246,-1.1738437985241728,0.004748070625919365,0.44220393923864054,0.3894957578195517,-0.05303339070256252,0.12300163413158899,0.061950004836478834,0.15934570556540434
-1.0447525439197303,-1.310779198990695,-1.0498108254789993,0.2951254601112077,-0.10161894963886862,0.32366997741940673,-0.21887747160625462,-1.1064789197892748,-0.23484099016362153,0.384231703630758,0.19150964542925264,-0.11915760634719913,0.35651738192695315,0.253480008581523,-0.07170249633444808,0.14611564903044144,0.05652771266598422,-0.007262282974263623
-0.9208957496091638,-1.1910253788068232,-0.8344214309765008,0.6415653458283644,-0.4110598429974274,0.13652541941596752,-0.17216247709694268,-1.0218806780505805,-0.2545820082258313,0.39076131244111245,0.11605685333759475,-0.22830433838659786,0.4145429411117967,0.05662247335713011,0.3257439980481287,0.39179944451941934,-0.4283710418026867,0.21379030516441638
4.811310645143265,0.36689601259645366,0.8595493283519318,0.16007925713560195,-0.8101803924943459,-0.6764671940548287,0.5447595874147338,-0.05395449921427861,0.13519016144316098,0.10964235121070068,-0.014061990318356365,-0.32484295948580916,-0.20258047450421102,0.17838373985612466,-0.1473056881810172,-0.019087875579597957,-0.23940279054648644,-0.10702345034080404
-0.8722999808877728,-0.8728960942594985,-0.8177355345818358,0.7729029292099493,-0.46655482980541874,0.4302235930343281,-0.08089484875972197,-0.9292488237792922,-0.11725505630165393,0.7846649342132487,0.31815097981516494,0.4073287666563391,-0.4380682463157777,-0.5618040901851488,-0.02175357792595939,0.518045948412204,-0.4272892751320727,0.12751995307127212
-0.8546774977202942,-0.715009255734923,-0.6215574513888571,-0.3955964005935647,0.3089527028400479,0.288507823686392,-0.09867045448187407,-0.18556711338537904,0.9738213315757971,-0.4569099632003867,-0.19574750297610766,-0.07880795099265064,0.08016569220491382,0.2429016254125439,-0.3249282412937262,-0.33655255288286984,-0.10706623613437144,0.3062906090623932
-0.48046748903756326,4.331200023818486,-0.3276499682104425,-0.3820629465158508,0.4336776184718079,0.5555912707670952,-0.07712660768724149,-0.23132005638319278,-0.05005630887069282,-0.007541709745301189,0.19320352825517406,0.0977113474810744,0.14829287460163088,-0.09956633003224086,0.22917989795241844,0.17317395870658253,-0.0077365506406635864,0.12606664313247762
0.9410096959520997,-0.10948065232996962,1.196375033649065,3.1819590458730964,2.671351667859168,-1.4989522096446362,0.18196432861826042,-0.6910523393828936,-0.06447780033280534,0.627546865188521,-0.7468533003488342,-0.5660915856782471,0.9407408814757033,0.07415015978024575,0.478172538718045,-0.12456182077701206,0.05915420633096258,0.38985922948917145
-1.0195924906146399,-0.8286459887021553,-0.5939749221126525,-1.1488115081801857,-0.16487777044553084,0.2605254315927441,0.097041184517041,0.8713954842747236,0.1556516147793951,0.347001190805296,-0.1512814979921288,-0.10931351593438804,0.5593851873996074,-0.054435477775635954,0.022669733980141105,-0.2826161316639504,0.15937043507489546,-0.4229919213127846
-1.036573120015896,-0.6363256551528205,-1.1041880502261978,0.042217199840035566,0.03530443959965694,0.15189140700597348,-0.2599761753358656,-1.1003238910132442,-0.39461306007953284,-1.4368192481460493,0.06277022628729467,-0.19609779236193398,-0.37018075665993383,-0.10506196264544249,0.27924236270069347,0.05751345516750683,0.39402871184354304,-0.30825521958724145
-0.33263006480011953,0.799365673103917,3.1740215215269085,0.8361041794025551,-0.7167004225248487,-0.19959181169808055,-0.6497399427329976,0.3618981229826182,0.20008398456073895,0.06668598828146513,0.04023273948991474,-0.27483134996983766,-0.34270733114032687,0.7407201014770449,-0.14377099002043675,0.2850322234266694,-0.4800263200057371,-0.4988724058071572
-0.9774556446128887,-0.2876775546632364,-0.9256824942032903,-0.3381855502171488,0.3414163280789558,0.09600165917007546,-0.24423272983230096,-0.7643016407566601,0.039735187623718055,-1.2841738396945221,-0.9945590111071303,0.030075850234969892,-0.37348616161635007,-0.027002582946520193,0.18052007019584426,-0.06319673226345363,0.37529084224634535,-0.06527229979695676
-0.41755583449588823,4.495442266886815,-0.2093988323773634,0.039688450802332784,-0.02932069023313623,-0.23342409523147245,-0.08606021244723917,-0.0858295878238032,0.07988476427423295,0.05627108458624744,0.1425910334425431,0.08499225601496335,0.11653132591315574,0.08617838888333207,-0.0026609301246066086,-0.01979365929775001,0.42559770030507116,-0.05123229593983247
-0.8359786704799185,-0.7200977765416188,-0.619933390560421,-0.24051021472212664,0.21290090286878782,0.5899525229201469,0.04743845937613203,0.030302627075523753,1.0720284123129582,0.5544237858887255,-0.22626382090446878,0.06575225847394112,-0.1621645191794978,-0.14411465213579605,0.41859330100970427,-0.6455296700781689,0.18380290287805467,-0.417828534568522
0.8701463358185986,0.5500483998600891,2.6634920188790874,0.7275391805629093,-0.6123405658701718,-0.43888595421817955,-0.007563075385261117,0.18835653783400105,0.1958398090578648,0.04075888071191017,0.029160612856784007,-0.279980386590109,-0.3214110601374533,0.43520623512724455,-0.14213106267000675,0.12766922758232696,-0.35836427711912416,-0.3168678629188064
-0.32328150170215336,0.1965583876888808,0.6072667905843461,0.1911138934066729,-0.07739901991197119,-1.6978146345860439,-0.5908829166042914,-1.1529854650152467,0.33280790882682665,0.458598396686306,-0.18975550720856837,0.5680880197126843,0.24362490709530427,-0.3535988509439485,-0.9045299416498169,0.2368419326270122,-0.15686821541671175,0.05972144706740162
-0.04774370907829717,0.3280705803756133,0.7205606483827747,-0.563383947716933,0.020559594523617317,-1.8636099278112408,0.20024286018589768,0.3116636722230121,0.19881128340402365,0.19242203024833293,0.5098923075054527,0.21648687255180102,0.07230488314118855,-0.41533011350943383,-0.8428881493731618,0.28587885828576126,0.054449049012069595,0.08055334559647848
-0.49385274225568254,-0.4634093776548207,0.352231516215751,-1.0295143885684888,0.9713151686461682,-0.3375865064026325,-0.47941361759019696,-0.778132258998619,0.7780061602750297,0.5621239074756912,0.235347429475252,-0.4297057232327454,0.1725234599243266,0.04077510218774283,0.10683417659496769,0.16670509369141978,0.3727242296974945,0.04860065732122676
-0.7400385385541111,-0.5372492313494177,-0.43587200748918403,-0.3707062098541293,0.24358100752613404,0.5787648808509798,0.2502504074258629,0.9148662172221236,0.10464136796237782,0.6055292725026584,0.002218079108203652,0.31738034682993754,-0.5954584954178616,-0.22363580020976914,-0.4644945330297315,0.2314166609723623,0.40070050016056424,0.18652542002401978
-0.9767468168977141,-0.2766190647360405,-0.875608739806479,-0.6357133238851689,0.4528630266975177,-0.0981864558521993,-0.024699484108667832,0.1994398969286718,-0.8368874404035969,-1.2170641665521928,-0.8159741418724389,0.25000535777739447,-0.3041701675387452,0.05360511894718789,0.11655481599056011,0.011806734238877292,0.35164890126749404,-0.06843027906093474
3.1100523013593744,-1.0367652554318847,-2.5846855997813747,0.49708395472171973,2.478961109198533,-0.46168107285895943,2.062548865260912,0.669833554968623,0.15287997414192905,0.3364396432857254,-0.13948896726486798,-0.2894982993792114,0.6671472092490595,-0.2914201062893868,0.004401917908822217,-0.5483801365429084,0.24248468006831303,-0.14557467118026216
-0.48046748903756326,4.331200023818486,-0.3276499682104425,-0.3820629465158508,0.4336776184718079,0.5555912707670952,-0.07712660768724149,-0.23132005638319278,-0.05005630887069282,-0.007541709745301189,0.19320352825517406,0.0977113474810744,0.14829287460163088,-0.09956633003224086,0.22917989795241844,0.17317395870658253,-0.0077365506406635864,0.12606664313247762
-0.21634401758212624,-0.5666057775994489,0.6221093910346163,0.021517745960714083,-0.04232423107563889,1.1052841006092704,0.4182698182147536,1.178559763343073,0.020866458478645572,-0.21534453510530924,-0.33435589590899556,0.4786462602486987,0.10207889163026113,-0.6984901573598097,-0.2661639766075243,-0.4856939489422838,-0.07982066853065733,-0.6363718622342731
0.5504007490014989,0.43204393972948485,2.333843360763436,0.41790321981869494,-0.38231401657454894,-0.8338811191052135,0.01936073976134757,0.6396948200027264,-0.16988599849049957,-0.5040015807519733,0.002682620616188125,0.18216981318880904,1.1238326169272281,-0.6049866673292935,0.17563918822622537,0.02600432186243501,0.4925017800576582,-0.34325108167738316
-1.5433305490281395,-0.05836061690606864,0.041908401245591476,1.6595969741451122,-0.695686699774129,-0.6935475519071002,-0.3065956933913432,0.3943960403313937,-0.741492775770354,-0.08616893548116569,0.6427337535785589,1.4526860937352393,0.15202066270532455,-0.36175597685230754,-0.03231384773967172,-0.07613472195648985,0.04833202779309809,-0.5076575973711824
2.0075036798949366,0.19660820639847665,0.9947157233434794,3.513377648992124,4.754734954525497,0.15498803196460276,0.3889168450689914,-0.3127323501265557,-0.5091089459566848,-0.21369876617264047,-0.23051042014656412,0.8134837282311189,-0.02590313946141526,0.6993109818016384,0.06651052693665388,0.6721833281594705,-0.4267012557888996,-0.4378755270920907
-0.9911717649208619,-0.9957622403374506,-1.009023830058585,0.446512182808448,-0.21642091415984344,0.6034920844567615,-0.13528637038198202,-1.0661270215417962,-0.2359475920389592,0.6916989852920132,0.2860507187504282,0.2859714113663908,-0.20853014725806082,0.22440044463555275,0.19423251325876845,-0.12751568762480475,0.15230822726400373,0.10756145997819971
-0.4328771457119563,-0.3439415385397486,0.46627994408955,-1.0605476791308033,0.9754626293354859,-0.3984058265359902,-0.5056167077080898,-0.8407050144482513,0.8063244709705415,-0.09044925163995096,0.3751990866402519,-0.06073810239022864,0.14978800372666612,0.07106394169004182,-0.190256121017856,-0.17746710972983523,0.0077801724627269975,0.11006829697242265
-1.146178229066511,-0.7097281588511359,-0.5878709134990577,0.09602151875302435,-0.2494237454518234,0.7025000820745924,-0.4310454442143631,-0.4295239451955261,0.5302985437756789,-0.5227074462031801,0.9090827392050649,-0.15238600916189332,-0.014130382700429267,-0.29914847630839775,-0.8931224162579863,0.17104885831881772,0.08657164363386993,0.06763280189967474
-0.48046748903756326,4.331200023818486,-0.3276499682104425,-0.3820629465158508,0.4336776184718079,0.5555912707670952,-0.07712660768724149,-0.23132005638319278,-0.05005630887069282,-0.007541709745301189,0.19320352825517406,0.0977113474810744,0.14829287460163088,-0.09956633003224086,0.22917989795241844,0.17317395870658253,-0.0077365506406635864,0.12606664313247762
-0.8214537012022343,-0.7286825866838733,-0.5026744734943613,-0.5230344091658506,0.22314957303465827,-0.30147385255675097,0.1288361498146864,0.8699653033693346,0.1914503644689431,-0.40722126387591606,0.001627928029120873,0.11669591804324392,0.14239870215103606,0.003983205943774215,-0.0664571549496259,0.07882237599692293,-0.7455977483300549,0.4292163525997234
-0.9296803557081847,0.18521973637948297,0.7307786055896826,-0.8605975333016463,1.2780906172852555,-0.2521801000489622,-0.6514252694083955,-0.23930088240996653,0.447274548931689,-0.016030452464832895,0.5045482411090609,-0.038171592629194895,0.029864095749062347,1.0541194318761322,-0.29084569413852995,0.3546133985378856,-0.5018536354092222,-0.6487802025497844
-1.9860430500129516,-0.8009411304793776,-0.4770726750223009,-0.08789624430000288,-0.3031484031407508,0.1315787843110301,-0.4043584719777109,0.841983146854165,-0.19945710887828622,0.22589291881598125,0.9007642822494659,-0.3415842320127969,0.5832074749784779,-0.351538829673102,0.5088877269886456,0.1035733274365721,-0.4226339168008514,-0.43551866832186387
-0.8352698427647439,-0.7090392866144228,-0.5698596361636097,-0.5380379883901467,0.3243476014873497,0.39576440789787215,0.2669717050997652,0.9940441647608556,0.1954057842856433,0.6215334590310548,-0.04767895166977715,0.28568176601636563,-0.0928485251018929,-0.06350695024208786,0.35462804680442006,-0.5705262035758379,0.16016096189920337,-0.4209865138324999
3.4588198568352357,-0.4741851430238342,-0.9181093489650313,-1.1533423104547431,-1.433376798019069,1.2252149751448282,0.31115139316985285,0.2928485709416651,0.39150852881219655,-0.6214578676068654,-0.49275026656038295,0.6877350165752596,-0.25919259185069554,0.0371453916981247,0.020290725906207063,0.6988472795577436,0.1565812688398277,-0.4565452724879481
-1.4129749118912873,-0.30268340672652383,-0.2902030381423319,0.252946174933084,-0.9031648416187869,-1.2417614867763493,-0.6733374787427137,0.6889772549802846,-0.29331159416689895,0.14162618624438458,-0.6004130472690076,0.7742583551333924,0.7790833343056734,0.08815012748703654,-0.344123711363965,-0.5488496758186906,-0.4933794126914338,-0.37633338586955145
-0.6666333294105684,0.23633374686842212,0.059653076698258145,-1.2811827492234678,1.150804453102483,-0.6296429395283185,-0.4199473616808693,-0.3212899525471035,-1.1456099212316315,0.250160137550968,-0.3413963831639505,-0.6533858183928214,-0.26341048156155344,-0.11136104897600191,0.11640136674839052,0.025024596259766718,0.4641060215578229,0.07037747217971724
-0.29521001066756647,-0.0355468086387003,0.49300863232310577,-1.202775517394267,1.001099185036921,-0.38334805417173334,-0.33452502329528877,-0.3722130267351547,0.4427246070811542,-0.03994096756687912,0.4919722922678105,-0.015834762014573123,0.03621498481912977,0.781639519807508,-0.2849548078782182,0.23465348524623347,-0.3921320458523268,-0.5054580638838836
-0.5556552926045508,0.0833901625319371,0.16215490127511667,-1.0031368287543874,1.0079262545743939,-0.5909119910523066,-0.6511789830585165,-1.4194395418195322,-0.12776167298153757,-0.9177131281340865,-0.4236124214907707,0.04814569883739189,-0.30386385009459776,-0.19884026666902238,0.31519219047171465,0.09588871088958084,0.49013725084344417,-0.26149461188692724
-0.8979747394386164,-0.9369650279893007,-0.8214503330190464,0.01622204196132125,-0.01212710422594103,0.36289775938815144,-0.08234544037105307,-0.5625325167643007,0.5757439499672072,-1.0362362328805819,0.8393365873246212,0.14649808142683238,0.21512306845702145,0.22800545548276163,0.16056007478636103,0.16672148722833097,0.3607658890626535,0.04451695096115077
-0.974770569667028,-1.183125195339578,-0.9141114352855635,0.015839640025934063,-0.0013066463285685143,0.40521689165564767,-0.08821080986754587,-0.45901660819233087,0.5111547731770343,0.04301778746372828,0.7217300772533173,-0.6739492144320713,0.10620655335899049,0.13455340621132272,0.07088434882394651,0.12832983796934577,0.2766156906975934,0.0018400496209124984
0.2488823704820755,-0.7888455772686622,1.8369757458540172,0.010692966996579525,0.3750915109540058,0.43911648623272315,-0.4285230746379656,-1.2974963992156154,-0.4579216445780377,0.5377951772806627,-0.7846313234112374,-0.47741222144919687,0.9379004207123639,0.20944519305005926,0.43612527643748067,-0.030199187021342555,0.21231497497774565,0.22946795018527694
-0.2633615069376206,-0.05191682919475671,0.752797236517367,-1.0686885987070838,0.9271257659985693,-0.1628276561386915,-0.16838356447402647,0.210910236783562,-0.02747569655232418,0.3520038706293249,0.6851479179545144,0.7110203789638048,-0.5999571706370989,-0.3516765240002742,-0.5475792134480509,-0.013022889530459436,0.08900602299930427,0.02853631059421985
-0.9222708128328354,4.057463418449672,-0.11190624078636735,-0.3154551507664699,-0.21787071464541202,0.12181113869715778,-0.8397049732904719,-0.38532576887881914,-0.4831122531821382,0.5031272270380965,-0.19318404313472956,-0.1125744058719636,-0.0978183302992745,-0.12075884609772641,-0.2849207448944246,-0.24182840997476768,-0.4085439758208439,-0.2921413491813766
-0.48046748903756326,4.331200023818486,-0.3276499682104425,-0.3820629465158508,0.4336776184718079,0.5555912707670952,-0.07712660768724149,-0.23132005638319278,-0.05005630887069282,-0.007541709745301189,0.19320352825517406,0.0977113474810744,0.14829287460163088,-0.09956633003224086,0.22917989795241844,0.17317395870658253,-0.0077365506406635864,0.12606664313247762
-0.8804147727932504,-1.0156147063825463,-0.6973799121182791,0.02750991317532732,0.11838332518137522,0.4085809871545002,-0.12964628696054822,-0.7114811019995069,0.244438516185219,0.7919099288786082,-0.7521205476506545,0.5205815412553043,-0.32633813141805024,0.3007875644045128,0.1331028855045236,-0.1918148319048787,0.019563945336521615,0.1531649020605536
-0.3858596563564619,-0.8586304869444408,0.33559209860679906,0.029658665536994325,0.0060126322612776145,0.8697059302119717,0.08103667498069028,0.12694451211125993,0.8546666260015112,-0.6577976573745852,-0.6443047272232579,-0.2931122211053348,0.851824065994026,-0.2757496916694937,0.09115911582267078,-0.6501381691416597,-0.16104651906723438,-0.5548398758560703
-0.8860750497187571,-1.0050673111123463,-0.6123546542343181,-0.6803917336105378,0.4241544305564123,0.08255813738125899,0.13475651459647686,0.843181676355466,0.08836858041591304,0.22026211378418203,-0.13350110144222044,-0.22692910199120225,0.14065861815005715,0.28563029762412295,-0.11267361397020165,0.14050503373346007,0.20803108821819782,0.15459246978876656
-0.7333525487244278,-0.7438568408147861,-0.41268432943261063,-0.255598449445664,0.25108373411786455,0.43231156870254217,-0.0790770296399357,-0.15179997416031946,1.0106889085605422,-0.4216208414165683,-0.13105620628266368,0.06128944241643991,-0.12246241650811304,-0.24487509865520807,-0.9635545860304877,0.08587232770402248,-0.036382130693371706,0.13632729598673016
-1.034870429470062,-0.8735747508886338,-0.5302168352502226,-0.8266092014118501,-0.043007191319671026,-0.11061168528105607,0.9279877541441943,-0.2236683011049476,-0.5970637059066397,-0.5009804062408609,-0.5638059576974225,1.1190013461371155,0.5064427144902568,0.47436375921513463,-0.2070302963503455,0.19594022723128152,0.08883758362296146,0.20094556153028292
0.7988446834065561,0.16138791932523167,2.5011141079082932,-0.055122078332423094,0.25946940297099114,1.0138607638938597,0.011007722991730876,-0.15643583369910694,-0.022989136622612677,-0.5159558356187639,0.08282773501709206,0.23664520551578688,-0.20435474802534254,0.561772306012653,0.19856600772605126,0.4782528128609638,0.1321792856728795,-0.37730487663712947
-2.1713670023655824,-1.1275761510803062,-0.37374805781234666,0.10266347422625545,-0.1222960139901395,0.5553681974800843,-0.7320455509670198,-0.27803769625309643,0.5266051686004676,0.022003075986525705,0.7356065691477158,-0.6345317844238414,0.06718906342706382,0.22402288080502664,0.08902637132467489,0.191032139997885,0.237994735151978,-0.08079090119427143
-0.48046748903756326,4.331200023818486,-0.3276499682104425,-0.3820629465158508,0.4336776184718079,0.5555912707670952,-0.07712660768724149,-0.23132005638319278,-0.05005630887069282,-0.007541709745301189,0.19320352825517406,0.0977113474810744,0.14829287460163088,-0.09956633003224086,0.22917989795241844,0.17317395870658253,-0.0077365506406635864,0.12606664313247762
1.4582200441565791,0.19735538299571553,2.1924541587627973,3.2659576990669805,2.7363910247890475,-1.0696044569668133,0.35761317207252175,1.0959465121457437,-0.24783778638800485,-0.05636367421635266,0.1656202738166277,-0.20198400447191972,-0.15466113651884528,-0.13990049514504038,-0.06714943721238836,-0.30710064385206504,-0.02428256811882451,0.31840954618462186
0.07806956847832192,-0.6333647054706657,-0.7286986073215809,-0.9333404669326566,-0.26195549196901063,-0.20663209299682767,1.178656691270096,0.5786832609173038,0.19837930464977654,-0.07761230515533132,0.06478207511770345,0.4926390609169188,-0.4706476600338277,-0.10291545377313932,0.21915127384746147,-0.2311019969088338,-0.6928175632261189,0.4948655503473523
-0.48046748903756326,4.331200023818486,-0.3276499682104425,-0.3820629465158508,0.4336776184718079,0.5555912707670952,-0.07712660768724149,-0.23132005638319278,-0.05005630887069282,-0.007541709745301189,0.19320352825517406,0.0977113474810744,0.14829287460163088,-0.09956633003224086,0.22917989795241844,0.17317395870658253,-0.0077365506406635864,0.12606664313247762
-0.41755583449588823,4.495442266886815,-0.2093988323773634,0.039688450802332784,-0.02932069023313623,-0.23342409523147245,-0.08606021244723917,-0.0858295878238032,0.07988476427423295,0.05627108458624744,0.1425910334425431,0.08499225601496335,0.11653132591315574,0.08617838888333207,-0.0026609301246066086,-0.01979365929775001,0.42559770030507116,-0.05123229593983247
-0.80998804720552,-0.7699656336892644,-0.5697673063646123,-0.3824815580071306,0.3018872740404778,0.2344271201360375,-0.07891136163066344,-0.22407576990183573,1.029580385233401,-0.9261015797024572,-0.1944794606056081,0.3735886863252768,0.1802591391704832,0.2984746450018537,0.040967366197497135,0.10389321649011435,0.31582322756210923,0.2004273503929827
-0.8805707512144445,-0.6562028019853241,-0.7579985990123899,0.9427626908687933,-0.9709622418943352,-1.0913830188618387,0.09995054126008902,0.21765290723412986,-0.8309207353331509,0.8789188039448191,0.38436810026026225,0.4482745268097753,-0.20756254887032655,0.24752321566286029,0.23479929306728364,-0.022002827262727787,-0.0005846413339614109,0.03574279877210912
-1.3509003182337713,-0.5481607851144796,0.6358491147966319,1.7928836628048619,-1.6052626804302266,-0.1437175863282401,-0.6264713303740499,-0.610601187210724,-0.2507654483564788,0.7125101692513621,0.20618842349099498,-0.030643611581281427,-0.4219463970992837,0.16571727374905687,-0.20731613844902735,0.030346869706955826,0.030990564277151078,0.3049472647126374
1.0237270214979852,-0.45899338314051197,0.9581321232662876,0.668558780588935,-2.1940101780582504,-0.17564334438545115,2.0116010538953857,-0.9027833385184274,0.07021538563393163,0.01129753195012223,-1.2951856030513138,0.21887759929014738,-0.05282175494004543,-0.13585393543494373,-0.524628727812529,-0.3519540275371616,-0.2137072791418837,0.34318563777858174
-0.8936201597506453,-0.768989652748705,-0.7757448257560773,-0.09291511669969711,-0.10583272381845064,-0.15450302543877553,0.15747053068868241,0.4905654033845321,-0.2261152047025895,-0.9440367782827084,1.0131988288656542,0.3410849881611864,0.30891460273326565,-0.003322773806177959,0.4399015772144763,0.5242144994153797,-0.25156083122968304,0.2545152148569337
2.532113761275297,-0.5022574851051427,-0.7947813922252432,2.962295123174141,0.7535389140047933,-0.6644466624685874,1.0517902956990073,-0.07558610149370662,0.4975209329482207,-0.5979523095351817,0.6917820020857053,-0.7508518764097463,0.6989182596442948,-0.5848742024424994,-0.3606549511149899,-0.7895756828350452,0.061065931227409775,-0.16599815773687396
-0.5281826023635092,-0.7769852616688524,-0.1910420388591043,-0.569139754896117,-0.9622133058887241,0.9623009490417143,1.3214203058127207,0.34101292215746776,-0.3887597903649011,0.45824380283794053,0.8888546684436511,-0.06848420545187112,-0.03755620632807438,-0.6921912176764098,-0.03356545809632222,-0.24230604975640796,0.25779628394429865,-0.5215768972345345
-0.41755583449588823,4.495442266886815,-0.2093988323773634,0.039688450802332784,-0.02932069023313623,-0.23342409523147245,-0.08606021244723917,-0.0858295878238032,0.07988476427423295,0.05627108458624744,0.1425910334425431,0.08499225601496335,0.11653132591315574,0.08617838888333207,-0.0026609301246066086,-0.01979365929775001,0.42559770030507116,-0.05123229593983247
-0.9094403934353307,-0.8956819809839096,-0.7543575001487954,-0.12433080919739882,-0.09086480523176059,-0.17300321330463703,0.1254020710742968,0.5315085565068696,-0.26238607079725057,-0.5173559170540406,1.0354439759593503,-0.11039468685520054,0.17726263143757426,-0.06648598357531793,0.05313555363923805,0.14165064673513955,-0.7006550868295105,0.27330595316789136
6.392145927096583,-0.036218780211026536,-0.11601118910345487,-1.0115933953185534,-0.4016040706973079,0.9787113616636918,-0.7262565496384895,-0.10608481064032352,-0.1798218537921174,0.07818432785370691,0.04492370300972165,-0.24402383255884447,-0.14934609112025732,0.34859788004041903,-0.1699704644504872,-0.0137518068971062,-0.2475324810438791,-0.14997902338069835
-0.8733986242158123,3.7784836004337645,-1.342309893057323,0.26458748211012006,-0.22492981823650998,1.1699240295732616,0.3175102787757992,0.4262523412855604,0.1369287392975055,-0.41651317657913955,-0.35422987189699007,0.080558461180193,0.04711203874975661,0.06468116351043118,0.07363736159253326,0.07197043224629196,-0.14878775114110893,0.2352164348639954
-0.8860750497187571,-1.0050673111123463,-0.6123546542343181,-0.6803917336105378,0.4241544305564123,0.08255813738125899,0.13475651459647686,0.843181676355466,0.08836858041591304,0.22026211378418203,-0.13350110144222044,-0.22692910199120225,0.14065861815005715,0.28563029762412295,-0.11267361397020165,0.14050503373346007,0.20803108821819782,0.15459246978876656
0.9068322283318555,0.7324202085631976,0.25855113804287044,-0.633249007445773,0.021900899980170405,-1.8196863213483578,1.9257132714384824,-0.5343317738791735,0.7920464976529578,0.5238113732585974,0.4704267228945771,0.3333228113806642,-0.13514564350322755,0.2488641159080568,0.1516825144157245,-0.522654911175853,-0.4222577741926346,-0.9320645843378563
-0.1448704604274868,-1.0593722254519677,0.5948124422540046,1.1843401441152777,-0.7026918954081167,1.367327616304511,-0.006452932470249098,-1.0379415265295975,-0.6339332911065897,-0.20743636585714273,0.281742373747093,0.14012771022937986,-0.2520909471384828,0.17572133066275974,-0.4626867340272708,-0.5177079190048042,-0.19063428211331251,0.28345731318100403
-0.9644066614674851,-0.5960185890879888,-0.8311176979644818,-0.38790209262611797,0.36428673645276594,0.004920579887998086,-0.28861055620986154,-0.7209239910284415,0.022952509091999668,-0.900003733739257,-0.9488006745492388,-0.4204868624798764,-0.5366966572421634,-0.09775598289549026,-0.2271163694634088,-0.3878786682509499,-0.1000082052568288,-0.13355408184445186
0.9346980281856845,0.13368105920385376,1.4253375355158455,-1.9145716659132703,-0.4481542798967569,0.2647420135634154,1.8351335331862402,-0.41518573597114045,-0.27873450910661973,-0.25349600550541485,0.2808359393093196,0.8204582999726873,0.044227882309339495,-0.7075051582453225,0.11326213495652315,0.5374946490844137,0.574618009013793,0.1512285433040516
0.6504000582179399,-0.21384945373764697,-0.9838355314158347,-1.5285024795642477,-0.713598592654492,0.39879692160090413,1.8515563324561817,-0.23433077678619632,0.7343161117365079,-0.4071856700707618,-0.044076797036566584,0.8756254789893987,-0.10637366408147494,0.5109751773620282,0.34175119740945004,-0.25033691747449904,-0.054593895905069634,-0.8823777171400677
1.5930525332160852,-1.0462967592174464,-0.059750648848184484,1.7832566397155063,0.2181485190411872,1.5297057647371193,-1.3258732834614302,0.15604024372659595,0.08188914193906711,-0.6072435515698609,0.7884048906953718,-0.303405629302339,-0.2836179695560469,-0.2683523219981459,-0.0522655545192795,-0.4627729216409824,0.13621765260422536,0.20612034266453966
-0.7873432293664213,-0.2812304130745986,-0.5503760045286192,-0.519354736543492,0.30562465380285714,0.4260261670465918,0.285146441359433,0.8880937595830047,0.24050677351287353,-0.4152098060398526,0.04641436893733114,1.1052120995737287,0.04762651432626003,0.03753528920918103,0.4651741888508494,-0.5900164710095968,0.27051595216761026,-0.2912370921338089
-0.8860750497187571,-1.0050673111123463,-0.6123546542343181,-0.6803917336105378,0.4241544305564123,0.08255813738125899,0.13475651459647686,0.843181676355466,0.08836858041591304,0.22026211378418203,-0.13350110144222044,-0.22692910199120225,0.14065861815005715,0.28563029762412295,-0.11267361397020165,0.14050503373346007,0.20803108821819782,0.15459246978876656
-0.43337606818057356,4.368749938651609,-0.1880115067700816,0.008272758304631159,-0.014352771646446175,-0.2519242830973339,-0.11812867206162483,-0.044886434701465666,0.04361389817957188,0.4829519458149153,0.16483618053623905,-0.3664874190014235,-0.015120645382535602,0.023015179114192152,-0.38942695369984487,-0.40235751197799013,-0.02349655529475636,-0.03244155762887485
-0.6767578721502978,-0.5758299768630268,0.30382331418265807,-1.1140563823043743,0.7788281986148317,-0.5001237675811514,-1.0769210296088576,-0.29634003088328814,-0.8509549175226467,0.9748354955610355,-0.11343218712276787,0.37918958590550855,0.48712915634934273,0.2534926091253622,-0.0781299620783098,0.2743222171773905,0.11937982083796939,0.023299247544400048
-0.8250994531750308,-0.885599471997274,-0.4983062263605191,-0.7114250241728524,0.42830189124572987,0.02173881724790129,0.10855342447858403,0.7806089209058336,0.11668689111142487,-0.43231104533146014,0.006350555722779483,0.1420385188513145,0.11792316195239677,0.31591913712642195,-0.4097639115830254,-0.20366716968779489,-0.15691296901656954,0.2160601094399625
-0.3110594503833969,-0.7196358706455472,0.356296378199753,0.43287551744404507,-0.3567652736854095,1.1763341287083153,0.3810005814150651,0.7116041798405179,-0.5372336268328247,-0.34312144702956937,1.0412453566459776,0.1971327368283287,0.0929007903047816,-0.7001531179213191,-0.1341981503833705,-0.5587160224305978,-0.01824436595515011,-0.6520586286289536
0.8701463358185986,0.5500483998600891,2.6634920188790874,0.7275391805629093,-0.6123405658701718,-0.43888595421817955,-0.007563075385261117,0.18835653783400105,0.1958398090578648,0.04075888071191017,0.029160612856784007,-0.279980386590109,-0.3214110601374533,0.43520623512724455,-0.14213106267000675,0.12766922758232696,-0.35836427711912416,-0.3168678629188064
-0.6666333294105684,0.23633374686842212,0.059653076698258145,-1.2811827492234678,1.150804453102483,-0.6296429395283185,-0.4199473616808693,-0.3212899525471035,-1.1456099212316315,0.250160137550968,-0.3413963831639505,-0.6533858183928214,-0.26341048156155344,-0.11136104897600191,0.11640136674839052,0.025024596259766718,0.4641060215578229,0.07037747217971724
-0.7818011305259169,-0.6069631452380115,2.499921417673293,-0.2996856979041169,0.3196192903057938,0.31974156419904165,-0.7600096132839896,-0.25860340347717287,-1.2933315621980492,-0.06430501818408271,-0.4557465452351922,0.1463085765452407,0.9499897325332444,0.39881086989061587,0.08830727817569439,-0.24154970267508313,-0.20931900284329558,0.21358499644836687
-0.3705923038394244,0.35033268634732073,0.5990914152142957,-0.5327328092179695,0.19433671490330678,-1.9270158502750376,-0.22616771614909156,0.5212071591259373,0.26639578750544846,0.21042204978153156,0.4735079815430603,0.1940078133661959,0.6481840977943666,-0.23770683170262769,-0.06524885169717393,-0.5064124029380954,-0.11316009619837664,-0.43153917610844167
-0.493143914540508,-0.4523508877276252,0.40230527061256227,-1.3270421622365087,1.0827618672647303,-0.5317746214249072,-0.2598803718665639,0.1856092786867127,-0.09861646775228528,0.6292335806180204,0.41393229870994364,-0.20977621569032084,0.2418394540019313,0.12138280408145097,0.042868922389683484,0.2417085601937507,0.3490822887186432,0.045442678057248886
-0.6599918585379131,-1.0326501249968796,1.3042221415129205,0.7747624889673694,-0.821330759623697,1.6379389846240366,-0.3541299291079536,-0.3672975775168302,-0.18392928750805973,0.4765988933155153,-1.3084161312086695,0.014856987100716534,-0.1124899285238273,0.06403151832813436,-0.18199085221794026,0.044357142277353045,0.10603616251095194,0.10783431256550097
-0.49020699028288606,-0.30649249234142073,0.3478632690819088,-0.841123773561487,0.7661628504350967,-0.6607991762072847,-0.45913089225409454,-0.688775876535118,0.8527696336325479,0.5872136889312353,0.2306248017815935,-0.455048324040816,0.19699900012296578,-0.27116082899490496,0.45014093322836723,0.4491946393761375,-0.21596054961599082,0.2617569004809876
-0.8506453251144012,-0.7177365458074629,-0.5565590949960968,-0.7001593319850327,0.42250716562284224,0.12156343877730703,0.1549715090765555,0.8749303383839204,0.19828102389850816,-0.32858327215431304,0.0019868506449005063,0.2420008441548234,0.5324076027589119,-0.01005647704368684,-0.2668603412362394,-0.6395961967999894,-0.21276198950664593,-0.3640356597842893
-0.7750030739361922,-0.6006299374265465,-0.505884962686622,-0.27154350528444116,0.21704836355810542,0.5291332027867892,0.021235369258239198,-0.03227012837410867,1.10034672300847,-0.09814937322691661,-0.0864121637394688,0.43471987931645784,-0.18489997537715824,-0.11382581263349711,0.12150300339688064,-0.9897018734994238,-0.18114115435671274,-0.3563608949173261
-0.9613853164489087,3.611484206133728,-1.593992919711757,0.6632910820785719,-0.5389441965029289,1.2983946688253756,0.3140762000354096,0.08779559442309534,-0.3169076959686882,-0.5266478297572641,0.6795861760332393,-0.14653214371825146,0.08197596803629481,-0.005788026008660907,0.19323007018139715,0.13479870298450852,-0.1038450896405646,0.07930603543216347
1.5116551067489983,0.007900291010720872,1.9619622214468782,-0.2029736602303167,0.3572532704641211,0.8703856634683457,-0.0820189530188472,-0.15217787732824342,-0.019397654622614835,-0.013460467600798193,0.12723492389498547,-0.0717825416860885,-0.2427623886356456,0.272233469434205,-0.102147092021103,0.07109772308151097,-0.20728122532814736,-0.3408522129005317
-0.8824292977459606,-0.8481504257989456,-0.6167229013681603,-0.4920011186035361,0.21900211234534067,-0.2406545324233933,0.15503923993257926,0.9325380588189671,0.16313205377343126,0.24535189523972617,-0.13822372913587905,-0.25227170279927286,0.1651341583486965,-0.026305633558524666,0.2306331426631978,0.4229945794181778,-0.38065369109528746,0.36774871294852746
-1.875097312779848,-0.2122536305443885,-0.032509115483234874,-0.41614439743094855,0.22316397308723657,0.48877903502039355,-0.5499965445655994,0.4179578029598781,0.6702246968468877,-0.8496661880598304,-0.06663412834491905,0.42364106332120377,0.045389849260073445,1.3145640894691204,-0.05537124801329507,0.6733768073105253,-0.20575103363955738,-0.597103553351674
1.3215161280563437,-0.6956757441915842,-1.4823544969283267,-0.974328941259359,-0.873165131820842,0.5924665013738016,0.8727938116227554,0.29462904225267256,-0.26623783127879613,0.010524291414714892,1.121879512679232,0.5448619261596122,-0.17494379752144623,-0.7619096301899086,-0.4692698039598022,-0.5683925356255848,0.017792567814560067,-0.45758729756454275
0.7419074437170612,0.37348891217649316,2.3400430072620964,2.372449216423318,1.6777712470558557,-0.9532818673216212,0.06049487670401389,0.9377005073473574,-0.1754814685404512,-0.39162571677239266,0.1517337970719741,0.442224530469112,0.03828414517882994,-0.2383447287098791,0.39215265484207806,0.13906047221536416,0.5148999046085604,0.23368256796674497
-0.9079751696853309,-0.6802874996091348,-0.674975770003738,-0.4807354264157164,0.21320738672245304,-0.14082991089398744,0.2014573245305507,1.0268594762970538,0.24472618656051465,0.3490796684168732,-0.14258743421375802,-0.15230937749576395,0.5796185991552114,-0.3522812477286335,0.3735367130099838,-0.012934447694016582,-0.4365027115853639,-0.21234705627572434
-0.4836448124773339,0.4831091329939914,0.37460656664272207,-0.5180033435270748,0.2475629843517922,-2.2378468241866214,-0.4502165357118756,-0.1109056326010929,-0.785555355328375,-0.2938887386610831,-0.2986946744163874,-0.24855038572607918,-0.3516041681291036,-0.24479863566072285,-0.08947013412962762,-0.17969140788672494,-0.024048252927410918,-0.20421557743258217
-1.778375917308726,-1.1483957832425993,-0.6109182097347384,0.8820068208344167,0.16192868528207888,0.6090158109820901,-0.7068057925231319,-0.8190403090900291,-0.1880457104196454,0.6487681748106362,0.30394314734273875,0.31569068074327444,-0.32453322592483397,0.30978468641912005,0.27764698254193876,-0.09181420662736728,0.027550088945179407,-0.06647474333322739
-0.8468616249739844,-0.364957395684689,1.359359981925796,1.228143658434492,-1.6704577298027372,-0.07125713642335506,0.25737270623784914,0.9341819467715782,-0.4900352982726233,-0.43183134608895213,0.9094711765135566,-0.22758187986239048,-0.34788186660351234,-0.11881550973728333,-0.28966697669478497,-0.2447895194589112,-0.14679525907236957,0.18916927479144935
-1.3535198753778428,-0.474658521003154,0.7069392815423297,1.9928532351053692,-1.259944961611971,-0.3576850979235661,-0.6611112716839534,-0.6219768118868718,-0.25954656492034767,-0.72209803410078,0.0937214378480411,0.2962797523222973,1.1633771674946085,0.2662982736473657,0.48382934249443466,-0.5491339390617256,0.15844578253979336,-0.2624233296205991
0.24388458171545258,-1.0721162020181787,-1.57599864102401,0.029980124811583506,-0.6154658368227164,0.6638025510475152,-0.4195977443922916,-0.9423736709295478,-0.1599311908639212,0.8231927142716599,0.25970328144604216,0.4078186296257339,0.16284896166102403,-0.18362138468444406,0.4058413510380918,-0.6053801263484113,0.044519116195820496,-0.5120319223829531
-0.8984194907736445,-1.0549600970314656,-0.8133635485792774,0.1469276930585055,-0.0953187497747434,0.6185985406428551,-0.0024137039622290773,-0.402475537265028,0.536597844259681,0.340561359533454,0.8119159321036395,-0.26130067172801236,-0.5417850306994745,0.11139177251522048,0.3952824392517822,-0.1467723722277578,0.2845945848686753,0.006356835223897794
-1.0366634421601115,-0.7753027922095785,0.44195219619030723,0.5383095849828641,-0.7001006187939257,0.8832115609244913,-0.6373312959321259,-0.23984291550465728,0.20875725118744898,0.6682396052714825,-1.1248983654947227,0.4734407140215236,-0.15478666746936176,-0.7492425395192988,0.19900514763495258,0.7629019110337258,-0.575026406688384,0.032839219215923865
-0.9101492211505052,-0.9067404709111055,-0.8044312545456067,0.17319696447062127,-0.20231150385032254,0.02118490171763779,-0.09413117464933635,-0.43223298117846215,0.6142365572300643,-0.5844655901963698,0.8568591067246587,-0.3303241943976251,0.10794663735996934,-0.14709368546902607,0.11710080784452226,0.06664718023280858,-0.6770131458506592,0.27646393243186923
2.8717785484650076,-0.9666559163264308,-1.032133418532342,-1.0866823321099486,-0.8438179178386368,0.8896355198927014,0.5068526809984291,0.9416192030658046,-0.11171280027042244,0.25545316962049325,-0.632019274310663,-0.28463942963814287,0.8636115299120882,-0.954632829214158,-0.22013878352549873,0.17235077192060794,0.3735229028369361,-0.4995198751476244
-1.4415989952106658,-0.1744897754060344,0.10385856599515586,0.8782460907971785,-0.26555294108686406,-0.8497962934585207,-0.30735232303968196,1.4655977046594078,0.4073949666088634,0.6930581988746248,-0.05584384820914129,0.2818446070527012,-0.6967405803680778,-0.20219803505731393,-0.3351784890957946,0.29845249663387,0.23438633949776622,0.05507971776601067
-0.8218673415833674,-0.8460447158480211,1.0000168729745698,0.4164731817623303,-0.2852329087168581,1.398762275538095,0.11775045266641472,0.24447480680762582,0.7422598310891211,0.19681866882662813,-0.6720880388978314,-0.34869803769711044,-0.44698545189389605,-0.2692321195531466,-0.13032174335857094,0.2365747163650232,0.25794578369231813,-0.12001070310768605
-0.379543912341088,-0.2572443508425897,1.4637331959243907,1.25885438308867,-1.0942879921891213,-0.03888656411508644,-0.5498986113090196,1.6417356851369753,0.03125263626955724,-0.2795350218760907,-0.4941062166459893,0.14671637402433643,-0.23858368459457005,-0.15715455219109792,-0.24513261922950194,-0.19261877630806865,-0.023597522000929683,0.16432448950375328
-0.7557957414815033,0.039049673345883607,2.7258213373729037,0.5688322936763811,-0.5375582171136756,-0.8430246210897362,-0.9395665813994262,-0.16494586127243002,0.6100387064626946,-0.35441616301498946,-0.17270639903400753,-0.7078942789321381,0.5220485882218693,0.21772435093684228,0.23662212435965568,-0.12774086763331544,-0.06674864468027908,0.06066684727418842
2.012113377008216,-0.10189868037118743,-1.6705398070382738,0.5578677252933268,-1.254136322965247,-0.8037594927854734,1.430160175034924,-0.4693930183560921,0.8250331371560973,-0.5229002023135562,0.7099977723982995,0.41002419770284937,0.2396353513848548,-0.5029309939058303,0.7867372440644116,-0.6002293218011621,0.3520148881199463,-0.3601240010760862
-0.48046748903756326,4.331200023818486,-0.3276499682104425,-0.3820629465158508,0.4336776184718079,0.5555912707670952,-0.07712660768724149,-0.23132005638319278,-0.05005630887069282,-0.007541709745301189,0.19320352825517406,0.0977113474810744,0.14829287460163088,-0.09956633003224086,0.22917989795241844,0.17317395870658253,-0.0077365506406635864,0.12606664313247762
0.6037808738191061,-0.3081039931278535,1.6858181305542475,-1.2667114646781077,-0.3821235919642237,0.21201082413099503,1.1253870307185732,-0.9650471407612691,-1.154400021144523,0.5883595139724374,-0.22311210020042466,0.8084599252443652,-0.05273967768458804,-0.016955010998642384,-0.5207741243307693,-0.41906805485647686,0.005696820844912298,0.4744263735149216
-0.4955133305294869,-0.7222621569484728,-0.6089425462352553,-1.787359786736386,-0.5183330390063788,-0.011669287785916901,1.888745333821361,0.22741604105787475,0.17350632239752634,-0.27487966605986935,-0.04379353935827063,0.1882378085796236,0.5672826000852883,-0.10546339976600566,-0.3469892112625601,-0.6624408156748561,-0.1585218810672268,-0.30083658427972076
0.5096438806884963,-0.7715028820113943,0.3178151149930286,0.026423386179525013,-0.38647134926993965,1.1723602675057947,0.00714746382165847,0.05393953495374168,0.6843520081877446,-0.453626188301953,-0.6161561728310335,-0.10467782495869499,-0.10675424565350397,0.08626123282532194,0.32502747677416566,-0.7507808767179875,-0.08452823883957555,0.3866765621612082
0.5512957418843151,-0.8193536791927121,-1.3830235197864353,1.8197519798109674,1.3550658161326257,-0.05112289520334204,-0.046518000602707776,0.266869313697692,-0.9473463335615476,0.1571734112492901,0.6706791703009836,0.9513545232646792,-0.3724645002389001,-0.48080792080350476,-0.3441137350606651,0.15889236017346137,-0.8171823391597014,0.252209705102763
-0.4913411273061712,-0.6287406926088865,-0.054584369599233185,1.4124232676481834,2.020601906797731,0.6987921461038681,0.27513582178955565,1.4955531606198205,0.21321109146616396,0.4932192149813448,-0.2933631983231891,0.2521928975634046,-0.07757144506385555,-0.6531220599546186,-0.011881992546056874,-0.076478841900886,0.12390907860028022,-0.6434157842139407
-0.26618237117851296,-0.23323948419845308,2.891031160046283,0.3075300307124342,0.3415485456690201,1.0981983573269614,-0.868979525549671,-0.3638779290814757,0.32047459223425134,-0.16461659600333498,0.005663276684711838,-0.2261024397537213,-0.2559604379009791,-0.13259952290004923,-0.06940919037656335,-0.2686735256252024,0.04714902423989564,0.1877805625481555
-1.2638040355007751,-0.7733333940076068,-0.7451289046286378,1.244253844028206,-0.43240121444257656,-1.314970361484845,-0.1670448610153992,0.2868171670962805,-0.8403862823826708,0.5566182882764871,0.3102161697164669,0.035183273451782016,0.4242734128133616,0.3107063497632586,-0.0763605396201898,0.2611783052600947,-0.028223683903287167,0.004720348838162802
1.7855311659755413,0.6151988295834058,1.1034878124871312,3.294028347234879,4.302598052933608,0.13963778386707348,0.42422305283172135,0.4347493007706183,0.08621037662671875,0.6982377405220375,0.17146016030797728,-0.6083707004376553,-0.25325985215113545,0.46814821409785956,0.39176094191008715,0.4982328769362406,-0.4524225302297736,0.21303386381658523
-0.5513007129165797,0.2513655377725341,0.20786040853808574,-1.1122739874154055,0.914220634981884,-1.1083127758792335,-0.4113630119987811,-0.3663416216706994,-0.9296208276513342,-0.8255136735362134,-0.24975017994973772,0.24273260557174586,-0.21007231581835362,-0.4301684959579621,0.5945336928998299,0.45338172307662966,-0.1221894694488927,-0.05149634799114433
0.26797228084688063,-0.9066206943746689,0.11573230416997848,0.5582553484341743,-0.12419485161707623,0.878329588485513,-0.10181805114718324,-0.6505278277183699,-0.0656427022277016,-0.8484332276995141,-1.2604430928349328,0.5172532064823145,0.9518874084647045,0.30678879185855734,0.1940414650466482,0.12338723431402393,0.32755598732037916,0.1501796335920465
-0.48046748903756326,4.331200023818486,-0.3276499682104425,-0.3820629465158508,0.4336776184718079,0.5555912707670952,-0.07712660768724149,-0.23132005638319278,-0.05005630887069282,-0.007541709745301189,0.19320352825517406,0.0977113474810744,0.14829287460163088,-0.09956633003224086,0.22917989795241844,0.17317395870658253,-0.0077365506406635864,0.12606664313247762
-0.8914356754549366,-0.8563365903349902,-0.6383738636877971,-0.24374858908057673,0.12283726972435798,-0.3830207667929918,-0.0018305119240222961,0.22250299177239055,-0.5545453988717127,-0.06600734770888644,-0.5285925037949437,0.6714875261281159,0.3927095307189987,0.12290980831397447,-0.20904400010802054,0.0966081870580186,-0.9656857263616642,0.4201140200045472
-0.7228661611087922,-0.25461282491920145,-0.42877672100110004,0.4315953933859034,-0.5848906133873756,-1.1998194101101407,-0.06541370039326978,0.07977344850893453,1.2846801970085393,-0.7960677246004508,-0.2703917298596123,0.3084427692357679,0.19485479835406383,0.2350717838855848,0.08703631937667738,0.13587348389171766,0.27437392036993324,0.24207362580034814
-0.48046748903756326,4.331200023818486,-0.3276499682104425,-0.3820629465158508,0.4336776184718079,0.5555912707670952,-0.07712660768724149,-0.23132005638319278,-0.05005630887069282,-0.007541709745301189,0.19320352825517406,0.0977113474810744,0.14829287460163088,-0.09956633003224086,0.22917989795241844,0.17317395870658253,-0.0077365506406635864,0.12606664313247762
-1.1279204283102457,0.14646225517486133,1.0467154225749034,-0.9360797985861997,0.503847707153662,0.21914920473349675,-0.4664226218057752,-0.659580325407761,0.937146532038504,0.384163878278023,0.5027587185531786,0.6102292812585803,-0.2771491014680749,-0.7101243242685633,-0.34393219063688457,-0.4800410946628215,0.039158621059140475,-0.5988487424773858
-0.5150440345070819,-0.127571076224414,0.3396841548431424,-1.1273858550416875,0.8718148234307709,-0.7551626697001536,-0.19317956193249,0.36928707862830074,0.0577411383923163,0.7580511352507115,0.40484596593840605,-0.13515649119488254,0.6807994350070857,-0.5165287412713055,0.529079249369869,0.08826907876627399,-0.29545151108491857,-0.3214968480072421
-0.9576306578230026,-0.7954263902206324,-0.9088202401154872,1.1092024115042418,-0.9883968370667222,-1.110576552826772,-0.2053798103688609,-0.8026297013785046,0.02025882161151711,0.5142655587327644,0.11559737617524846,-0.18430352343670814,0.37111304111053367,0.19007714746525428,-0.025633543155267835,0.17809591643204475,0.01507840547380801,0.034383992433101696
-0.819526868732079,-0.6824609666306654,-0.6999897432922695,-0.6575063876147699,0.045599588289658585,-0.15043055083424006,0.38342033918239193,0.9473452821279698,0.24150593601755116,0.3551793617968304,-0.14935974590124274,-0.15579427564825604,0.5844619943795966,-0.36337304693487166,0.365199310113576,-0.010773554957007436,-0.42740297193897436,-0.20984012419514605
6.975407445493864,-0.18668756542793097,-0.5388417276647203,-1.1153330357269144,-0.5827574614394743,1.086981847663854,-1.1764734378219264,0.055929553973081775,-0.22346559825315965,0.7450921294966624,-0.09972194680960789,-0.5930100127604934,-0.10931871633542783,0.28378850130995736,0.14525595030933397,0.3165306414756697,0.13119433174438477,-0.18581141705947174
0.8091707392748724,0.4305805607450168,2.5494435910052884,0.7585724711252239,-0.6164880265594895,-0.3780666340848219,0.01864001473263173,0.2509292932836333,0.16752149836235297,0.6933320398275523,-0.11069104430821597,-0.6489480074326257,-0.29867560393979287,0.40491739562494566,0.154959234942817,0.47184143100358195,0.006579780115643197,-0.3783355025700023
5.80396756673817,0.3154251347331317,-2.234286136211843,0.23518551564521,1.4019916080510064,-2.2631103398720787,0.0008468344175023429,-0.06895419044259568,0.6820937494334864,-0.3016543697732069,0.37554701451627404,0.28819113062843665,0.3382559047605924,0.4622658535226337,0.18837935864116295,0.40917216464582157,0.1565591654506827,-0.1952760198000542
0.09160502721650088,-1.0718092843480693,-1.4706969590946068,-0.05124521693567498,-0.25548722887253256,0.2331266929858185,0.5426957198793286,-1.3252455924924955,-0.1420778230857927,-0.13928512639080667,0.30624060779819895,0.3149809800842206,0.7865270409101551,-0.1292935967264353,-0.2509046239654134,-0.6799280340127485,-0.3200765956097712,-0.45746381066334324
3.236142081230181,-0.1737344726629797,0.5922460142474335,0.6653916742184872,1.353782092171223,0.3812953669990139,0.9824650629133366,-1.5848666006386503,-0.2804919569453884,-0.07552966253258728,-0.494118660493036,0.8744485207774554,0.2713607273974864,-0.26615140218587924,0.22258608721789408,0.2545345729538569,0.283165762655167,0.24008021856394518
-0.2525906997342764,0.33527088126719373,0.7930399351745931,-0.38569970034662093,0.13435998201689092,-1.8104558353720772,-0.2406830091419496,0.4582183842670294,0.20218104414016747,0.1844941536616056,0.5190497938501879,0.23322591917023686,0.0626300726049468,-0.39191775142044083,-0.8259083506967065,0.29405958806824734,0.039577821636046395,0.06566580039859987
-1.0792236557886845,-0.9893286923539495,0.6607363870080627,0.8956649363501287,0.5275461707834893,1.0490138501083577,-0.3355872106636143,0.31215500783108446,0.7542310832431959,0.2460289675895337,-0.6574553795954754,-0.31040885738336227,-0.3100990608285158,0.31581570247126,0.516729645849664,-0.24483604039053272,0.37282617232659954,0.046077912027523815
0.5493555800528399,-0.2496990251574811,2.373240856349069,-0.307767063227289,0.431214411616707,0.6954222507329048,0.013173640216913654,0.3390084081635097,-0.5174077380647356,-0.013538775732733183,0.19538959689208957,0.10852227266248121,-0.08489103841702417,-0.3019330355081579,-0.07570126844714348,-0.2277129813043175,0.14868474631116502,0.2185059360534462
-0.06620411972743723,-0.8733512033673325,0.5190265813754302,1.1070584692541634,-0.6826318931304998,1.4442977597265516,0.17225078778216404,-0.5225447132951544,-1.054678357423599,0.5164772411290403,0.2579420530348917,-0.1406468930037525,-0.339311999795804,0.855984799736201,-0.2853524268206521,0.25550223992454674,-0.17440452360696096,-0.3536029877391193
-0.43216831799678174,-0.33288304861255313,0.5163536984863613,-1.3580754527988232,1.0869093279540478,-0.592593941558265,-0.28608346198445667,0.12303652323708039,-0.07029815705677345,-0.023339578497621777,0.5537839558749436,0.1591914051521959,0.21910399780427092,0.15167164358374996,-0.25422137522314026,-0.10246364322750429,-0.015861768516124253,0.10691031770844478
-0.41692350236882175,-0.8118061903669316,0.10122721468128604,1.7735506135353998,-1.464001782723087,-0.3242093056617488,0.016420551041174014,-0.6043999310114931,-0.27574781232631457,0.5463147009352259,-0.07184641038069883,-0.15126187298771304,0.05840346573897032,0.14644023323462707,0.5628364114037989,-0.145870555835242,0.20833792512404004,-0.14996631644966926
2.194722069898048,-0.48916130548129844,-1.828346307289351,0.27190060737208055,-1.9030897339725579,-0.46506993640894034,-3.019302436669019,0.2545212012902301,0.42917726265461714,1.0869822554779545,-0.8082304052902253,0.7199311538188558,-0.4013468487201282,-0.4124398681377044,-0.3366406670416788,0.1311759820663569,0.12716587574139826,0.25337087913913886
-0.9989470990622976,-0.6455011040292677,0.8410457118366008,1.574228638527812,-1.6518466896909052,0.0278565593323373,-0.6556704302892857,0.18003360101846275,0.38970871973390003,-0.07589358204392097,0.3851351640249825,-1.064802432543847,0.30890353307725604,-0.2679717761284272,-0.18766525990853639,0.34331145121865353,0.4554827981246188,-0.055924749000209106
-1.520847413972841,-1.114579456850193,-0.5189036896264325,-0.38400182381504877,-0.1904667245038738,0.2811758111668519,-0.3470872194918565,-0.7861068640563131,0.21879027461509531,0.498086122772616,-0.8464422656076276,0.12778540656070259,0.30838839354898084,0.3519518693178343,-0.19464068508606053,0.11862682006745434,0.003151699191331292,0.11344155503933978
-1.0447525439197303,-1.310779198990695,-1.0498108254789993,0.2951254601112077,-0.10161894963886862,0.32366997741940673,-0.21887747160625462,-1.1064789197892748,-0.23484099016362153,0.384231703630758,0.19150964542925264,-0.11915760634719913,0.35651738192695315,0.253480008581523,-0.07170249633444808,0.14611564903044144,0.05652771266598422,-0.007262282974263623
-0.5572633192659748,4.085039856468208,-0.4203110704769597,-0.382445348451238,0.44449807636918043,0.5979104030345915,-0.08299197718373429,-0.12780414781122282,-0.11464548566086571,1.0717123105990087,0.0755970181838701,-0.7227359483778293,0.03937635950359997,-0.19301837930367977,0.1395041719900038,0.13478230944759734,-0.09188674900572374,0.08338974179223946
-0.9375515441993091,-0.18907512950580174,-0.7541017860779573,0.15968037566121063,-0.41519191304584335,-1.562694745247097,-0.02937655913094199,0.6092395205172927,-0.6268886178556884,-0.05028704637927928,-0.9859797317335515,-0.6346708928694773,-0.43004954778331744,-0.11083998162034969,0.05207762712331099,0.06327726907423942,0.19984460380691116,-0.1565334253522603
-0.9939473369657171,-1.014751174492772,-1.0073158074082909,0.43747920533159884,-0.2014257787079312,0.6368762479360199,-0.08666228110296631,-0.9556164313838853,-0.12780378629389139,0.7855030488776307,0.27733179520169593,0.39345326166036876,0.12301023867500288,-0.09565723928468789,0.3955991644401735,-0.5649155882788566,0.008657586346989543,-0.58284126659553
-1.021736506038415,-0.5585695428896602,-0.9495343729721231,-0.16847818705680173,0.15498695755237663,-0.25747276978329636,-0.24212474075586635,-0.568994853115308,0.06939767175400612,-0.22234079316807084,-1.0933749594078972,-0.8147970841304637,-0.4894856608458637,-0.4399807535804371,0.4132806847828143,0.23878308085502292,-0.32374892733554683,0.018134521664113057
-0.4829770773039428,-1.4572072312442563,0.08216814033806008,0.5967871924343822,-0.44273204037239555,0.7931598984835093,0.1508662140933604,0.03969977856772186,-1.487788352001881,0.1267121373177176,0.06395982208350648,-0.4271655660561508,0.6928887167725913,0.4841866854686191,0.0466387988445332,0.15853966647389245,0.12883695826437247,-0.16393904951128743
0.7830244497218708,0.03469559109002662,2.5225014335155755,-0.08653777083012475,0.27443732155768125,0.9953605760279982,-0.02106073662265477,-0.1154926805767694,-0.059260002717273746,-0.0892749743900961,0.10507288211078825,-0.21483446950059998,-0.33600671932103393,0.49860909624351313,-0.188200015849187,0.09568896018072359,-0.3169149699269482,-0.35851413832617185
0.06839476408070788,-0.28005109321408583,1.1388832691870017,0.9835544391763918,-1.0069564956363275,-0.3789892607111712,0.3653872743894563,1.262135765585327,0.03306037925945364,-0.9838881071609549,-0.6213650474576441,0.13885831680034216,0.5652089032688349,-0.13403795233477678,-0.21930211258730767,0.4200601607057653,0.44408703014610185,0.20296960211231801
-1.2908704455770346,-1.1437817429272503,0.694584126818534,1.447724448671881,-0.6050634154389216,1.5306415428483486,-0.5810757124042909,-0.6259765553210292,-0.5510720521236909,0.4093210395210015,0.03450777037589514,-0.06371832081422363,-0.23051401401047178,-0.01782098924505343,-0.16065219065209574,0.22117534845105752,0.22001442179823893,-0.30954652334622523
-0.5556552926045508,0.0833901625319371,0.16215490127511667,-1.0031368287543874,1.0079262545743939,-0.5909119910523066,-0.6511789830585165,-1.4194395418195322,-0.12776167298153757,-0.9177131281340865,-0.4236124214907707,0.04814569883739189,-0.30386385009459776,-0.19884026666902238,0.31519219047171465,0.09588871088958084,0.49013725084344417,-0.26149461188692724
-0.7494572019968218,-0.768492863616357,-0.44763209405104426,-0.28280919747226085,0.22284308918099305,0.42930858125738347,-0.02518271533973228,-0.12659154585219537,1.0187525902213865,-0.2018771464040636,-0.08204845866158994,0.3347575540129489,-0.5993844161836732,0.21214980153661156,-0.021400566949905442,-0.5537728463872293,-0.12529213386663635,0.22373487430692568
-0.9946602361355789,3.4498605662054302,-1.5616957858615157,0.46400652919239993,-0.3718657115851037,1.2781196801495176,0.310326582993269,0.36177769749285654,-0.15532491589343916,0.6056101431331791,0.04595952086233601,-0.854558616468077,-0.04563044868386201,-0.06169663321209662,0.04464227214453631,0.06368689388254384,-0.20918417152040591,0.1151210562946392
-0.04807234177102915,-0.518529808962283,1.2860549656835385,-1.0334514187626933,0.8974764079511587,-0.15581787482256415,-0.2001192382090781,0.21276721185890787,-0.321973833034684,0.4700505545351208,0.17329856787961995,-0.5809980047328929,0.3533969096162357,0.36217582863600495,0.1689096885123943,0.06216754350137921,0.13415094764944324,0.45962770521494173
-0.8359786704799185,-0.7200977765416188,-0.619933390560421,-0.24051021472212664,0.21290090286878782,0.5899525229201469,0.04743845937613203,0.030302627075523753,1.0720284123129582,0.5544237858887255,-0.22626382090446878,0.06575225847394112,-0.1621645191794978,-0.14411465213579605,0.41859330100970427,-0.6455296700781689,0.18380290287805467,-0.417828534568522
1.414592940027665,-0.904856201547475,0.45301719503273397,4.017325109807435,3.778326521401241,0.9631540705847227,0.747435657239981,0.6128035336200097,0.6712702675853994,-0.652827435431129,-0.5495117541870793,-0.3358050042629062,-0.3752691263178187,-0.024629429117589918,-0.29353995607066685,-0.5012152014227191,-0.06381055037256717,0.27790207386903804
-1.8950104622763342,-0.8500957346490241,-0.2439725202348349,-0.10452625041974913,0.005267966165877561,0.2951801849632978,-0.7940012506749767,-0.7217926988121868,0.29362176948722996,-0.5981554252436877,-0.7150178005648349,0.9653750880573335,0.39874716490564,0.48948910033934034,-0.08665693070625852,0.17539479785431172,0.06407180652073063,0.12381332824170727
-0.34504643190005396,0.18246976015751004,0.6573442838498733,-0.5439985014057892,0.2001314405261943,-2.0268404718044435,-0.27258580074706307,0.4268857416478507,0.18480165471836507,0.1066942766043846,0.4778716866209394,0.09404548806268703,0.23369965698785156,0.08826878246748115,-0.20815242204395995,-0.07048337582590097,-0.05731107570830024,0.1485565931158102
-0.5898374991821569,0.48249391421869947,0.15231417896477528,-1.2808003472880805,1.1399839952051105,-0.6719620717958148,-0.41408199218437647,-0.4248058611190734,-1.0810207444414586,-0.8290938827933421,-0.22378987309264656,0.1670614774660822,-0.15449396646352254,-0.017908999704562945,0.2060770927108051,0.06341624551875191,0.548256219922883,0.11305437351995545
-0.8104327985405481,-0.8879607027314294,-0.5616805219248433,-0.25177590690994633,0.21869562849167545,0.49012790139074114,0.0010203747781605543,-0.06401879040256295,0.9904342795258747,0.45069601271157855,-0.22190011582658992,-0.03421006682956784,-0.5766489599860127,0.18186096203431257,0.27568973066291824,-0.20960064296597436,0.23965192336813101,0.16226723465572973
-0.8689351378747316,-0.6173685059934,-0.6070634590642418,0.41297103786777,-0.5629357601817414,-1.4332353071011603,0.01758751409516182,0.49956858316929204,-0.4025273711496041,0.6915098850532181,-0.7396338025202895,0.26271658900416084,0.40556510590160033,0.3411540388780546,-0.209191505949416,0.19027111219615916,-0.053506197005587564,0.18713641260095576
-0.881606009786076,-1.0192655843026988,-0.7283420295640326,-0.12338933258291775,0.044368593780689955,0.427413413065739,0.16322522746120063,0.5360575721121799,-0.3480884654284782,0.1879273376632786,0.9414930537172574,-0.31483927578209675,0.0044529630536905285,-0.26502542578289096,-0.6108368340340843,0.5678762683658249,0.3498626470630888,-0.08420872236027563
-0.48046748903756326,4.331200023818486,-0.3276499682104425,-0.3820629465158508,0.4336776184718079,0.5555912707670952,-0.07712660768724149,-0.23132005638319278,-0.05005630887069282,-0.007541709745301189,0.19320352825517406,0.0977113474810744,0.14829287460163088,-0.09956633003224086,0.22917989795241844,0.17317395870658253,-0.0077365506406635864,0.12606664313247762
-0.09126812207039331,-1.2073068141704548,0.9421415735620136,0.07672564178140999,-0.11455363894369719,0.9718842032786991,0.3283286365217203,1.071218274359304,-0.3588830275181261,-0.17160262856397776,-0.7327424466783605,-0.9039540680729146,0.5445396454512594,0.4866736489258877,0.1809438221768782,-0.02856990683766808,0.21516780272696068,0.23688552529463497
-0.4647029547799752,4.291537771851909,-0.2469819189812374,-0.2028472538901604,0.2175062422543551,0.1423846038902803,-0.11379222648903628,-0.12015626848419828,-0.025156152539758225,0.4561973718259653,0.18886182574497878,-0.36346814159242075,-0.0014046892342094441,-0.07234999605293774,-0.28108840041185135,-0.3127098833543704,-0.2535512725135899,0.0504900285485676
-0.7610685365918489,-0.7044243570420488,-0.5883147117728603,1.3983397352469682,-1.1866975156603843,-0.7611267920383518,-0.09315043529033451,-0.7508467711760085,-0.04880259872556407,0.7932489581573005,0.13505306662757133,0.14454088803602275,-0.24332852396172733,0.2819939097274071,0.3529042850217452,-0.1338120439607986,0.12684332448970426,0.046797123015006326
-0.8442293185636518,-0.5887964551777782,0.5060082809055777,0.9391342150737761,-0.6266707648941817,1.5328864260882522,-0.38080236787035326,-0.19285770265870864,0.27689926969095807,-0.9273276440088072,0.7066173572095087,0.3399207818355281,-0.20555263940394639,-0.25487015235669414,0.0906806594908045,0.24071348357401384,0.7168265061260871,-0.15467109664727827
-1.5366355923023243,-0.8052717019255902,0.8540288414434769,0.10733633316192899,-0.1270399416265641,1.0231041333189819,-0.5963638082494722,0.3149848485457321,0.8691610584674783,-0.6780099275610585,-0.6307440811452915,-0.25224371054552613,0.8139583575709884,-0.18844072471974327,0.1106505574101696,-0.5881030308603997,-0.19865166173187976,-0.6361221948721176
-0.4836448124773339,0.4831091329939914,0.37460656664272207,-0.5180033435270748,0.2475629843517922,-2.2378468241866214,-0.4502165357118756,-0.1109056326010929,-0.785555355328375,-0.2938887386610831,-0.2986946744163874,-0.24855038572607918,-0.3516041681291036,-0.24479863566072285,-0.08947013412962762,-0.17969140788672494,-0.024048252927410918,-0.20421557743258217
-1.202916533912787,-1.1700078286509472,-0.8360070691194483,0.1263042911265997,-0.6644630932736689,0.6687341341240811,-0.7026345756020602,-0.9578761422655795,-0.21656656397076063,0.6894737508102291,0.27790976222421326,0.33157013424823556,-0.2980880213230564,0.24783580694270513,0.2668216142265716,-0.09620174841124773,0.05999289378889361,-0.031961369056253075
-0.7521801292739092,-0.1909591877718193,-0.4938674071928578,0.5806018943943552,-0.6759847487232982,-0.8715377374392211,0.026827402778729234,0.23739593140232648,1.2260459037380707,0.6232406230869875,-0.3213255745447896,-0.10027294622061739,-0.5304947764723102,0.12604829109787397,0.34262909992611346,-0.23550229225711494,0.22440740807930182,0.29098603042154786
-0.6248390500978356,-0.1517570992905568,-0.5154682020562968,-0.3753204933267552,0.22560923650861808,0.5354474329037177,0.19028679545062935,0.2985227921326829,0.6719354048637178,-0.535538968286257,-0.011033589591923187,0.8302236071034507,-0.5497469394653962,0.9934787796030481,0.29153718584898547,0.18302968457633556,-0.049905304678515894,-0.3235097045018854
-1.0246734302960367,-0.7044279382758651,-0.8950923714414696,-0.6543965757318235,0.4715859743820103,-0.12844821500091896,-0.04287422036833559,0.30539030210652257,-0.8819884296308271,-0.18032090148128563,-0.9100674624795471,-0.5695249757799685,-0.4446452069668981,-0.047437120504081,0.006008673944130738,0.03129700167263599,0.24129391099908737,-0.19817970075962568
0.6205202704532852,-0.09477772269401541,2.4875936310432527,-0.23057201404686156,0.35445273885192047,0.8859393101708725,0.07379890928614886,0.4740782868735525,-0.49068863406811813,0.03105418785630845,0.16252084064004246,0.06015402296967792,0.2613667344706221,-0.45733439415035393,-0.014563012847323031,-0.6773571954052087,0.00350628691917787,-0.3262415259580953
-0.3314031500391883,-0.5097662311760647,0.15625467360571688,1.5326106128806078,-1.0603672434826483,-0.4853045153511386,0.09788848861864766,-0.07604247651868803,0.451989459185467,-0.7435809793356474,0.5171449349684444,-0.7655647172262812,0.5152487618426728,0.07894109287067697,0.027204292198489022,-0.23723641746138668,0.1413108544477515,0.02681917953055818
1.0559705622848177,-0.8063911025398134,-1.3583493532572,-0.5007176530886903,0.2933871395033691,-0.24885866846776517,1.1601795099159113,0.7278619243412257,0.16516861610491057,0.5736984069101276,-0.06909621434983532,0.10363865006770823,-0.4233248045751979,-0.18426503526177107,0.5303154312986413,0.0556610319154251,-0.3129443980562958,0.49404490941588913
-1.063123096639206,-0.643670054274742,-0.5966901589229703,0.15434296888627486,-1.109526866461814,-1.2708794276999784,0.8795745027780113,0.5489539768224325,-0.11483485802768849,0.2560733740192752,0.8093287376223837,-0.5415105804823632,0.19498073669366822,0.13241650947834493,0.018354791292693295,0.23524201122974603,0.22421846162581804,0.051563501115706456
-0.3397125858310042,-0.18008192750286933,0.6520493498110809,-1.199776651739655,1.0211378694447444,-0.3762093051258988,-0.2541806703793432,0.15436916585625918,-0.05291876763497105,0.05446029855959936,0.5949620631041921,0.29837183625974584,0.04803441342136616,-0.32851489030417197,-0.8719773038758868,0.262079320666644,0.08102712882822238,0.024019524991234553
-1.0523933537005816,-0.7630179833880255,-1.082800724618916,0.010801507342333858,0.05027235818634705,0.13339121914011204,-0.29204463495025124,-1.0593807378909066,-0.43088392617419397,-1.0101383869173817,0.08501537338099063,-0.6475774673783208,-0.5018327279556252,-0.1682251724145824,-0.10752366087454485,-0.32505039751273335,-0.055065543756284474,-0.2894644812762838
-0.840181921660281,0.2551335663501568,1.920808561314897,1.4130210909480714,-1.3471376272095146,0.3551246682253673,-0.25729532350691753,1.0786604860433056,0.48462449509777544,-0.30947276495036935,-0.5881786336617965,-0.21818052105479563,-0.48684660399220503,0.8856932023014529,-0.39580872048718385,0.2431590351578053,-0.5842900904073698,-0.5327474912417077
-0.7686630033824435,-0.8661996456824672,-0.4609201193702286,1.1651290789150976,-1.6484068185302982,-0.6130177855738954,-1.4656897674193303,-0.4275512116519608,-0.17009506715665318,0.3960293965994407,-0.013633917736633139,-0.3002179326932814,0.5457463279793549,0.19384120105140634,0.09395621043548125,0.10503523571183715,0.12541677333500134,-0.056502936283579
0.33657949941488996,0.2825873322095258,1.8785607899128378,0.4448031311730183,-0.3664643409229192,-0.9747527278428418,-0.21339200072133083,-0.3876265307709755,0.8040489738701972,-0.3670654737875976,-0.03555652807534693,0.3780926648135472,0.06123786592432806,-0.11839526118149041,1.0398445693127685,0.13377502429756843,0.40749578831441513,0.0810108362077877
-0.5797881760837575,-0.7815675714612114,0.23871880009666557,1.02660137902804,-2.1193282604515313,-0.4326003356025241,1.1019326182170508,-1.1303427830640875,-0.31228778499472115,0.6408263565843058,-0.05693488518132872,-0.19814932631258925,-0.00284371337003414,0.3333255439530096,0.40337811374214394,-0.41280246656865177,0.24001701490048766,0.22654736483382582
-0.8225130177609375,-0.7641941730737847,-0.6249712731408885,-0.36086877839736864,-0.5444627291391269,0.027895497747929737,0.6136725389436882,0.41653202145962837,-0.24496682881692217,-0.20311417149785002,1.1119704349354234,0.2937085127860654,-0.46305366911377654,-0.11180204178081027,0.3563558132268225,-0.13297658821768166,-0.6791152701881908,0.28933313992857607
-1.7050998849263606,-0.5037893073551178,0.010978717001633775,1.6096500603321653,-1.4178293576172925,-0.3827054407817363,-0.823715621283061,-0.5138133210980032,-0.019878524231044678,0.8537536691949436,0.18889806676564525,0.328083000223647,-0.4490616383790071,-0.11751555350950332,-0.24224537852775535,0.2897492830907212,0.18851093162903898,-0.11201030191504832
-0.9411989662033908,-0.6666141686601845,-0.7938587478982337,-0.3532974178434305,0.29901051652784266,0.44915176534915546,-0.02604927976600975,-0.028672940457659918,1.0270971536673685,0.2993909690924025,-0.33996286521898655,-0.3478132465316585,0.5173855892090893,-0.11336282825986382,0.11506562666588349,-0.4283093765738094,0.20202880061031958,-0.3352727998130545
-0.8104869696741372,3.9427258435020933,-1.2240587572242436,0.6863388794283037,-0.6879281269414542,0.3809086635746938,0.3085766740158016,0.57174280984495,0.2668698124424313,-0.3527003822475909,-0.40484236670962104,0.06783936971408194,0.015350490061281474,0.25042588242600405,-0.15820346648449174,-0.12099718575804058,0.2845464998046259,0.0579174957916852
2.046502126790049,0.6984077157530638,2.1846541008303157,-0.15444916485224874,-1.2215256802318155,-0.5732012096377931,1.8644878182265956,-0.46733509129001377,0.15523985275079055,0.14314648591829163,-0.019616199556445946,-0.3871850133046018,-0.24763666291606906,0.5116500844274784,-0.2384489054761887,0.15946014461111863,-0.3693533010330449,-0.30843656305180445
-0.23757909695413054,-0.3693495140861287,0.5293187812473197,0.13277826177117197,-0.19088152295008254,0.6680784971219167,0.3638844661518884,1.1566845907924224,0.09685732118682759,-0.09048516428714357,-0.24765836561275606,0.358429272593889,-0.1415319093474461,-0.48849675020134686,-0.215544339250607,-0.591351394288341,-0.7637425373414828,0.05529553652612812
-0.7423693592639383,-0.4382430964625741,-0.44225076927865886,-0.5104448384281627,0.3417677885268487,0.35644826307553457,0.21894276029605456,0.8653198278807614,0.2519312794149716,-0.6774642563257598,0.020919810780452963,0.8326609502787603,0.49298998967169827,-0.4270798011624688,-0.4978502463137477,0.10751061977439907,0.33322116343752806,-0.4657171908124572
7.459792323404218,0.24234039873576063,-0.38218112284199224,-1.3705691229409924,-2.799476679474056,-0.24566546769507008,-2.1816840686525887,0.3763353529942924,0.018531777073045028,0.2477540429174025,-0.06066270914837335,-0.1895179088812034,-0.10899038407488082,-0.03653505866158735,-0.07501318698926412,-0.09792850708771417,-0.17574592906000258,0.07439274783947508
-0.23677046604959107,0.4619632095023991,0.7716526095673113,-0.3542840078489192,0.11939206343020085,-1.7919556475062157,-0.20861454952756395,0.41727523114469195,0.23845191023482853,-0.24218670756706215,0.49680464675649194,0.6847055941866238,0.1942820439006382,-0.32875454165130086,-0.43914232712146833,0.6766234407484875,0.488672077235874,0.04687506208764225
-0.566269696974951,4.076853691932163,-0.44196203279659646,-0.13419281892827883,0.34833323374819775,0.4555441686649927,-0.23986172904033584,-0.8378392148577993,-0.8323229383060098,0.7603530676503961,-0.31477175647519456,0.20102328054955954,0.26695173187390187,-0.043802937431180355,-0.3001729707812145,-0.19160408291256187,-0.6769187842721005,0.13575504884825917
-0.6078142523340238,-0.7669610500279107,-0.21737894495971527,0.0378257924133238,0.061586588865916767,0.8301335128331707,0.04628463419154907,-0.014509889948993882,0.9146059352875897,0.49253107953437403,-0.23539685541103955,-0.00766950645984199,-0.6956714468468452,-0.18300037808088748,-0.3702446864285333,-0.04853249744099536,0.4475211716460852,0.0927652522117764
-0.8733986242158123,3.7784836004337645,-1.342309893057323,0.26458748211012006,-0.22492981823650998,1.1699240295732616,0.3175102787757992,0.4262523412855604,0.1369287392975055,-0.41651317657913955,-0.35422987189699007,0.080558461180193,0.04711203874975661,0.06468116351043118,0.07363736159253326,0.07197043224629196,-0.14878775114110893,0.2352164348639954
-0.8104869696741372,3.9427258435020933,-1.2240587572242436,0.6863388794283037,-0.6879281269414542,0.3809086635746938,0.3085766740158016,0.57174280984495,0.2668698124424313,-0.3527003822475909,-0.40484236670962104,0.06783936971408194,0.015350490061281474,0.25042588242600405,-0.15820346648449174,-0.12099718575804058,0.2845464998046259,0.0579174957916852
-0.22801264371328583,0.601732723508637,3.1652098705694884,0.748420107519057,-0.780035266328912,-0.3041132009992359,-0.5270176270242819,0.32514887581555935,0.2093256150563214,0.023258581700340925,0.03973697704630752,-0.2452350419071337,-0.35632199188807534,0.5149831413760014,-0.12885511823568135,0.18669778953834731,-0.39141589017217654,-0.39289731439914477
0.7830244497218708,0.03469559109002662,2.5225014335155755,-0.08653777083012475,0.27443732155768125,0.9953605760279982,-0.02106073662265477,-0.1154926805767694,-0.059260002717273746,-0.0892749743900961,0.10507288211078825,-0.21483446950059998,-0.33600671932103393,0.49860909624351313,-0.188200015849187,0.09568896018072359,-0.3169149699269482,-0.35851413832617185
0.6982969941966028,0.6407574216458028,2.6269226083351906,0.5921035002926797,-0.5059193809408905,-0.5349938073259445,0.05844223107607806,0.7144982308213632,-0.3938193985126691,0.07886984197958283,0.11220995562734992,-0.20596794833707427,-0.05846815759884172,-0.09443807602576254,-0.15654747357055415,-0.3169238327645706,0.09966691027536856,0.6732074833443824
0.7367801048543778,0.43490808339068265,2.6018832937044527,0.8890313648890925,-0.6245676082610162,-0.36394611474988625,-0.18495395970786702,-0.2859477329676428,0.5478974162297672,0.037566062772196235,-0.0905112009234757,-0.35884641005439005,-0.18978499216435413,-0.060077215531157135,-0.06695777539570635,-0.19022412745951803,-0.04129190643520153,0.20000901417668798
-0.567120946601265,0.12467320953732886,0.2292477341453676,-1.1436896799131073,0.9291885535685741,-1.126812963745095,-0.44343147161316676,-0.3253984685483619,-0.9658916937459954,-0.3988328123075455,-0.22750503285604168,-0.208747069444641,-0.34172428711404496,-0.49333170572710205,0.20776766932459156,0.07081787039638948,-0.5712837250487203,-0.03270560968018671
0.6219459153032191,0.5125923233376903,2.5261747216289043,0.4610154472601081,-0.41190727749471573,-0.7483754563131518,-0.027354874829238693,0.6579571598940603,-0.419262469595316,-0.218673730090143,0.0220241007770276,-0.6186164910411331,0.5895234264596235,-0.0712764423296603,-0.4809455639983898,-0.04182162256746713,0.09168801610428667,0.6686906977413971
-0.8097239708253735,-0.8769022128042334,-0.511606767528032,-0.5493036805779664,0.33014232711023733,0.2959397863684664,0.22055362050179367,0.8997227472827689,0.11381165149855992,0.5178056858539077,-0.04331524659189828,0.1857194407128567,-0.5073329659084078,0.2624686639280208,0.21172447645763404,-0.1345971764636434,0.2160099823892797,0.15910925539175186
-1.537885410761618,-1.0132796944365914,-0.47229904330941863,-0.26776213795779336,-0.29332716776564477,0.5693791144577534,-0.4415809436678749,0.7092902043244456,-0.3361059790729715,0.40014554558690585,0.9952796923634417,6.593799205528716e-05,-0.49417664740255246,0.24490830575745748,0.35027085472690933,-0.021891156000742817,0.2414145056064365,-0.05528854038904757
-1.328556014194881,-0.8088954061372438,1.065543270776914,0.13596413513097083,-0.19990083648401558,1.2357759259332677,-0.3109263455293335,1.3216945790583718,-0.07626148773542465,0.33032151673010024,-0.47260670820419937,0.08165126200155298,-0.34496197702495224,-0.3167314217312797,-0.007875492207060242,0.5243840235476231,0.29783470761136555,-0.20589751371654616
-0.9676926373111723,-1.171555610755387,-0.8989891843759019,0.12868573947575912,-0.08418435446648169,0.3428635113843394,0.08645288002269529,-0.08619631117664031,-1.0860205471082895,0.7488849488428129,0.46028036951426643,0.5134204438992844,-0.22215820805390712,0.310926076779129,0.1887303398881034,-0.053983094664331155,0.04086466585821458,-0.0059034766352562
-0.5780383417557255,-0.1889378982676495,2.825471371704147,-0.2754521669907246,0.27214684092731517,0.8344407362021621,-0.6878902438227165,0.5975941669450298,-0.4817755693495192,-0.03882914732076856,0.21232404758377443,0.1318237079108126,-0.23935642621404807,-0.14814301456487938,-0.16437201479758645,0.0011219187233635908,0.057795532037553055,-0.05643011939218551
0.645357314677481,-0.2736991388110219,2.4957727452820198,0.05569006743333875,0.2488007658562461,0.9803028036637413,-0.19215242103545568,-0.583984668289866,0.3043398611721134,-0.13978325846316794,-0.01170032351677025,-0.25973780987625555,-0.22243370041349753,-0.21196648187395328,-0.09350132898882485,-0.3164316347953451,0.08299724838810574,0.2570122225301344
-0.8860750497187571,-1.0050673111123463,-0.6123546542343181,-0.6803917336105378,0.4241544305564123,0.08255813738125899,0.13475651459647686,0.843181676355466,0.08836858041591304,0.22026211378418203,-0.13350110144222044,-0.22692910199120225,0.14065861815005715,0.28563029762412295,-0.11267361397020165,0.14050503373346007,0.20803108821819782,0.15459246978876656
-0.8860750497187571,-1.0050673111123463,-0.6123546542343181,-0.6803917336105378,0.4241544305564123,0.08255813738125899,0.13475651459647686,0.843181676355466,0.08836858041591304,0.22026211378418203,-0.13350110144222044,-0.22692910199120225,0.14065861815005715,0.28563029762412295,-0.11267361397020165,0.14050503373346007,0.20803108821819782,0.15459246978876656
-0.7487483742816472,-0.7574343736891611,-0.397558339654233,-0.5803369711402809,0.3342897877995549,0.23512046623510868,0.19435053038390085,0.8371499918331364,0.14212996219407176,-0.1347674732617344,0.0965364105731017,0.5546870615553734,-0.5300684221060683,0.2927575034303198,-0.08536582115518965,-0.4787693798848983,-0.14893407484548765,0.2205768950429478
-0.41755583449588823,4.495442266886815,-0.2093988323773634,0.039688450802332784,-0.02932069023313623,-0.23342409523147245,-0.08606021244723917,-0.0858295878238032,0.07988476427423295,0.05627108458624744,0.1425910334425431,0.08499225601496335,0.11653132591315574,0.08617838888333207,-0.0026609301246066086,-0.01979365929775001,0.42559770030507116,-0.05123229593983247
-1.1904525720876735,-1.037742962109237,-0.6082430496693755,-0.47524778795123523,-0.09665502151184484,0.1818376092375403,0.13540019031656259,0.40410667346591284,-0.33676649793315133,-0.5404810106463803,1.0368565959024254,-0.0787523380148088,0.1467743864187513,0.257889568002588,-0.2953496889206317,-0.12306873133704072,-0.11424705664499468,0.04262891972628252
-0.8733986242158123,3.7784836004337645,-1.342309893057323,0.26458748211012006,-0.22492981823650998,1.1699240295732616,0.3175102787757992,0.4262523412855604,0.1369287392975055,-0.41651317657913955,-0.35422987189699007,0.080558461180193,0.04711203874975661,0.06468116351043118,0.07363736159253326,0.07197043224629196,-0.14878775114110893,0.2352164348639954
2.535753086485146,0.4771530881759374,1.9572232520628894,0.39298539839830393,-0.4991566941993913,-0.785435927010583,2.036327014075054,-0.3998549704298336,0.17621745894696983,0.07830489264388632,-0.0037939851677894487,-0.38205674410381013,-0.25821291320261425,0.2827446811730724,-0.211794869000545,0.02527756127427927,-0.28625511468736614,-0.17965840320390392
-0.8250994531750308,-0.885599471997274,-0.4983062263605191,-0.7114250241728524,0.42830189124572987,0.02173881724790129,0.10855342447858403,0.7806089209058336,0.11668689111142487,-0.43231104533146014,0.006350555722779483,0.1420385188513145,0.11792316195239677,0.31591913712642195,-0.4097639115830254,-0.20366716968779489,-0.15691296901656954,0.2160601094399625
-0.9560570239714593,-1.1327213147634632,-0.7480540444277539,-0.40110591352526415,0.3238421272461121,0.0010112231450180448,0.0040898528577681115,0.195719364758522,-0.6576271829247429,0.5614760299512117,-0.6637215332662851,0.32786250609366985,0.3909694467180198,0.4045568999943233,-0.25526045912859624,0.15829084479455574,-0.012056889813411464,0.14549013719359044
-1.051684525985407,-0.7519594934608296,-1.0327269702221047,-0.2867262663256862,0.161719056804909,-0.060796895882162735,-0.07251138922661807,-0.09563920020557487,-1.307506554201509,-0.9430287137750526,0.26360024261568227,-0.42764795983589626,-0.4325167338780203,-0.08761747052087426,-0.17148891507982908,-0.2500469310104024,-0.07870748473513578,-0.29262246054026175
-0.2633615069376206,-0.05191682919475671,0.752797236517367,-1.0686885987070838,0.9271257659985693,-0.1628276561386915,-0.16838356447402647,0.210910236783562,-0.02747569655232418,0.3520038706293249,0.6851479179545144,0.7110203789638048,-0.5999571706370989,-0.3516765240002742,-0.5475792134480509,-0.013022889530459436,0.08900602299930427,0.02853631059421985
-1.1597288159665573,-1.1785869158112046,-0.8591830318058464,0.5983413327102597,0.6775066111360718,0.3292386110569595,0.012602531318790897,-0.3786459629504807,0.5308936172892929,0.014048977541632784,0.7396761219807049,-0.693222487056409,0.09331531633239926,0.16619940486832863,0.07731883527778055,0.12060488502064576,0.2593885809948382,-0.010891846180371922
-0.76601181434204,-0.9201399687553484,-0.5107211522371944,0.46643908496853326,-0.40032814027300784,0.4678816246337505,0.040590800754964976,-0.24382414000458535,0.43269257903094666,-0.10035112279497407,0.5412696299008912,-0.8833716678275942,0.41192551006637723,-0.4206712050569969,0.6731721363621197,0.5443537734560455,-0.3153500470118168,0.09191656340119375
-0.532927211360269,-0.7754689422582433,-0.13347384634474868,1.6685530599432523,-1.3717329861172134,-0.4803110358828051,-0.04097973535958299,-0.6763691871406987,-0.22329251822203816,0.6622155063277849,0.003904970129207097,-0.038035589227892797,-0.06463072532406494,0.2718680335965149,0.43125245222049813,-0.23312002881659138,0.24867976006699477,-0.024923341787013553
-0.7567174670502042,-0.21334362549821706,-0.631505744842209,1.3858568249449346,-1.151935428120003,-0.6690486961243398,-0.10157363621314852,-0.7797632398875365,0.07191140524853552,0.27954660401747145,0.3632998059556236,0.735576108915877,-0.4391250591983748,-0.2753919904366407,-0.5952112629089874,-0.13451744998490928,-0.21879306834218426,0.1045501453285253
-0.8250994531750308,-0.885599471997274,-0.4983062263605191,-0.7114250241728524,0.42830189124572987,0.02173881724790129,0.10855342447858403,0.7806089209058336,0.11668689111142487,-0.43231104533146014,0.006350555722779483,0.1420385188513145,0.11792316195239677,0.31591913712642195,-0.4097639115830254,-0.20366716968779489,-0.15691296901656954,0.2160601094399625
-0.8021613774864942,-0.8818605901572123,-0.5495103412002016,-0.014053426714095776,0.9477063846175108,0.23617405235400035,0.1739308733746505,1.009988311509793,0.1268424304689753,0.4965675913935592,-0.027200684629673566,0.17194213367829556,-0.5138169481170993,0.2791190867240697,0.22263372833276507,-0.1515654448377962,0.20233744723630676,0.1615745268679843
-1.8581937566408848,-0.02057119280147779,-0.16007924921214345,-0.10224948532498908,-0.1126074966281344,0.5091120814555481,-0.43856651953673564,0.7762576160407262,0.7776596199512074,0.6529303884584974,-0.12431481451446164,0.1257297691279829,-0.25704614606345855,0.3482191905219463,0.7079480208620703,0.05251473907544996,-0.8158907903326313,-0.8132173913810345
-0.4150284061527563,0.05481575650639314,0.5216448936564375,-0.2647126813205154,0.09981913721589418,-2.1083873860406848,-0.40325246248577173,-0.22057656994909355,-0.5611941086222906,0.44790819277141425,-0.052348745203125435,0.6488370961475589,0.48401048555581405,0.20719538483768163,-0.3507392672023546,-0.05269756476480525,-0.2773990537399097,0.13945426052063392
-1.0201764286969262,3.40466942943237,-1.570670385517276,0.5434909002600066,-0.3144216636494378,1.1306962476045166,0.1809782475405977,-0.11769406173941374,-0.6736562008333233,1.0039547599322,-1.0020568137923587,-0.1850972265938386,0.18850635221968814,0.09015571660919264,-0.1586252095282759,0.05136459404840249,-0.4530259275377784,0.183437200928581
-1.4915375975347944,-1.148787033947465,-0.6807946058247224,0.25685624414327557,-0.11428094248494729,0.46587423434648073,-0.6778805621297767,0.13430116861427285,-1.0778816744899953,0.7326259247938745,0.4723506279534194,0.5515449586451189,-0.24430945842468998,0.3669693829955213,0.21647664580911796,-0.01410188283431768,0.016999390036168682,-0.06003258138269746
-0.8324626097327309,-0.8777322161361949,-1.106351924466662,0.7503966803196165,-0.015611517802448002,0.042031895123152946,-0.5175446685453614,-0.8449401537799826,-0.045275735417074955,-0.1522022287973643,0.33216036803782145,0.33114242092938173,0.7709628493741233,-0.34436227600561437,0.13651416199546074,-0.35542590063310153,-0.9588875607290674,-0.3172939233738691
-1.0358642923007215,-0.6252671652256245,-1.0541142958293865,-0.2553105738279845,0.1467511382182189,-0.04229670801630128,-0.04044292961223242,-0.13658235332791238,-1.2712356881068478,-1.3697095750037203,0.2413550955219862,0.023831715180490598,-0.30086476258232897,-0.024454260751734347,0.21527710849540915,0.1325169216698378,0.37038677086469174,-0.3114131988512194
7.28573354113159,-0.26858902045042554,-0.48092808814925636,-2.1592582633061093,-1.8801905096441336,1.1800799392623744,-2.125663219127163,0.058882958391156565,-0.23230322978993212,0.1122279552793071,0.016308179406789247,-0.12657792416263464,-0.12719918715192913,0.03635625870218462,-0.12255419991224487,-0.12277812586743753,-0.13557420349763372,0.021508369390652426
-1.4834263204234068,-0.8437193796223161,-0.602824264953705,-0.165153922302673,-0.5314539628526264,0.7559705887310006,0.06741345110301598,-0.48107418558773424,0.5161936064665442,0.38974879429185616,0.781471662076259,-0.25004475172983626,-0.52129023269354,0.1401643445528835,0.40499463708988603,-0.17318866559981266,0.305761036398585,0.06440683370855244
-0.8701347732467056,0.06108471849801966,1.8951044545256368,0.2011883014659745,0.5550969816289534,0.6360132444339431,-0.9660343446745868,-1.1124548982861053,-0.09335052563078106,-0.07661706821697065,-0.3555590523871366,1.244447606752218,0.13931673942612155,-0.4528728404410684,0.1425218411681688,0.5723916650256311,0.27207877820975546,-0.023445110157684912
-0.1196334552423105,-0.5795474013257937,0.7947150343643774,0.08744710295332185,-0.11329117821753787,1.1959765385178325,0.4324770026860173,1.2193082245750295,-0.034008570311820335,-0.27447934469341473,-0.3628609470831638,0.3303156852523864,0.03385222371139268,-0.5279159018318966,-0.34792929135448986,-0.49940913593098046,-0.1691501074325678,-0.6010235550215628
-0.9729859639569524,-0.22399113926048897,-0.3231465102625158,0.9119776989045925,1.4233234393599121,0.7342899862432515,-0.08034522829245926,0.7081960755709469,0.6681219257828425,0.5703175906457217,-0.028878305152301553,0.10087509271661688,-0.8717074819954267,0.6992534501294937,-0.42741419701376626,0.6561512301653682,-0.18602661706789175,-0.6699343104012632
-0.9116209216581274,-0.8372043849225352,-0.6706075228698958,-0.6691260414227181,0.41835970493352465,0.18238275891066474,0.18117459919444834,0.9375030938335529,0.16996271320299633,0.32398988696132913,-0.13786480652009941,-0.12696677668769335,0.5551430589565722,-0.04034531654598572,0.03022995637658432,-0.2954239933787345,0.15218206772812148,-0.4255032994354852
-0.8250994531750308,-0.885599471997274,-0.4983062263605191,-0.7114250241728524,0.42830189124572987,0.02173881724790129,0.10855342447858403,0.7806089209058336,0.11668689111142487,-0.43231104533146014,0.006350555722779483,0.1420385188513145,0.11792316195239677,0.31591913712642195,-0.4097639115830254,-0.20366716968779489,-0.15691296901656954,0.2160601094399625
-0.9873329397831944,-0.04975482434563405,-0.9516972761444641,0.5476493547320168,-0.7458486916977445,-1.4286029680781938,-0.06121973267026862,0.19202084552537121,-1.0789564153843547,-0.8030711490815164,0.19204319183253127,-0.5003134019158741,-0.33497701982098843,-0.15693826188701104,-0.183883042735268,-0.21659579006694157,-0.032355171500374036,-0.14066922778341814
0.8643926936344777,0.2661653160228563,0.3151900063721451,-1.4007777246450126,-0.7462325458355027,-1.9177067546139914,0.9465633646502744,0.010705402064858621,0.17163596461625785,0.46767895849847274,0.5242112601902067,0.4696222920829466,-0.3607533028336158,-0.06770784744555308,0.0625072155567673,-0.398230826260806,0.014121860164307276,0.25515567776950415
-0.9740617419518535,-1.1720667054123826,-0.8640376808887522,-0.281688133642086,0.11014005228999339,0.21102877663337294,0.13132243585608722,0.504724929493001,-0.3654678548502806,0.11012746060605746,0.9003149464880089,-0.4540197068896467,0.17552254743659534,0.21516110810503086,0.006919094618662303,0.2033333044716767,0.2529737497187421,-0.0013179296430653742
0.1834837460938542,-0.927053426704153,-0.7503850489205086,1.483793213526019,2.0153356888241465,0.30330886060916185,0.18829614320433277,0.6278537861990514,-0.5748793996085996,0.8617279670381213,-0.7520939785903379,0.807980157270946,-0.33914684182788685,-0.13933074527550082,-0.4311760294260561,0.25449877430685525,0.024499806068089214,0.10192633727857309
-0.6056577328668422,0.3558015859834943,0.17370150457205713,-1.3122160397857823,1.1549519137918005,-0.6904622596616762,-0.4461504517987622,-0.3838627079967359,-1.1172916105361197,-0.4024130215646742,-0.2015447259989505,-0.2844181975503047,-0.2861459377592139,-0.08107220947370292,-0.18068893086443322,-0.31914760716148827,0.09916196432305535,0.13184511183091308
-0.8869398558551257,-0.6567138966423198,-0.7230470955252402,0.532388817750948,-0.7766378351378601,-1.223217753612805,0.14482009709348087,0.8085741479037711,-0.11036804307514207,0.24016131570806384,0.8244026772340047,-0.5191656239791556,0.1901182066201761,0.15175824698876206,0.05298804779784261,0.23531357187328,0.2115244425265661,0.040328345764300055
4.829070243115513,0.3669336881049755,0.8635544163440483,-0.348524691232042,-1.465736953388253,-0.5524610534295454,0.13564784330669022,-0.0400483363028403,0.10287838131114095,0.15782647920620257,-0.028589018433766877,-0.29883199933382026,-0.1879038632494644,0.1298005036243216,-0.15018601524231806,-0.04245238231918075,-0.23686698066302986,-0.05037801424267346
-0.1234966493284119,-0.3698533611938115,2.7019453826403987,-0.14397428587257183,0.058161178685672596,0.9329110585076181,-1.1007268287144245,-0.441000711031516,0.2813309090355337,-0.44353076381146206,-0.0945911463747412,-0.6253722906510253,0.4023517089973906,-0.13384655928123684,-0.39382609048940975,0.005599106719063052,0.050273718442683024,0.19757138613425235
0.8111076187078061,-0.23534172716134405,2.027143781096729,-1.212904544052642,-0.10818340845048437,0.44189230523341017,1.3333431931093627,-0.0018679637010057537,-0.4462486878760079,0.03998201982155872,0.12154464559382183,0.007519654209777904,0.4099266064505357,-0.14888541785798232,0.5194379297883133,-0.8781675189747589,-0.015652784894890026,-0.43024541204686817
0.34015133409937026,-0.9134590917038359,-1.1867245610851997,-0.301134382931986,0.40042021113547127,-0.35750760681706417,1.7144669092114175,-0.5095286946488318,1.0293129153647838,0.20231451620023544,-0.33880829474217267,-0.5648677023892352,0.14287334585986772,-0.22288233928384654,0.23530111089217698,0.2592870995222008,-0.3048113527593098,0.483206465274217
0.6561281218808251,0.1134885716509284,2.5360154439392453,0.7386789657938014,-0.5439650181254322,-0.6673253755696439,-0.26445186570337886,-0.33667652080639837,0.533996601864605,-0.3072929754308873,-0.17779844762109664,-0.7375322696698234,0.44015354282854824,-0.25220770929411973,-0.3718304662374802,-0.009349157196638203,0.033569047024847865,0.2941417123345145
-0.5662189065901269,-1.0461558762338325,-1.1527079566919562,0.7586243819978087,-0.2149396922912417,0.1891421825934528,-0.2277176121929453,-0.9040074618005403,-0.13581256775562817,0.7042157010355666,0.2797724127495125,0.266072831262017,-0.25894962542074235,-0.09596022845707614,0.6055187307917289,0.1381150878528265,-0.5187557557524901,0.22536147711490223
-0.8104327985405481,-0.8879607027314294,-0.5616805219248433,-0.25177590690994633,0.21869562849167545,0.49012790139074114,0.0010203747781605543,-0.06401879040256295,0.9904342795258747,0.45069601271157855,-0.22190011582658992,-0.03421006682956784,-0.5766489599860127,0.18186096203431257,0.27568973066291824,-0.20960064296597436,0.23965192336813101,0.16226723465572973
-0.42737595521847355,-1.156148220725784,-0.22236858287406114,1.068007177170591,-0.36832594832177806,1.0134704811723803,-1.1952013244942732,-0.7536302067564553,-0.45826247369315104,-0.3514890526264045,0.18348440252001252,0.16582804701293552,0.3681132101174064,-0.06565188459822419,-0.8106179989336886,0.04643027350959861,0.000446805474027423,-0.11730443726812487
-0.839302015370637,-0.7063119965418827,-0.63485799255637,-0.23347505699867876,0.2107931387045554,0.5627087928069571,0.013329741541335566,-0.0664532870084438,0.970946091962932,0.4932067679849811,-0.24541330529078548,-0.035127029131108434,-0.5450904356558908,0.18945115221414266,0.2965601467469332,-0.26748255965871837,0.2658567152714778,0.24933975501418254
0.013170938812929633,-0.6192153408518943,-0.5356503422706591,2.306342609838102,-0.5838457245121301,-0.4701676578536267,-0.3259260397687861,-0.44737548887667783,-0.10557122130029921,0.7416998561736987,0.13309958654471332,0.17384711412634726,-0.26200316912144184,-0.33452970384906666,-0.21639400956905047,0.12741121425118646,0.23658471010632476,-0.0844498888919347
0.16578360299874817,-1.0150613419073922,0.04963844906298376,1.8708166125354075,1.2138199422835654,1.0208628289262494,-0.4140766281910776,-0.22050871319617402,0.07251453585395888,0.6138190509445719,-1.1123794706540673,0.2951968724395762,-0.2118457039147613,-0.10655322584732257,-0.14412141733175393,0.08113841250208903,0.06871980138430145,0.18858246987362365
-0.0709980683473942,-0.9174651570873837,0.18034299524715935,1.450933293553968,0.17143968936549175,1.2950430641795627,-0.8983207984617206,-0.04411144923393587,0.22384854778868096,-0.44092627354444913,0.8971826656434752,-0.06958609807024235,-0.4880919244513221,-0.18773566993119678,-0.24276442327925224,-0.33359614272487986,0.1825776128967016,0.05892791704118311
-0.8860750497187571,-1.0050673111123463,-0.6123546542343181,-0.6803917336105378,0.4241544305564123,0.08255813738125899,0.13475651459647686,0.843181676355466,0.08836858041591304,0.22026211378418203,-0.13350110144222044,-0.22692910199120225,0.14065861815005715,0.28563029762412295,-0.11267361397020165,0.14050503373346007,0.20803108821819782,0.15459246978876656
-0.43216831799678174,-0.33288304861255313,0.5163536984863613,-1.3580754527988232,1.0869093279540478,-0.592593941558265,-0.28608346198445667,0.12303652323708039,-0.07029815705677345,-0.023339578497621777,0.5537839558749436,0.1591914051521959,0.21910399780427092,0.15167164358374996,-0.25422137522314026,-0.10246364322750429,-0.015861768516124253,0.10691031770844478
0.07692425783893586,0.10926018994998032,0.44564841633128305,-1.914158627580576,0.1016846698330711,-0.7807474822644648,1.7018985168338954,-0.2736829316104434,0.09077075197056937,0.450487171056719,0.5937731418693177,0.5809240885323259,0.04607264084468987,-0.6072890378405464,0.47651635030794326,-0.5673188516913168,-0.5996531677430494,-0.18256039994090295
-0.9386320173474976,-0.8847359401074992,-0.8082421216505309,-0.3014557320165808,0.10849278735642336,0.25003407802942096,0.15153743033616585,0.5364735915214554,-0.2555554113676855,-0.4387179253324376,1.03580289857513,0.014910239256378965,0.5672715320454501,-0.08052566656277899,-0.14726763264737547,-0.5767679260617729,-0.1678193280061016,-0.5199460592161214
-0.4962877227222486,4.20450769558328,-0.30626264260316066,-0.41347863901355253,0.448645537058498,0.5370910829012338,-0.10919506730162712,-0.19037690326085524,-0.08632717496535389,0.41913915148336656,0.21544867534887002,-0.35376832753531245,0.016640903305939536,-0.16272953980138083,-0.15758612562281987,-0.2093898939736576,-0.45683080624049116,0.1448573814434353
-0.8352698427647439,-0.7090392866144228,-0.5698596361636097,-0.5380379883901467,0.3243476014873497,0.39576440789787215,0.2669717050997652,0.9940441647608556,0.1954057842856433,0.6215334590310548,-0.04767895166977715,0.28568176601636563,-0.0928485251018929,-0.06350695024208786,0.35462804680442006,-0.5705262035758379,0.16016096189920337,-0.4209865138324999
-0.8869398558551257,-0.6567138966423198,-0.7230470955252402,0.532388817750948,-0.7766378351378601,-1.223217753612805,0.14482009709348087,0.8085741479037711,-0.11036804307514207,0.24016131570806384,0.8244026772340047,-0.5191656239791556,0.1901182066201761,0.15175824698876206,0.05298804779784261,0.23531357187328,0.2115244425265661,0.040328345764300055
-0.40623142086845077,-0.9470099456138497,0.30614197282024214,-0.20209079124775853,0.11956511509296834,0.7389572624173485,0.2871265276793743,1.0301907061203932,-0.14470745998552428,0.022877505428833045,-0.6201617358126896,-0.5472396032910654,0.528947045992471,0.315590114536622,0.24417341548524507,0.4658628360017741,0.14607044395883406,-0.14351167460214156
-0.8867838774339316,-1.0161258010395418,-0.6624284086311294,-0.38286395994251776,0.31270773193785034,0.27674625240353373,-0.08477673112715624,-0.12055986132986576,0.9649912084432279,0.15315244064185285,-0.3120859706769121,-0.4468586095336268,0.07134262407245229,0.20502259573041481,-0.04870835976491744,0.06550156723112915,0.23167302919704913,0.15775044905274443
7.934266879828387,-0.587444928105239,-2.987312148808268,1.4299508862436854,-0.7157893265094496,-0.3782063167461647,-1.0348742528820356,0.6437034329008113,-0.2619266065076707,0.8499646954328466,-1.2457992990942799,0.2332691136999282,0.03262542894065168,-0.019216234081704253,-0.08657968632390861,0.3828008162989838,-0.006496063985912959,-0.3442249149370616
-0.09685699819381077,-0.21670083615336555,2.6914605160376333,-0.5756406619477736,0.04537226012062688,0.7766986776382744,-0.06109594436135328,0.3083646690902712,-0.5170720486941166,-0.009358083792022048,0.19160010074039957,0.12551186238090412,-0.0995374859367657,-0.27263616954527853,-0.08198617122015639,-0.1939836201908702,0.138119731768796,0.1850345060032454
-0.6058558032697511,-0.2589019255308864,-0.4575090510021454,-0.2244392519264221,0.17276600006091952,0.8213949317167697,0.25043293539404643,0.5301272574077991,0.7258079378453733,0.6827319470190185,-0.06831250804766181,0.2498360299571466,-0.4468071224699391,0.08627439209374832,-0.2938613145034043,0.13113388879204818,-0.11922041809265266,-1.1162456881420386
1.031493370543805,-0.7365249571801098,-0.3987120445500687,1.5611425135555894,-0.22793868785191396,1.582476317958906,-1.5309752768931235,0.06292189002373541,-0.9737914994104035,0.5774947598986514,0.1937492753631742,-0.04379068557351323,-0.351274755733585,1.0481835894475484,-0.3208333076689174,0.40090955808678724,-0.2191437322101819,-0.5979502860013313
2.692604025143198,0.46956838561041425,1.8819561985969304,0.3590630008094954,-0.5435804680320143,-0.7735598593320722,1.9195286054967653,-0.3756158005264582,0.17214773014347795,0.08234312611355024,-0.005024603276560458,-0.37726748313522124,-0.2538057096680654,0.27359580178640086,-0.20752959373878654,0.02108593691944871,-0.2829891886448688,-0.17221845774167255
0.5529015825117035,-0.4265002599207055,2.3600770939572993,-0.10260873362582938,0.3145722243655496,0.7639181672313754,-0.22405521264056913,-0.6153173109090448,0.28696047175031103,-0.21758313552038885,-0.05287843074601878,-0.3989182409838055,-0.051364116030592655,0.2682200520139688,0.5242545996639214,-0.6809745986894935,-0.01389164895624101,0.3399030152473446
2.4307770036996397,-0.34110344860663333,1.7828838116365204,-0.5963907765110731,0.446594708114934,0.4469048387671032,1.9867619490342396,-0.19019588060291695,-0.5932384204201802,-0.034906881273796014,0.13332477302883095,-0.1378556512118832,-0.0875965131951647,-0.2869041867641275,-0.22311145803683013,-0.34279850275575474,0.1344102192055313,0.390491394710817
-0.870018264542404,-0.2803556760000836,0.7213416933301535,-1.0090003676168873,0.9887335189758025,-0.1650436699879877,-1.2315239327291392,0.505295657750733,-0.07549608182275047,0.6918358387257802,0.469206941104956,-0.023216909787618534,0.049039180554749595,-0.3028554145038074,-0.5382902486848337,0.64477653049129,0.4196168982583345,-0.08952888922008997
-0.760747866972818,-0.18339480288207866,-0.4172765322828785,0.12295059688485056,-0.47926585725692344,-1.3460672549481298,0.11984508103493352,1.0682689666367795,0.3452370299285789,-0.2923534806379242,-0.06520649506037135,0.06937307677133647,0.2154628760094287,0.24659834576028505,-0.4221580392384643,-0.1702160287443342,-0.11056065578180768,0.3680133421968061
-0.7364331982384855,-0.32664431964981344,-0.6122036929010878,0.7628769628195143,-0.39313937743604976,-1.1672613688097764,0.26719251924462584,0.6581693044735681,-0.28997015437229745,1.0844408899297548,-0.6488116376391593,0.7632376157792633,0.1720914818979591,-0.00719325678483429,0.25833455388738735,-0.5313245463072847,-0.10295477676178677,-0.3831283941767053
0.25336729822559656,-0.263959297839897,1.8314236573460103,-0.5804915935856024,0.5920155337720733,0.4553135662612765,-0.06818572160650242,0.3980669558787609,-0.4804542683720833,0.36290493199871865,0.044231837601957535,-0.6154331575032095,0.5171781508863327,-0.3599585245422604,-0.32456600488415976,0.5991383666102938,0.4357294669497648,0.057269831732536636
2.828168610325351,0.45997175201883467,1.799238011906828,0.7701431810088838,-0.008517317582535336,-0.8672058575089759,2.167739852843236,-0.36418331744745785,0.1808461304860951,0.06990799026585984,0.004619591223247788,-0.40298093741160074,-0.2527358769927613,0.2700625632034376,-0.209197813966281,-0.006630019489428207,-0.28753771665499545,-0.1520613184073356
-0.4685334065078231,0.5987429713020006,0.30314548663862895,-0.1890598773613531,0.12114836714654025,-2.025158521298485,-0.6376813218211229,-1.115590323408762,0.12733813879360106,-0.7876792730320803,-0.499524690744775,-0.017000218252116894,-0.28926819091101713,-0.2622431277852911,0.3612611436508949,0.1278689782911842,0.44868794365126796,-0.21984833647956187
-0.7622059488916093,-0.8741062800377406,-0.4847857156662474,-1.0301640329044521,-0.09664073413141834,0.24523335541449232,0.9793103309176592,0.6155237048029878,0.10114638724596862,0.5452896370993247,-0.06323129183288484,0.16186099218217445,-0.4931060718318875,0.21956740917931405,0.17430671130325348,-0.1488294024636084,0.23609059791233433,0.19345315486102116
-0.2924058599547188,4.031374581079849,-0.3573100530875893,-0.6269104047067466,-0.3058826247734861,-0.05397813590286864,0.41956238337274276,-0.7669611445378064,-0.500285455979894,0.5380972854183604,-0.21517859434312914,-0.17229282838298227,-0.06397549013081949,-0.2125433282805827,-0.33598781028419006,-0.3069391991758458,-0.37404665389672664,-0.19867350333343914
-1.0480387740126105,-0.5950426081474287,-1.037095217355947,-0.0983356513186844,-0.0434332614061627,-0.38400956568681477,-0.0522286638905157,-0.00628281774207376,-1.2327430808439905,-0.9179389323195084,0.25887761492202366,-0.45299056064396687,-0.408041193679381,-0.3995534017035221,0.17181784155357038,0.03244261467431547,-0.6673922640486212,-0.07946621738050094
-0.9116209216581274,-0.8372043849225352,-0.6706075228698958,-0.6691260414227181,0.41835970493352465,0.18238275891066474,0.18117459919444834,0.9375030938335529,0.16996271320299633,0.32398988696132913,-0.13786480652009941,-0.12696677668769335,0.5551430589565722,-0.04034531654598572,0.03022995637658432,-0.2954239933787345,0.15218206772812148,-0.4255032994354852
-0.41755583449588823,4.495442266886815,-0.2093988323773634,0.039688450802332784,-0.02932069023313623,-0.23342409523147245,-0.08606021244723917,-0.0858295878238032,0.07988476427423295,0.05627108458624744,0.1425910334425431,0.08499225601496335,0.11653132591315574,0.08617838888333207,-0.0026609301246066086,-0.01979365929775001,0.42559770030507116,-0.05123229593983247
-0.8765759476555829,-0.06960729039072944,-0.6400533582041583,0.1286470850988961,-0.4110444523565257,-1.623514065380455,-0.055579649248834836,0.5466667650676602,-0.5985703071601766,-0.7028602054949215,-0.8461280745685515,-0.2657032720269606,-0.4527850039809779,-0.08055114211805076,-0.24501267048951275,-0.2808949343470155,-0.1650994534278562,-0.09506578570106441
-0.662335315900094,-0.2531400548462941,-0.306641508687532,0.5312677539207732,-0.6639347982468605,-1.004937948988795,-0.011685054102338624,0.17725767255857486,1.2738524019965252,-0.07184329130205733,-0.15796072791559412,0.2696116369234399,-0.5847887570000925,0.14874694042034287,0.024668386229274808,-0.5217925789856259,-0.1667414410588124,0.2653811497142911
-0.103314927019856,-1.0332516199248063,0.7842060413623639,0.8116231913623416,-0.3947586217115825,1.3906707144742425,0.0824671587615335,-0.4702881192108804,-0.09222596866693042,0.513809873822095,-1.255508938843848,0.09537687701896586,-0.14557378602182536,-0.09368081195436578,-0.1628571185624375,0.20712800978731077,0.012609206256023575,0.139178354575955
-0.48046748903756326,4.331200023818486,-0.3276499682104425,-0.3820629465158508,0.4336776184718079,0.5555912707670952,-0.07712660768724149,-0.23132005638319278,-0.05005630887069282,-0.007541709745301189,0.19320352825517406,0.0977113474810744,0.14829287460163088,-0.09956633003224086,0.22917989795241844,0.17317395870658253,-0.0077365506406635864,0.12606664313247762
0.6982969941966028,0.6407574216458028,2.6269226083351906,0.5921035002926797,-0.5059193809408905,-0.5349938073259445,0.05844223107607806,0.7144982308213632,-0.3938193985126691,0.07886984197958283,0.11220995562734992,-0.20596794833707427,-0.05846815759884172,-0.09443807602576254,-0.15654747357055415,-0.3169238327645706,0.09966691027536856,0.6732074833443824
2.8980855833163304,0.7739526770551928,1.4488512007015173,-0.4662891831890532,-1.5016991374371136,-0.5727653027109488,1.1970534240655766,-0.23271348641881182,0.3299221331791017,-0.1385656897181939,-0.020009164055715345,0.35622904538517125,0.26217008137632536,-0.13933302645581302,0.3070512016628878,0.1520352938260357,0.16063743479870107,-0.9705621740823405
-0.9101492211505052,-0.9067404709111055,-0.8044312545456067,0.17319696447062127,-0.20231150385032254,0.02118490171763779,-0.09413117464933635,-0.43223298117846215,0.6142365572300643,-0.5844655901963698,0.8568591067246587,-0.3303241943976251,0.10794663735996934,-0.14709368546902607,0.11710080784452226,0.06664718023280858,-0.6770131458506592,0.27646393243186923
-0.81916518949235,-0.6844032638128517,-0.534911871545176,-0.5108272403635499,0.3525882464242212,0.39876739534303085,0.21307739079956173,0.9688357364527316,0.18734210262479872,0.40178976401855016,-0.09668669929085089,0.012213654419856612,0.38407347457366736,-0.5205318504339077,-0.5875259722761622,0.06911897051541388,0.24907096507246795,-0.5083940921526955
-1.0050977573981907,-1.001652116607169,-0.5878870744989303,-0.6331031586305645,0.28738900019098285,0.23427718378811851,-0.9261840279919327,1.1260684981723048,0.08803839984246835,0.21113013486698473,-0.12422566839091537,-0.175989519534749,0.12869680224710117,0.3225346844443798,-0.07301552688340807,0.17443646618587788,0.19313433918215972,0.1124604803032006
-1.4964508638994785,-0.7915151635445763,-0.7255480803008174,0.3248223936032633,-0.8154608814693969,0.3561175523394777,-0.12229415921377598,-1.058718828404661,-0.16311109021841436,0.5357172783447695,0.19740822851347162,0.00728581827034519,0.2309062804515809,-0.5099366202771993,-0.33500293800777575,0.7680266734804688,-0.4130733900486486,0.17943037174028192
2.0201495946994186,0.0049986232046055346,1.782214179576165,-1.3484345973700262,-0.6281991435083022,0.7281826833018664,1.5423469301793291,-0.7094487429171015,-0.021766106755330195,0.03099472296158093,0.08467833334054098,-0.13810761272673472,-0.32353848721738054,0.24593065839820094,-0.28484296401079456,0.22268443677987765,-0.20238842960890807,-0.48157586318793233
0.8063412071119009,-0.6988055823304327,-1.075352344043361,-1.017274722466452,0.18301171466398392,0.003930837505901161,1.7724963177462802,0.3128000603377298,0.14554723975189154,-0.5062157818693955,0.04030121588261687,0.9284555865125923,-0.33470742649035695,0.1962651479736759,0.24196935589488744,-0.2031553123541103,0.36384019505861287,0.354932043178476
-0.8733986242158123,3.7784836004337645,-1.342309893057323,0.26458748211012006,-0.22492981823650998,1.1699240295732616,0.3175102787757992,0.4262523412855604,0.1369287392975055,-0.41651317657913955,-0.35422987189699007,0.080558461180193,0.04711203874975661,0.06468116351043118,0.07363736159253326,0.07197043224629196,-0.14878775114110893,0.2352164348639954
3.3307941520635316,3.8555342523073683,-2.0806634285218664,-0.3250102305731233,0.3739858359450064,-0.29266002505047006,0.34962003502551686,-0.6895021610467578,-0.5337554410724946,0.5599982311588481,-0.22621355502662713,-0.20849577447869633,0.02893018648746798,-0.40035061584427156,-0.30331075679828023,-0.4428560022169444,-0.2898840165344353,-0.033986869404655395
2.0846983921882325,-0.6428454696536863,-0.7568087541517429,1.5619567049949725,-0.8168348180562166,-0.5227151108853141,-0.16727960609937184,-0.006318269411392158,0.4850496065508432,-0.4588379895174469,0.7666310514904975,-0.360122654080337,-0.1459753356566951,-0.1790969912160308,0.5336257571479632,-0.6047114875040598,-0.17237266012944236,0.3920908217077865
2.4516905636149087,-0.16176466721884752,-1.971863430403399,-0.47874311397613467,-1.5491438117378398,-0.9139797333315821,0.6220012635173097,-0.02101111207356779,1.240291771412602,0.7685725617391133,-0.35146167934131967,-0.028901604730805275,0.03810905453743363,-0.4348139279835157,0.38956308430284725,-0.7033664101957522,0.34524283396131994,-0.11088703412408768
-0.02544633217506248,-0.8066894199963925,0.2598566249507386,0.32658133611926204,-1.0225719437351612,1.326537193043197,0.7945622791905967,-0.5877788640113013,0.28254377639786726,-0.8989364261714483,0.6722250464930299,0.3014050361823658,-0.2508271268960711,-0.34315895961337006,0.10043638912737096,0.19528504491743942,0.6758034135294039,-0.19015181967190073
-1.9326188029092077,-0.8248974292107463,-0.006562997283380723,-0.47782934133075206,0.1889855145166,0.45149955241645845,-0.4777343285899257,1.0920761587614116,0.12752975782959247,0.4983969274751562,-0.02998326553678604,0.22742745483318952,-0.5443844477698004,0.3480350312431847,0.23195060211935692,-0.07343372489622946,0.1789713495675901,0.07933678548020967
-1.0447525439197303,-1.310779198990695,-1.0498108254789993,0.2951254601112077,-0.10161894963886862,0.32366997741940673,-0.21887747160625462,-1.1064789197892748,-0.23484099016362153,0.384231703630758,0.19150964542925264,-0.11915760634719913,0.35651738192695315,0.253480008581523,-0.07170249633444808,0.14611564903044144,0.05652771266598422,-0.007262282974263623
-0.32174749977655964,-1.3450473452438076,-1.3886469641432435,0.08805160309763517,-0.3324659558294391,0.35734487281225724,-0.5639747141849003,-1.053992407260031,-0.25485798851295877,0.4068176081551349,0.18296312982873753,-0.10517165683257995,0.37924906948068493,0.20329603269400964,-0.06040469354912881,0.12133149830861917,0.07461205024690853,0.03550515908336854
-0.23645699010652482,-0.9067395929503796,0.6092343617448752,0.36483285906633134,-0.2976335354743935,0.5827367506791268,0.08133358489203077,0.11722133637186763,0.7533314751522179,-0.7549958217413776,-0.7153938142370369,-0.5022212784482423,0.49536518437235477,-0.14663161272377767,0.34570203985846115,0.03147465345951289,-0.5900962530458289,0.24630848150686163
-0.43216831799678174,-0.33288304861255313,0.5163536984863613,-1.3580754527988232,1.0869093279540478,-0.592593941558265,-0.28608346198445667,0.12303652323708039,-0.07029815705677345,-0.023339578497621777,0.5537839558749436,0.1591914051521959,0.21910399780427092,0.15167164358374996,-0.25422137522314026,-0.10246364322750429,-0.015861768516124253,0.10691031770844478
-1.7725701732027135,-0.8413090617295891,-0.0691550415352522,-0.7263511158517906,0.21407632841545382,0.16885835734471605,-0.5254463750483926,0.9407702755851806,0.12528134574139033,-0.4443420768210732,0.015560702693448503,0.18116580336638202,0.0878180541039742,0.3847484763925908,-0.39282606607658116,-0.15101413374915398,-0.18708717247303203,0.15065394941295024
0.7830244497218708,0.03469559109002662,2.5225014335155755,-0.08653777083012475,0.27443732155768125,0.9953605760279982,-0.02106073662265477,-0.1154926805767694,-0.059260002717273746,-0.0892749743900961,0.10507288211078825,-0.21483446950059998,-0.33600671932103393,0.49860909624351313,-0.188200015849187,0.09568896018072359,-0.3169149699269482,-0.35851413832617185
-1.0709751452378409,-1.1629445823526214,-0.7836338317530029,-0.8023232078918549,-0.48775612089444265,0.2654010832490097,0.2410612703740805,0.38077172843666446,-0.37761679787654606,0.13139175087845348,0.8846321920290283,-0.44329136019173404,0.18033277258328573,0.20056383700870417,-0.007057690050133569,0.21925208049141026,0.26440502437675817,-0.002934609272923161
-0.8733986242158123,3.7784836004337645,-1.342309893057323,0.26458748211012006,-0.22492981823650998,1.1699240295732616,0.3175102787757992,0.4262523412855604,0.1369287392975055,-0.41651317657913955,-0.35422987189699007,0.080558461180193,0.04711203874975661,0.06468116351043118,0.07363736159253326,0.07197043224629196,-0.14878775114110893,0.2352164348639954
0.6373213976528765,0.5212895825307304,2.5128741804613917,0.6231367908549942,-0.5100668416302082,-0.4741744871925868,0.0846453211939709,0.7770709862709957,-0.42213770920818094,0.731443001095225,-0.027641701537650165,-0.574935569179591,-0.03573270140118129,-0.12472691552806153,0.1405428240422696,0.027248370656684395,0.4646109675101361,0.6117398436931865
-0.9643109617185223,-0.9077021463270174,-0.9615179703463244,0.48389847705359673,-0.3175917257473128,-0.0418618246527416,-0.1927293767736594,-1.1206384458977439,-0.0954883400159303,-0.669932535258008,0.3043935278068981,0.6759470887036338,0.48990943722362346,0.034996126670314154,0.3612799862613658,0.46699684397414437,-0.4480068682824411,0.24857086152573532
5.222922126852101,0.021510422581406896,0.4479078701652799,-0.7230099617878122,-0.027690312746859694,0.8797784588363146,0.17032917777051107,-0.2876848502970532,-0.1385897006101662,0.030436208113031188,0.05613902716531716,-0.27729214187103374,-0.18854574990045042,0.44075242634107137,-0.19692808055787653,0.04356348686450917,-0.2689896744709765,-0.2440189920707616
-1.7216025063986193,-0.3619246646823755,-0.05041646796156263,0.5301995909624204,-1.1154021735925832,-0.9700907081330641,-0.018370918696467342,0.8402019787628761,-0.047207743014843026,-0.1239333880136402,1.05859766018447,0.28524798587395145,-0.5081327490632563,0.21902081885781866,0.08103237392426255,-0.335157349866092,-0.169354003749428,0.04718732077098836
-0.48046748903756326,4.331200023818486,-0.3276499682104425,-0.3820629465158508,0.4336776184718079,0.5555912707670952,-0.07712660768724149,-0.23132005638319278,-0.05005630887069282,-0.007541709745301189,0.19320352825517406,0.0977113474810744,0.14829287460163088,-0.09956633003224086,0.22917989795241844,0.17317395870658253,-0.0077365506406635864,0.12606664313247762
-0.4115169507206224,-0.09573672147802648,-0.181120143958323,0.41967986186123774,-0.48046585587292195,-1.0722200023862594,0.7772070665651418,1.0384086582959964,0.4174493008157775,0.07247457389180992,0.05837203558382348,0.6017463092824284,-0.6800206238395448,-0.2674252642334002,-0.6742919422728764,-0.09758442580926957,-0.08387350187813042,0.19551339539134355
-0.2546850721664583,-0.5871074946709924,-1.0497706209377227,2.8033248036158978,0.8742602570790992,-1.2223342715986005,0.0918339240897206,-0.5774150978393928,0.1128502931366447,0.0948431324402948,0.3886041467781851,0.5359269813239286,-0.30462353039512846,0.2189009982320863,0.026501067319468496,-0.5075349218958657,-0.36314916094744887,0.1251135334324715
0.5803534164289316,-1.3898392986029318,0.384704773998249,-0.0946404835767757,-0.8335542656838179,0.8998718391500955,1.4885754675963905,0.18848686190770955,-0.9361688491668552,-0.2633663852483993,0.613232482104574,-1.2321969857485853,0.571644186294493,0.39462251761280853,0.2638168715153498,-0.14248465576043562,0.32315642572411685,0.29125528882093926
0.01420820212132945,-0.41927128173212913,0.8830362965726215,1.7530441482630728,-1.4905865722601703,0.015721051218999776,0.11912033622757262,-0.10229792645016894,0.33833539227709447,-0.3977842631246973,0.7353286671423935,-0.43652013771127246,-0.48418960647030995,-0.006631402365435801,-0.2990882392355388,-0.4865961021322691,0.03920230831275906,0.3741396207709244
-0.5191086914241642,-0.8877854852196541,-0.5666829126433849,-1.4197457005541574,-0.748024301184843,0.3079332202757313,2.1738508916120742,-0.8400567626078368,0.9668890140563937,0.5073167829470705,-0.2725363337207381,-0.10563531894587075,-0.5399504312664141,0.07874469759107283,0.17802721683736888,-0.23666724689843832,0.2991772911862879,0.23198839093410245
-0.29521001066756647,-0.0355468086387003,0.49300863232310577,-1.202775517394267,1.001099185036921,-0.38334805417173334,-0.33452502329528877,-0.3722130267351547,0.4427246070811542,-0.03994096756687912,0.4919722922678105,-0.015834762014573123,0.03621498481912977,0.781639519807508,-0.2849548078782182,0.23465348524623347,-0.3921320458523268,-0.5054580638838836
0.7331880284893835,0.2527121598862365,2.6868370850423426,0.5722392451583528,-0.5265304229530451,-0.6481318416047112,0.04087848592557104,0.6836060878062362,-0.31718295508006294,0.05736026978116762,0.09097227646391715,-0.10495421942333999,-0.13852204715231203,-0.19476164109651378,-0.1113976300149288,-0.20944790089141072,0.017906000217078444,0.29550051867352195
-0.9433805984685146,3.650829596782647,-1.4780092832507588,0.5438733021953938,-0.32524212154681026,1.0883771153370203,0.18684361703709054,-0.2212099703113837,-0.6090670240431504,-0.07529926041210994,-0.8844503037210547,0.635350069265065,0.29742286731771905,0.18360776588063155,-0.06894948356586139,0.08975624330738768,-0.36887572917271827,0.22611410226881928
-0.8206304132423496,-0.8997977451876265,-0.6142936016902335,-0.15442262314523225,0.04851605447000755,0.3665940929323813,0.13702213734330781,0.4734848166625473,-0.3197701547329664,-0.46464582145236355,1.0813447108822574,0.054128345060420024,-0.018282493143969902,-0.23473658628059207,-0.907927131646908,0.22370406494457,-0.015081410171678633,-0.022741082709079652
-0.8860750497187571,-1.0050673111123463,-0.6123546542343181,-0.6803917336105378,0.4241544305564123,0.08255813738125899,0.13475651459647686,0.843181676355466,0.08836858041591304,0.22026211378418203,-0.13350110144222044,-0.22692910199120225,0.14065861815005715,0.28563029762412295,-0.11267361397020165,0.14050503373346007,0.20803108821819782,0.15459246978876656
-0.5638347165083848,-0.5910633813059374,0.2165321260223152,-0.750228568483215,0.8710028653358681,-0.4191334206388734,-0.6100802793289056,-1.425594570595563,0.03201039693437378,0.9033378236427209,-0.29487300234881264,0.12508588485212668,0.4228342884922891,0.15970170455794308,-0.03575266856342685,0.18449090475251545,0.15263625166588513,0.03949832472605064
-0.493143914540508,-0.4523508877276252,0.40230527061256227,-1.3270421622365087,1.0827618672647303,-0.5317746214249072,-0.2598803718665639,0.1856092786867127,-0.09861646775228528,0.6292335806180204,0.41393229870994364,-0.20977621569032084,0.2418394540019313,0.12138280408145097,0.042868922389683484,0.2417085601937507,0.3490822887186432,0.045442678057248886
-0.49621602856680325,-0.25934084407924773,0.3440486631082684,-0.878191848904247,0.910883379822239,-0.2971122776993763,-0.31222615740218773,-0.3361989728129659,-0.7456387088840555,1.1519751470194182,-0.07947373096275151,0.5841581488056101,0.7355651389935042,-0.5658527416063793,-0.5745702810746717,0.18810830803680018,0.17003418754130395,-0.6266462164793893
-0.6224883395599687,-1.089959400520785,-0.44156041205663854,1.225322173960045,-0.03807586679505197,1.0225652937952125,-0.7076405303729216,-0.7869485469051547,-0.3548712772814991,0.6522917620109183,0.25206695842406424,0.20817882737605573,-0.36947261285537303,-0.006792546245614872,-0.3354767041831865,-0.14756920534082818,0.2211981660295761,0.14350891013117467
0.11698430287293848,0.27716870992848563,0.8498505080990248,1.630680565133936,-1.4443389745465804,0.14391685786202332,0.3077757657908806,0.3970862042780547,-0.10190091504489877,-0.32576640685321023,0.8733395519333846,-0.49263052624935116,-0.5177087358243759,0.804267740822782,-0.4389367696515263,-0.18195143902936034,-0.2789489999440047,0.13632022458547882
-0.2686953530066704,0.31063485846562255,0.7580921705561596,-0.4129104483732178,0.1061193370800194,-1.8134588228172361,-0.18678869484174623,0.4834268125751536,0.21024472580101194,0.4042378486741103,0.5680575414712616,0.5066940307667459,-0.41429192707061335,0.06510714877137902,0.11624566838387573,-0.34558558602300443,-0.049332181537218356,0.1530733787187955
-0.8097239708253735,-0.8769022128042334,-0.511606767528032,-0.5493036805779664,0.33014232711023733,0.2959397863684664,0.22055362050179367,0.8997227472827689,0.11381165149855992,0.5178056858539077,-0.04331524659189828,0.1857194407128567,-0.5073329659084078,0.2624686639280208,0.21172447645763404,-0.1345971764636434,0.2160099823892797,0.15910925539175186
-0.24344430510684995,-0.347710362911948,-0.858980545315062,1.0377056687846113,0.3783939434571721,-1.658385685127529,0.8669606135654859,0.32854575067821984,-0.3771085416572547,0.05844499888067761,-0.6130345797320209,0.5674383521963872,0.42623468944997867,0.35403670842728063,-0.5000449973156577,-0.2651143849676253,-0.38253997339235213,0.3765890103720246
-0.6930770317113661,-1.1163174361749582,0.4707051345178588,-0.1916135124647208,-0.3766867211639978,0.712342038130345,1.0481194212541276,0.1924779316134437,-0.8536280092134021,0.6092185143545856,-1.0553990617438131,0.39998025424072936,0.1333406572508678,0.18426713060804556,0.32603080607816315,-0.04825199784508294,0.034709434660245564,-0.03970009620563314
-0.9636978337523106,-0.5849600991607928,-0.7810439435676705,-0.685429866294138,0.47573343507132787,-0.1892675351342767,-0.06907731048622844,0.24281754665689018,-0.8536701189353153,-0.8328940605969279,-0.7702158053145471,-0.2005573549374518,-0.4673806631645585,-0.017148281001782062,-0.291081623668693,-0.31287520174861894,-0.1236501462356801,-0.1367120611084298
-1.1133689502443076,-0.8824858225030974,-1.196849152492715,0.04183479790464838,0.04612489749702946,0.1942105392734697,-0.26584154483235833,-0.9968079824412741,-0.4592022368697058,-0.3575652278017394,-0.05483628378400929,-1.0165450882208376,-0.4790972717579648,-0.1985140119168814,0.1895666367382789,0.01912180590852164,0.30987851347848294,-0.3509321209274797
-0.33091121031230764,-0.7337541144429018,-0.6599813998502387,-1.291180143289963,-0.7694211232058292,-0.06133639305432724,1.097608048231844,0.5976002324098031,0.1596331818718984,0.5936550582641353,-0.08440416534713552,0.1412814117580549,-0.4507327131850696,-0.1332021391289605,0.5089176663758743,0.12913586218386303,-0.32966807822898336,0.4288068389364988
-0.24100814205134585,0.08362575706134323,2.9970839683879946,-0.12829334725840874,0.06458617884717537,1.113482544205174,-0.39944866933741763,-0.026594002094137953,-0.04770329758836969,-0.10292260750380419,0.11242829127453158,-0.18563643628444698,-0.3671473991567116,0.5688025356071652,-0.1807155540634246,0.15026903046196532,-0.34506125309154784,-0.4269872376617114
0.6008776041416125,0.642640555444952,2.404243210608618,0.823701916968092,-0.5463991324175536,-0.4314981302122317,-0.1752981991188188,-0.2899917680959247,0.5376782583051116,0.070894978425359,-0.03786986243317353,-0.27756688088318665,-0.05955748375757819,-0.3456200334473838,-0.010816904618304368,-0.37821211227820484,0.21263829015613045,0.6410171553956501
-0.9567658516866339,-1.1437798046906587,-0.7981277988245652,-0.10357813985724414,0.21239542862755023,0.1951993381672928,-0.21544339286586497,-0.7680221729268097,0.21899544510257213,0.4943663568088825,-0.8423064025009768,0.10793299855124527,0.3216534526404149,0.32394919810061507,-0.19129520492331203,0.08328737829222482,0.011585051165439841,0.1486481164575683
-0.5714755262892361,-0.04330216570326795,0.18354222688239852,-1.034552521252089,1.0228941731610839,-0.6094121789181681,-0.6832474426729022,-1.3784963886971948,-0.16403253907619864,-0.4910322669054187,-0.4013672743970747,-0.40333397617899497,-0.43551582139028916,-0.26200347643816235,-0.07157383310352367,-0.28667514179065934,0.04104299524361654,-0.24270387357596962
-0.8097239708253735,-0.8769022128042334,-0.511606767528032,-0.5493036805779664,0.33014232711023733,0.2959397863684664,0.22055362050179367,0.8997227472827689,0.11381165149855992,0.5178056858539077,-0.04331524659189828,0.1857194407128567,-0.5073329659084078,0.2624686639280208,0.21172447645763404,-0.1345971764636434,0.2160099823892797,0.15910925539175186
-0.8860750497187571,-1.0050673111123463,-0.6123546542343181,-0.6803917336105378,0.4241544305564123,0.08255813738125899,0.13475651459647686,0.843181676355466,0.08836858041591304,0.22026211378418203,-0.13350110144222044,-0.22692910199120225,0.14065861815005715,0.28563029762412295,-0.11267361397020165,0.14050503373346007,0.20803108821819782,0.15459246978876656
8.537725677059107,-0.14185056170529253,-1.1604800641001543,-1.0003698745632068,-0.39409144683179914,1.0271014098992801,-1.9494920073419277,0.21507758602289592,-0.21264403624095002,0.10027819562823728,0.04079037666856178,-0.20598988590519657,-0.09799251083880123,0.25120135282473977,-0.11225932968775737,-0.06974181004294233,-0.20741021876730809,-0.07213007711135394
0.860392830579976,-0.232240632787321,2.316388194933052,-1.5474704759009386,-0.5235550244056552,0.4825734219398513,2.1627433841501698,-0.4093528650087111,-0.5032329124069789,0.0203643377431805,0.17070942803899603,0.002474335827426122,-0.16767881177718513,-0.35118962446201857,-0.22593866466313905,-0.06531304993533893,0.00865660944379043,0.31088185385421335
0.06923631456905044,-0.57507636895589,1.0036889297248577,1.8890749924175347,-1.5870028295553613,0.2326421015734138,0.20272371274622247,0.032244085128668915,0.25756178747730624,0.1388880905983859,0.5197256294674876,-0.9187140423136093,-0.3384199592096142,-0.16234804222962235,0.12958601756058585,-0.055174425729664855,0.3638045306045714,0.18762900645707287
5.716996466816179,0.3111150354917779,0.34952121979204387,1.9970202955563705,1.5749606394584705,-1.0903527726157072,1.4785995961772835,0.041876053912028005,0.18222632845810427,0.03608749827320004,0.02993427407400323,-0.4280511755480057,-0.19852607020816238,0.1794620643216902,-0.13986266356416704,-0.11446802956304314,-0.2495892432936832,-0.05740760490510838
-0.3501015976460576,-0.9668586380559561,0.34186289423535543,0.13474399553108296,-0.035380619115980796,0.9805829220113693,0.06812242445451241,0.11097562773302092,0.7885407289866392,0.004781437628115559,-0.6906463735706326,-0.7012557046140313,0.09412812796780834,-0.16422412545807857,-0.5607020559484617,0.37662400478386476,0.2564499324563624,0.0013550432877625362
-0.8867838774339316,-1.0161258010395418,-0.6624284086311294,-0.38286395994251776,0.31270773193785034,0.27674625240353373,-0.08477673112715624,-0.12055986132986576,0.9649912084432279,0.15315244064185285,-0.3120859706769121,-0.4468586095336268,0.07134262407245229,0.20502259573041481,-0.04870835976491744,0.06550156723112915,0.23167302919704913,0.15775044905274443
-0.8867838774339316,-1.0161258010395418,-0.6624284086311294,-0.38286395994251776,0.31270773193785034,0.27674625240353373,-0.08477673112715624,-0.12055986132986576,0.9649912084432279,0.15315244064185285,-0.3120859706769121,-0.4468586095336268,0.07134262407245229,0.20502259573041481,-0.04870835976491744,0.06550156723112915,0.23167302919704913,0.15775044905274443
-0.8870529647192006,-0.8668804943789887,-0.415582394542838,-1.039014010275122,-0.06956641516438773,0.21038415687763923,1.2763492437582968,0.5366066556045925,0.10766067283482432,0.5387060546290344,-0.06427629369584437,0.15097076885408042,-0.4968377492286391,0.2288033468269377,0.16456113785371307,-0.14011046521971224,0.2377226436904324,0.17995419436738064
-0.8104869696741372,3.9427258435020933,-1.2240587572242436,0.6863388794283037,-0.6879281269414542,0.3809086635746938,0.3085766740158016,0.57174280984495,0.2668698124424313,-0.3527003822475909,-0.40484236670962104,0.06783936971408194,0.015350490061281474,0.25042588242600405,-0.15820346648449174,-0.12099718575804058,0.2845464998046259,0.0579174957916852
0.636453050894207,0.2399299528321015,2.157929037444017,0.17749873082296236,0.24353356011318072,0.9316190235816071,-0.1401653231280465,-0.8504588896165544,-0.7256521278902874,-0.06829164373027072,-0.4217862537855056,0.9058047055083456,0.13223579752705117,0.7254167803140051,0.11821907772856044,0.6039810508449799,-0.08141910108795075,-0.5204050002058278
-0.045263602153147675,-0.9177235517457929,-1.0741803813271067,-0.889082478663162,-0.9614451142120075,-0.024432702594927275,1.5820923587824924,0.1339808311777043,-0.29664297082024965,0.4891243165175182,0.9441343934854869,-0.11249916748287109,-0.40235589236622243,-0.23649735536102962,0.613088612977168,0.16531571226998693,-0.2702370041774945,0.30548087245430816
-0.24857088361954455,-0.7370768770036438,-0.9857575449402878,-0.8327153987324075,-0.26742956370178916,-0.014214821030053101,1.863115916824355,-1.5434940962785215,0.2471467085209037,-0.5005192141215847,-0.7876571053425018,0.8461424902645927,0.5024677721759652,0.31866702310163364,-0.16417391544952514,0.014689134968006778,0.1794606606262833,0.3613297255598356
-0.9123297493733019,-0.8482628748497312,-0.720681277266707,-0.37159826775469806,0.3069130063149627,0.3765708739329395,-0.03835864652918476,-0.026238443851779064,1.0465853412303112,0.25688021381899984,-0.316449675754791,-0.3468962842301179,0.4858270648789673,-0.12095301843969392,0.09419521058186858,-0.3704274598810654,0.1758240087069728,-0.4223453201715073
-0.970415989979057,-1.015149820098982,-0.8684059280225944,-0.0932975186350843,-0.09501226592107818,-0.11218389317127934,0.1516051611921896,0.594081311956502,-0.2907043814927624,0.1352172420616016,0.8955923187943504,-0.4793623076977173,0.19999808763523474,-0.09677482307761681,0.35022585125206174,0.4858228501563944,-0.3357110295947431,0.2118383135166954
-0.41755583449588823,4.495442266886815,-0.2093988323773634,0.039688450802332784,-0.02932069023313623,-0.23342409523147245,-0.08606021244723917,-0.0858295878238032,0.07988476427423295,0.05627108458624744,0.1425910334425431,0.08499225601496335,0.11653132591315574,0.08617838888333207,-0.0026609301246066086,-0.01979365929775001,0.42559770030507116,-0.05123229593983247
-1.359223827041239,-0.5704911714553944,-0.1154005705947092,-0.5663313216775411,-0.21482555230344075,0.038037581432401255,-0.2708211574402114,1.0193352366893629,0.21861026818116952,-0.11212604262276912,0.09346398400268408,0.5634269798766105,-0.5239954152524912,0.023608392368563158,0.26912091096471724,-0.15320341757590192,-0.753655625413964,0.38590498499318243
-0.894773738800848,-0.898043211718065,-0.8177317957131196,0.3353183080655073,-0.3004710679858151,0.29538587083820295,0.017869021373873306,-0.31311915480152686,0.6113613176171993,0.365651140988998,0.807193304409981,-0.28664327253608296,-0.5173094905008352,-0.2005441586674272,0.7385891958851813,0.13571717345696016,-0.3040901944448099,0.21951307838365858
-0.908845349613272,-0.8182154507672139,-0.6723155455201898,-0.660093063945869,0.4033645694816124,0.1489985954314063,0.1325505099154327,0.826992503675642,0.06181890745792855,0.23018582337571175,-0.12914588297136714,-0.2344486269816714,0.22360267302350834,0.27971236737425487,-0.17113669480482083,0.14197590727531745,0.29583270864513567,0.2648994271382447
0.5206884221629334,-0.3088932122264174,1.7059469330362524,-1.9490089187964714,-0.2706947395848232,-0.04747104242643556,2.0429120939548278,-0.5709500091033903,-0.3872019942897631,0.1542797528765476,0.2817342094067039,0.04590181354245687,-0.24627576691902958,0.37917335583177536,0.15304779797569423,-0.622524297771778,-0.05920075284919757,0.605673080380615
-0.8104869696741372,3.9427258435020933,-1.2240587572242436,0.6863388794283037,-0.6879281269414542,0.3809086635746938,0.3085766740158016,0.57174280984495,0.2668698124424313,-0.3527003822475909,-0.40484236670962104,0.06783936971408194,0.015350490061281474,0.25042588242600405,-0.15820346648449174,-0.12099718575804058,0.2845464998046259,0.0579174957916852
-0.8250994531750308,-0.885599471997274,-0.4983062263605191,-0.7114250241728524,0.42830189124572987,0.02173881724790129,0.10855342447858403,0.7806089209058336,0.11668689111142487,-0.43231104533146014,0.006350555722779483,0.1420385188513145,0.11792316195239677,0.31591913712642195,-0.4097639115830254,-0.20366716968779489,-0.15691296901656954,0.2160601094399625
-0.40766210169184486,0.6609775338527718,0.2372130726056676,-0.3316701175602038,0.15760538074534786,-1.967781616666732,-0.4724550069048149,-0.5435824271236955,-0.300850901885959,0.3420830313853017,-0.5003579951885205,-0.7925441737353649,-0.5117577249165844,0.3548804010607364,0.17688673082811812,0.5015979240082677,-0.035374473028846054,-0.8780515986761062
-0.7386863947934775,-0.3813051531544067,-0.4073893953938182,0.40017970088820176,-0.5699226948006856,-1.2183195979760022,-0.09748216000765543,0.12071660163127204,1.2484093309138782,-0.36938686337178306,-0.24814658276591628,-0.14303690578061895,0.06320282705837249,0.1719085741164449,-0.2997297041985608,-0.24669036878852252,-0.17472033522989427,0.2608643641113058
0.7441069345537061,-0.24074166191943713,0.7901392397017466,0.790375032632057,2.0134188304131517,-0.5041636577579421,0.47158606430709404,-0.2653035228282615,-0.8706747876226124,1.2313237804572978,-0.17685032972501413,0.5771734907901226,-0.1120928440468077,-0.523861445003849,0.15936815624371636,0.39040662038593427,-0.48052267103125257,0.602039970694191
-0.8860750497187571,-1.0050673111123463,-0.6123546542343181,-0.6803917336105378,0.4241544305564123,0.08255813738125899,0.13475651459647686,0.843181676355466,0.08836858041591304,0.22026211378418203,-0.13350110144222044,-0.22692910199120225,0.14065861815005715,0.28563029762412295,-0.11267361397020165,0.14050503373346007,0.20803108821819782,0.15459246978876656
0.06509930985328355,-0.3036043821720178,-0.001021464684038964,1.8186538143436681,-0.5563536342731842,-0.32970170725652315,-0.29193883920668906,0.01446668078387589,0.4345019595939558,0.9594218025191196,-1.1858726735466307,0.5213182818724174,0.1825376777595482,-0.6300809472515229,-0.02708879445577389,-0.10835312639199024,0.07634768819020021,-0.5307888579104456
0.530958568947535,0.49629556271175024,1.56360948948075,2.152861875850827,2.188256161217025,-1.281436192496414,0.07915794267674893,1.1050558447001908,0.13924960004010611,0.23790726413508723,0.33177325053929607,0.40776556107456663,0.1877657795601756,-0.9608994312030237,0.09825822317198152,-0.266958028253629,-0.16884755301069782,-0.5755019407940194
-1.3201682711014004,-1.0473910147634988,-0.0793000988207182,1.2452304019809188,-0.06684788306068044,1.0294079642028027,-0.7398063513950424,-0.8315632589768465,-0.3644586722588116,0.6758699001268043,0.3546538449682446,0.3016324078675383,-0.41638540980714794,-0.04002553097217315,-0.18517484089259556,0.17707687640293962,0.19460483821964436,0.0018714352262833578
1.395131191062671,-0.10545077280845994,0.942691238576594,3.2564794055814135,4.278348720843375,0.12035746831034123,0.12838422806028454,-0.8431419202159078,-0.046908063844399606,-0.037521036906028454,-0.32396933911537185,1.0983947684876625,0.4581803454982941,-0.4758498976699617,0.3218285229915936,-0.35718394614128907,0.2325569630345402,-0.22146131314058848
-0.9382603719144836,-0.20013361943299768,-0.8041755404747686,0.45720814932923065,-0.5266386116644053,-1.3685066302248226,-0.24890980485457512,-0.3545020171680389,0.2497340101716265,-0.11739671952160843,-1.164564600968243,-0.8546004004119019,-0.49936554186092236,-0.1914476835140579,0.1160428813285952,-0.0117261974280915,0.22348654478576246,-0.15337544608828238
-0.5640817640536395,-0.17856780765081082,0.7174455727626379,-1.2612862471907749,0.40443869298994956,-0.06881570569160515,-0.8624739245035739,-0.7747221150857082,0.8131436128881335,0.0023003940120556454,0.409285152760418,0.10834919814640337,-0.024094638400009027,-0.40432347753866493,-0.802776310679032,0.20967533207455163,0.10292034702297015,0.013508989457422349
-0.502150292249484,-0.4605370522636698,0.38065430829292546,-1.0787896327135498,0.9865970246437475,-0.6741408557945059,-0.41675012372316544,-0.5244257883598635,-0.8162939203974293,0.31787433766940787,0.02356352405087886,0.7139830132370679,0.46941482637223353,0.2705982459539503,-0.39680822038153485,-0.08467783216640862,-0.2359497465477336,0.09780798511326866
0.8701463358185986,0.5500483998600891,2.6634920188790874,0.7275391805629093,-0.6123405658701718,-0.43888595421817955,-0.007563075385261117,0.18835653783400105,0.1958398090578648,0.04075888071191017,0.029160612856784007,-0.279980386590109,-0.3214110601374533,0.43520623512724455,-0.14213106267000675,0.12766922758232696,-0.35836427711912416,-0.3168678629188064
0.7607993653169716,-0.8477972086339147,-0.3311788155072733,0.1785982427001906,-0.40117137379275314,0.439362962091877,0.5292561297276469,0.37496972161067094,-0.7286080594685572,0.8569908729219862,-0.9612600080403515,0.6645816824485383,-0.1190701180604131,-0.5524747031310328,0.03228177438624219,0.6304384791211142,-0.39548590375389703,0.2707997847537718
-0.09413338969390006,-1.0040699320956323,0.16770306547249803,1.3135677112624935,-0.8533585456360538,1.018899818240448,-0.3438753204141648,-0.8272764569416085,-0.526467774258505,0.5270112440941211,0.19248445501503797,-0.08333798903968109,-0.2502293288178841,-0.2842701686412927,0.19551605117206905,0.33140578684229,-0.47242140659235876,0.45995919184121997
0.41208535549669145,-1.1638670757150533,-0.6926521403725381,1.4900944776518394,0.11267278143833563,0.4185501941570195,0.8978596427222649,-1.0229235412514015,-0.3677004452823925,0.25335409976779577,0.006260232188630477,-0.3392061426212167,0.5215133988484615,-0.739813032294396,-0.07407640475882565,0.8721880016576211,-0.33662979947663196,-0.0013935265940166475
-0.9375515441993091,-0.18907512950580174,-0.7541017860779573,0.15968037566121063,-0.41519191304584335,-1.562694745247097,-0.02937655913094199,0.6092395205172927,-0.6268886178556884,-0.05028704637927928,-0.9859797317335515,-0.6346708928694773,-0.43004954778331744,-0.11083998162034969,0.05207762712331099,0.06327726907423942,0.19984460380691116,-0.1565334253522603
-1.0210276783232404,-0.5475110529624643,-0.8994606185753118,-0.4660059607248217,0.26643365617093856,-0.4516608848055711,-0.02259149503223322,0.39474668457002376,-0.8072249562733088,-0.15523112002574166,-0.9147900901732058,-0.5948675765880391,-0.4201696667682588,-0.3593730516867289,0.3493154305775301,0.31378654735735384,-0.34739086831439814,0.014976542400135073
-0.8097239708253735,-0.8769022128042334,-0.511606767528032,-0.5493036805779664,0.33014232711023733,0.2959397863684664,0.22055362050179367,0.8997227472827689,0.11381165149855992,0.5178056858539077,-0.04331524659189828,0.1857194407128567,-0.5073329659084078,0.2624686639280208,0.21172447645763404,-0.1345971764636434,0.2160099823892797,0.15910925539175186
-0.18447341665687045,-0.8650531982024512,-1.0810058114492975,-0.8580004030189851,-0.46895817688037195,0.5798682245988653,-1.5924784512549965,0.1638379421291785,0.8958260473624855,0.2106301459193065,-0.31838394434016626,-0.3815446911108777,0.1790966281377464,0.1427031305933233,-0.06382989492869995,0.05132610403934662,0.3287816514023514,0.31769241298124634
5.206650180779062,-0.002294286610199814,0.438964498207983,-1.4641251754456768,-0.9942431284513764,1.0667701415185766,-0.3613169383693974,-0.16939977629195438,-0.08535630225484583,0.14546581705276132,0.03452749359932655,-0.10291299902700007,0.22474164147368636,-0.15454166560695431,-0.03552269588684093,-0.5016079199837955,-0.2362865571540001,-0.6702447832105969
-0.20378722049066966,0.6730604135630046,0.5991191807455387,-0.3694342199385131,0.12773081091965827,-1.7275969725853615,-0.32732656196770005,-0.07417609141293172,0.686282162138808,0.13740835366848506,0.4131614148611049,-0.11494336219270768,0.06886369306827322,0.933528786150304,-0.2584112542850997,0.36086099258206056,-0.516421200675634,-0.56246127223733
-1.9337945863798431,-0.6988918265817745,-0.2775887291943402,0.20085658094013004,-0.26246965040374315,0.7823903980984408,-0.7630341946901097,-0.28136166198129825,0.5519809148803732,-0.32213166877969446,0.9692882505071279,0.14362373976475482,-0.5179272660039193,0.22103806946890592,0.06181828016851676,-0.4268145023783939,-0.028247950162391455,0.09653426733218579
-1.8183648498495266,-0.3635789128683873,-0.21299327285360103,0.9820775815566523,-1.1645323718639462,-0.9672855079789069,-0.6797409196770323,0.32346043102529093,-0.7582053309936969,-0.21245020750316,0.5139355187633825,1.313115701924613,-0.13103387070884356,0.4141079295776875,0.34641121566523947,0.0680017957795892,0.04804460056504767,0.013634909977381537
-0.7951929514045226,-0.514971265459832,-0.6374251985973316,0.9882153924781363,-0.9538559922657254,-0.8126450021581646,-0.0428103570250388,-0.12383474716238191,0.7836339743739751,0.2508515196229556,0.6869959152285618,-0.5999147004140304,-0.05026737184033375,-0.40903598879286795,-0.5008026266496198,0.5248530692650972,0.3320552808497641,-0.03940446768893241
0.611175108099875,0.12540461287574,2.485932022971678,-0.2219734511003546,0.3808585064869628,0.899252722920234,0.0449445698386844,0.4106490124105929,-0.6489192102878076,-0.05116401312242355,0.1881222248813541,-0.14082203124756526,-0.0730638167824223,-0.03103521490949379,-0.2026164267497344,-0.348904100166174,0.14111621746754455,0.6315612079370172
-1.5816735286745818,-1.0016771203388861,-0.49388438173175575,0.5993341656971514,0.25116073873646644,0.7038855390010463,-0.7172487267028207,-0.17952173805767263,0.5449801220223689,0.09395625361949853,0.7839063614201374,-0.5096461421154792,-0.09362781692170513,-0.2770959266391166,-0.519816243161665,0.5222169705488826,0.33831151560472383,-0.13232289467492728
-0.5610111623062315,-0.20657778907164026,3.091256039267731,-0.15253705345775526,0.2424780945095409,0.9354112193290158,-0.6084968427497545,0.5591107376326303,-0.5564963346348427,-0.0940619438846417,0.18085528050375332,-0.0006965826249341611,-0.19246702640432894,-0.04113704108950922,-0.13958111095847725,-0.1782924123828954,0.020533112153772737,0.1704991841386177
2.161087119535779,-0.582491546831936,1.575522613653532,-0.4593761465548868,-0.08135261378625304,0.6297156312184707,0.6580746781455361,-0.49036691431616514,-1.3748996330803858,0.9595040263108396,-0.5329373572009459,0.11291533804467652,0.17513125637082272,-0.16552265666520327,-0.027439228596193688,0.06226540888425558,0.2672682215407086,0.2750210196645417
-1.1081631209300227,3.237670035132333,-1.82235341217171,0.9421945002284584,-0.6284360419158567,1.2591668868566306,0.17754416880020804,-0.4561508086018788,-1.127492636099517,0.8938201067540755,0.03175923413787074,-0.41218783149228305,0.2233702815062264,0.019686527090100547,-0.03903250093941196,0.11419286478661911,-0.4080832660372341,0.027526801496749076
-1.067737223023694,4.0684424879329,-0.0004211167542471639,-0.5232218715461007,-0.2899077588702111,0.0012872052191387345,0.24543628651449959,-0.7043915665916523,-0.4812587087271031,0.5121673941576053,-0.20559418741707824,-0.15649183917101578,-0.09236631675859347,-0.14273276738005836,-0.3287524991684924,-0.25480576076853706,-0.39526497818873174,-0.2721404609345188
-1.0447525439197303,-1.310779198990695,-1.0498108254789993,0.2951254601112077,-0.10161894963886862,0.32366997741940673,-0.21887747160625462,-1.1064789197892748,-0.23484099016362153,0.384231703630758,0.19150964542925264,-0.11915760634719913,0.35651738192695315,0.253480008581523,-0.07170249633444808,0.14611564903044144,0.05652771266598422,-0.007262282974263623
-0.8097239708253735,-0.8769022128042334,-0.511606767528032,-0.5493036805779664,0.33014232711023733,0.2959397863684664,0.22055362050179367,0.8997227472827689,0.11381165149855992,0.5178056858539077,-0.04331524659189828,0.1857194407128567,-0.5073329659084078,0.2624686639280208,0.21172447645763404,-0.1345971764636434,0.2160099823892797,0.15910925539175186
-0.4836448124773339,0.4831091329939914,0.37460656664272207,-0.5180033435270748,0.2475629843517922,-2.2378468241866214,-0.4502165357118756,-0.1109056326010929,-0.785555355328375,-0.2938887386610831,-0.2986946744163874,-0.24855038572607918,-0.3516041681291036,-0.24479863566072285,-0.08947013412962762,-0.17969140788672494,-0.024048252927410918,-0.20421557743258217
-0.8104869696741372,3.9427258435020933,-1.2240587572242436,0.6863388794283037,-0.6879281269414542,0.3809086635746938,0.3085766740158016,0.57174280984495,0.2668698124424313,-0.3527003822475909,-0.40484236670962104,0.06783936971408194,0.015350490061281474,0.25042588242600405,-0.15820346648449174,-0.12099718575804058,0.2845464998046259,0.0579174957916852
-0.9130861454081272,-1.0525988662973103,-0.7499892530149532,-0.3127214242044005,0.11428751297931099,0.15020945650001524,0.1051193457381944,0.44215217404336854,-0.3371495441547688,-0.5424456985095847,1.0401666036530088,-0.08505208604712994,0.15278709123893497,0.24544994760732985,-0.29017120299416144,-0.1408388989495783,-0.11197030751602521,0.060149710008130575
1.8284331307643809,-0.47829897450362346,0.2127344768959789,0.6961110141255981,-1.6378188094346593,-0.20352330492714377,-0.6679323773316419,0.4072450844623526,0.8285647371110882,-0.5222622084954155,-0.7516819981785091,-0.5353180473292152,0.22606408876761785,-0.09313209758302321,-0.7281801135859545,-0.18385030234272237,0.01823556297433615,0.46779119328076185
-1.291262918286128,-0.7096324924135589,-0.35899071385064535,0.0011483808300846582,-0.059064181468111945,0.2731248445755947,-0.5822654251670075,0.19278776271318418,1.0697110208570808,0.46669290649989414,-0.2179877035988707,-0.028616884843507606,-0.5700173878285153,-0.08730094029050667,0.6388525013536941,0.10303316140086921,-0.36940532188710296,0.3364030131681612
0.4495040211615018,-0.3536426820624101,2.2253409713362036,-0.5309750299774075,0.5585481430684701,0.43666492785304667,-0.08484855039034898,0.3279739391929694,-0.5032213465181203,-0.351656984745375,0.14742885526559846,-0.3686527138065619,0.4613238587363683,-0.22327554224239782,-0.536004411371122,0.07047979209982919,-0.05240961160664198,0.2414411126842519
7.910546577629798,-0.7276577447202544,-2.876795346710665,0.8054643471977909,0.8696018436255953,0.9821131222852483,-0.493289549251565,0.8611416831081611,0.31100751486271816,-0.7235810126247352,-0.5101228016168033,0.5323575870384358,-0.1302348398448795,0.03469923619969828,0.0933550148811213,0.3569068723336513,0.3308979464474613,-0.33519051126654836
-0.8352698427647439,-0.7090392866144228,-0.5698596361636097,-0.5380379883901467,0.3243476014873497,0.39576440789787215,0.2669717050997652,0.9940441647608556,0.1954057842856433,0.6215334590310548,-0.04767895166977715,0.28568176601636563,-0.0928485251018929,-0.06350695024208786,0.35462804680442006,-0.5705262035758379,0.16016096189920337,-0.4209865138324999
1.4537827391205167,-0.8369230435123518,-1.5606575749833056,-0.6648089290429982,0.3098788357299716,-0.4455529112409744,0.3437469237168096,0.7914470493328947,0.15555938825000032,-0.3667937246837494,-0.017726149417158166,0.08779890575702393,0.2112003656642717,-0.14829902395092392,-0.06511085403692263,-0.023763569205050017,-0.6844584007934137,0.5688003823818242
-0.41755583449588823,4.495442266886815,-0.2093988323773634,0.039688450802332784,-0.02932069023313623,-0.23342409523147245,-0.08606021244723917,-0.0858295878238032,0.07988476427423295,0.05627108458624744,0.1425910334425431,0.08499225601496335,0.11653132591315574,0.08617838888333207,-0.0026609301246066086,-0.01979365929775001,0.42559770030507116,-0.05123229593983247
-1.6861741876517267,-0.691872570265885,0.4038420401076406,0.18491594989864418,-0.11659529507223926,0.9397274120670093,-0.47319137981997295,0.6360357191830108,-0.6073466365938915,0.9873720507310484,-0.8549612669867872,0.9184530013312513,0.07002872004739069,-0.27379132113540056,-0.2469444604175782,-0.08717680209453299,0.050493255078822075,-0.5822032889005593
0.7830244497218708,0.03469559109002662,2.5225014335155755,-0.08653777083012475,0.27443732155768125,0.9953605760279982,-0.02106073662265477,-0.1154926805767694,-0.059260002717273746,-0.0892749743900961,0.10507288211078825,-0.21483446950059998,-0.33600671932103393,0.49860909624351313,-0.188200015849187,0.09568896018072359,-0.3169149699269482,-0.35851413832617185
-0.8812795789296191,-0.66726129191252,-0.8080723534092011,1.2402904645368134,-1.082408940512897,-0.8971949038395644,-0.1195827044635441,-0.7460886304512018,0.045701892694163984,0.81180913080249,0.20578323102557072,0.22834501926735082,-0.27687854294793146,0.16691551376915204,0.29876454727256774,-0.09700629376505876,0.023057299644889895,0.03890077803608699
-0.9986300547017732,-0.7971635857911943,-0.9720951884613582,-0.2441229376680989,0.11564707581346405,0.37360727988213904,0.13733260270945735,0.496478149798573,-0.39649829913070805,0.19995368201281802,0.8739031488711122,-0.4888993522798128,0.22513412083228013,0.4380434257439255,0.008264111116615402,0.23967862771315646,0.1963386939909577,-0.012894893045424405
2.790661184045536,0.3372870709719139,1.72342915636358,-0.47767718581105134,-1.3679337964444112,-0.8157338896982856,1.1747962275849393,-0.39074131685014113,0.12161825436561917,-0.1831984510990564,-0.11305985011814046,-0.7403110882142991,0.40449868044587745,0.2751038850395636,-0.5201463834492874,0.32231346070848016,-0.2768728564515344,-0.18113000123014422
-0.41755583449588823,4.495442266886815,-0.2093988323773634,0.039688450802332784,-0.02932069023313623,-0.23342409523147245,-0.08606021244723917,-0.0858295878238032,0.07988476427423295,0.05627108458624744,0.1425910334425431,0.08499225601496335,0.11653132591315574,0.08617838888333207,-0.0026609301246066086,-0.01979365929775001,0.42559770030507116,-0.05123229593983247
0.921516592867125,-0.26166094261625905,2.548549702908101,-1.4052671211463788,-0.6006507505257827,0.6023955184936528,2.2128355357354006,-0.39876245234590685,-0.5950783520258924,-0.017008625927419557,0.11643617998814992,-0.11164281196138154,-0.11706198810544255,-0.23280637879160876,-0.2554107639297376,-0.2672622458784677,0.1186397099228248,0.3216262270345935
-0.48046748903756326,4.331200023818486,-0.3276499682104425,-0.3820629465158508,0.4336776184718079,0.5555912707670952,-0.07712660768724149,-0.23132005638319278,-0.05005630887069282,-0.007541709745301189,0.19320352825517406,0.0977113474810744,0.14829287460163088,-0.09956633003224086,0.22917989795241844,0.17317395870658253,-0.0077365506406635864,0.12606664313247762
-1.0234092433335436,-0.8295291253690251,-0.5998911356252664,-0.9141944609425106,0.1392072666919481,0.20432149245852266,0.284330607992332,0.8656997959450863,0.1660050211270367,0.33222454867624573,-0.14512054878470132,-0.12343062871962668,0.5554928154169585,-0.04290868990076813,0.021729628878052354,-0.28463904973698395,0.1567045595188239,-0.4309925366463804
1.6644817148010993,0.6534922289594854,2.4036403746089823,-0.5103306876516753,-1.7271628986778416,-0.5668722935161609,1.837491241772977,-0.5534393392763786,0.19715996736793645,-0.31875910670538443,-0.04731160730602746,0.11522569435064517,-0.1400911500292834,0.36955253116591225,0.16076925183781965,0.47310315316233914,0.16072707561199928,-0.24720323754462453
-1.1131501185870274,-0.6793391299583893,0.9488522085113245,0.4299311117563755,-0.6254738805548508,1.072358830520146,-0.26210520227625755,0.40173002091637683,0.8543893551787852,0.27433178651932305,-0.7410534854276544,-0.3418754760012214,0.2560375873186491,-0.4814446885454193,1.1768303187837534,-0.266316500299591,-0.44451094011853687,-0.22952783904134422
-0.23909917168626588,-0.6913205624691081,0.465130747110331,1.7817964656246161,-1.4550916854086866,-0.3404221821471766,-0.013617482995031294,-0.7680483436034329,-0.3294122921390867,-0.15517140958491646,0.1713586455670406,0.12683520124036596,0.07640456794038863,0.18115448423016411,0.41760860662778465,-0.5289137766261064,-0.33976731403784893,0.2741479887443356
-0.9123297493733019,-0.8482628748497312,-0.720681277266707,-0.37159826775469806,0.3069130063149627,0.3765708739329395,-0.03835864652918476,-0.026238443851779064,1.0465853412303112,0.25688021381899984,-0.316449675754791,-0.3468962842301179,0.4858270648789673,-0.12095301843969392,0.09419521058186858,-0.3704274598810654,0.1758240087069728,-0.4223453201715073
-1.331404469572416,-0.6307264917241671,0.020245123160286926,0.9674835625813432,-0.04025974940089665,0.9261378058179448,-0.24720902314960955,0.09724541421607766,-1.178936547370628,-0.3697713559762009,0.4833578511491533,1.3062648133931438,-0.10310483679271462,-0.009190510403801477,-0.22097784588683544,0.22382463459322138,0.33790650249323617,-0.08593174086152586
-1.3619732488387255,-0.0542200251306888,-0.3405830928779976,0.9721884890937796,-1.268340964673098,-0.5950659885291827,-1.1110232426397812,0.026394225601972326,0.8224877751579496,-0.8251611624994634,0.8183735143394437,0.27007939196861186,0.11857741205308203,-0.2649497646039492,-0.43565556982739123,0.6127572317480006,0.47745566044849785,0.057184835488822194
-0.8765759476555829,-0.06960729039072944,-0.6400533582041583,0.1286470850988961,-0.4110444523565257,-1.623514065380455,-0.055579649248834836,0.5466667650676602,-0.5985703071601766,-0.7028602054949215,-0.8461280745685515,-0.2657032720269606,-0.4527850039809779,-0.08055114211805076,-0.24501267048951275,-0.2808949343470155,-0.1650994534278562,-0.09506578570106441
-0.41755583449588823,4.495442266886815,-0.2093988323773634,0.039688450802332784,-0.02932069023313623,-0.23342409523147245,-0.08606021244723917,-0.0858295878238032,0.07988476427423295,0.05627108458624744,0.1425910334425431,0.08499225601496335,0.11653132591315574,0.08617838888333207,-0.0026609301246066086,-0.01979365929775001,0.42559770030507116,-0.05123229593983247
-0.48435364019250843,0.47205064306679545,0.3245328122459108,-0.22047556985905475,0.1361162857332303,-2.0436587091643466,-0.6697497814355086,-1.0746471702864246,0.09106727269893998,-0.3609984118034123,-0.47727954365107905,-0.46847989326850376,-0.4209201622067085,-0.32540633755443105,-0.02550487992434336,-0.2546948743890559,-0.0004063119485596678,-0.20105759816860425
-0.01997400445627673,-0.0201675300453672,0.8731955742622801,1.4753806297293797,-1.358528831629454,-0.0653290295245083,0.3562173271017127,0.8923357542502897,-0.6149236791828265,-0.3091650177839528,0.9351512155405177,-0.31760435908258217,-0.33481972283923467,0.1742998645990237,-0.4082033369964484,-0.5190685675030982,0.09732127739219787,0.7486886061778071
3.276533453140149,-0.041243696356302983,-1.0025320208668185,-0.23113123835895505,2.225469299574083,-0.4304707327371339,1.6004872415938844,-0.5619930320070856,0.44391614599794976,0.9976088113729007,0.4716032500070164,0.03394542607551304,-0.6641097745894966,0.03965894135366377,-0.31080159904504256,0.48459325180063145,0.169446198883085,-0.43940776423244216
0.8892999801966104,-0.2670016648085858,2.5033317892499314,-0.7406042608008151,0.05043903574781693,0.6238419575344992,1.4982596104701027,-0.09206962909659458,-0.5802673546286079,-0.04744699950069961,0.14113139499764427,-0.09665776988268676,-0.13126304332977196,-0.19210219094236586,-0.21763744473654395,-0.26770243340295385,0.0939625646356671,0.3001897725363915
-0.41755583449588823,4.495442266886815,-0.2093988323773634,0.039688450802332784,-0.02932069023313623,-0.23342409523147245,-0.08606021244723917,-0.0858295878238032,0.07988476427423295,0.05627108458624744,0.1425910334425431,0.08499225601496335,0.11653132591315574,0.08617838888333207,-0.0026609301246066086,-0.01979365929775001,0.42559770030507116,-0.05123229593983247
-0.8867838774339316,-1.0161258010395418,-0.6624284086311294,-0.38286395994251776,0.31270773193785034,0.27674625240353373,-0.08477673112715624,-0.12055986132986576,0.9649912084432279,0.15315244064185285,-0.3120859706769121,-0.4468586095336268,0.07134262407245229,0.20502259573041481,-0.04870835976491744,0.06550156723112915,0.23167302919704913,0.15775044905274443
-0.971356727677315,-0.2824744005076514,-0.9124659148576353,-0.3361877304637474,0.328528956791276,0.08986122580400684,-0.25874810127652004,-0.7780563168306032,0.0326737022286762,-1.3167608853763952,-0.9666906031720814,0.023473287546041333,-0.32210063107302084,-0.04051070337621837,0.10118657327721031,-0.003843942028852354,0.4368876707699365,-0.0420378628059313
-0.8833477794901312,-0.4745179731378739,-0.8080008868631308,0.8491809374816877,-0.8746750204458313,-0.9390320267579804,-0.08101234853995709,-0.16097967287010778,0.7547123282346881,0.22036710869909246,0.6429191998466119,-0.7730578146102058,0.13885526160813394,0.2864426725541185,0.09742790241706506,0.25453734530517275,0.15232653587428624,-0.05516315873253391
-0.48046748903756326,4.331200023818486,-0.3276499682104425,-0.3820629465158508,0.4336776184718079,0.5555912707670952,-0.07712660768724149,-0.23132005638319278,-0.05005630887069282,-0.007541709745301189,0.19320352825517406,0.0977113474810744,0.14829287460163088,-0.09956633003224086,0.22917989795241844,0.17317395870658253,-0.0077365506406635864,0.12606664313247762
-0.7143313144019741,-0.5782426963083453,-0.43035311773396584,0.09491350915622364,-0.052228148228699714,0.38329986801845506,0.05320589171937634,0.05667023468011692,1.0825771423051953,0.5535856712243435,-0.18544463629099978,0.07962776346991146,-0.7232430041702783,-0.610261503036257,0.0012405586435712546,0.43743186661289185,-0.25214395860100763,0.2925326850982804
0.7481334154290902,0.4227408528495925,2.4625869568084227,-0.06667351569579809,0.29504836356983594,1.1084986103067653,-0.0034969914721477563,-0.08460053756164229,-0.13589644614987986,-0.0677654021916809,0.1263105612742208,-0.31584819841433426,-0.2559528297675636,0.5989326613142644,-0.23334985940481234,-0.011786971692436254,-0.23515405986865806,0.01919282634468883
-0.503358042433276,4.241095935000493,-0.3237108969635174,0.2875585783899048,-0.1146650749567464,-0.3334711973335749,-0.2487953338003335,-0.6923487462984097,-0.702381865161084,0.8241658619819449,-0.3653842512878256,0.18830418908344865,0.23519018318542662,0.1419417814843924,-0.5320137988582395,-0.38457170091689447,-0.2435845333263657,-0.04154389022405108
-0.43216831799678174,-0.33288304861255313,0.5163536984863613,-1.3580754527988232,1.0869093279540478,-0.592593941558265,-0.28608346198445667,0.12303652323708039,-0.07029815705677345,-0.023339578497621777,0.5537839558749436,0.1591914051521959,0.21910399780427092,0.15167164358374996,-0.25422137522314026,-0.10246364322750429,-0.015861768516124253,0.10691031770844478
0.03619463337622769,0.007418008562634526,1.8463794239392464,-0.2184049640984006,0.4362409167815398,0.8324187808868865,-1.419706288597344,-0.25081612787572827,0.6256499343958652,0.12542438619217636,0.19733598492568527,0.20432220064405116,-0.03169055608632532,-0.600882270743952,-0.06531068417565788,-0.567415165876469,-0.16884327621288886,-0.259793446333068
-0.4924040924246122,-0.46217949333088315,2.175237575181387,-0.0679507064244889,0.5051115701333164,0.6842928356900669,-0.8545220549191764,-0.4830703157084953,0.3783422599818598,0.5909473182140892,-0.07487135281200191,-0.47626061713385054,-0.11126894904179385,0.25844752744334454,0.7915590354663793,-0.36909322404975514,0.45111671072582216,0.31003125290362027
-0.41124115266379435,-1.1513228489726874,0.2909482553645102,0.07617263635754211,-0.0052910968361842975,0.8431477656070732,0.07389248186554612,0.07226145152360872,0.7434574247592753,-0.09154763384685402,-0.79584799689468,-0.7332064277448644,0.44157800284930326,0.0196902851838493,0.3276640692765911,0.2966321295652195,0.2525522325688164,-0.04170421157735188
-0.9349862653747011,-0.727819054794099,-0.8126103687843731,-0.11306511700957912,-0.09665953085464822,-0.07317859177523116,0.17182015567226824,0.6258299739849564,-0.18079193801016719,-0.4136281438768935,1.0310802708814713,-0.010432361551691638,0.5917470722440893,-0.3924615977454267,0.19603912398602408,-0.29427838037705495,-0.756504107319587,-0.3067898160563604
-0.9837769473760041,-1.1913113598756226,-0.9357623976052003,0.26409216954889325,-0.09747148894955103,0.26285065728604906,-0.24508056172414747,-1.1690516752389073,-0.2065226794681097,-0.2683414554848842,0.33136130259425256,0.24981001449531753,0.33378192572929266,0.28376884808382197,-0.3687927939472718,-0.1980565543908136,-0.3084163445687833,0.054205356676932326
-1.606281967761289,-0.2435620926707831,1.0826903125590972,-1.0798670428613972,0.8986769533064279,-0.16595097869444986,-0.8650350789342712,0.3965276913688596,-0.06552070968945034,0.6857344272275201,0.4690635844479798,-0.03144581650833683,0.03148062529723966,-0.268737940974789,-0.5569752100171436,0.6692720906197922,0.40717151092943216,-0.12062100813236601
-0.8892188579004976,3.651791272198559,-1.320922567450041,0.2331717896124184,-0.20996189964981993,1.1514238417074,0.28544181916141353,0.4671954944078979,0.1006578732028444,0.010167684649528247,-0.33198472480329405,-0.37092121383619386,-0.08453993254593473,0.001517953741291267,-0.31312866198270506,-0.3105934204339482,-0.5978820067409365,0.2540071731749531
-0.8359786704799185,-0.7200977765416188,-0.619933390560421,-0.24051021472212664,0.21290090286878782,0.5899525229201469,0.04743845937613203,0.030302627075523753,1.0720284123129582,0.5544237858887255,-0.22626382090446878,0.06575225847394112,-0.1621645191794978,-0.14411465213579605,0.41859330100970427,-0.6455296700781689,0.18380290287805467,-0.417828534568522
4.962522325210719,-0.15827766711354063,0.34350999516171044,0.33988202645404125,1.5237624787046884,0.4235685894128972,1.1631662618606262,-0.3713676131404005,-0.03364825149968992,-0.007895347768336308,0.11628408429965154,-0.17363812395733064,-0.15194102926614939,0.08358119995815239,-0.11164931529344213,-0.08371208562532428,-0.11754686264378555,-0.16759073997318197
-0.8104869696741372,3.9427258435020933,-1.2240587572242436,0.6863388794283037,-0.6879281269414542,0.3809086635746938,0.3085766740158016,0.57174280984495,0.2668698124424313,-0.3527003822475909,-0.40484236670962104,0.06783936971408194,0.015350490061281474,0.25042588242600405,-0.15820346648449174,-0.12099718575804058,0.2845464998046259,0.0579174957916852
0.8269884784964692,-0.23260859612968066,2.0001413149994383,-1.120885746329667,-0.5013906276127525,0.6486973985190302,1.0459776344673102,-1.2193778280028795,0.38492015198743035,0.08764721094845043,0.051565122657873885,-0.035341755216579895,-0.24407455334113598,-0.346419140504467,-0.20719850533178458,-0.4112430236212775,0.26074436709047333,0.4071182826427376
-0.7503574653989158,-0.04961836318004198,2.403116312409465,0.14854644448116877,-0.39505082341071823,-1.1239190158176091,-0.6863430457245473,0.6912805122226708,-0.2698868868635907,0.49504921834067983,-0.06602682064057486,-0.7279052048661034,0.6156836285583056,0.3076236263682679,0.44366233473500083,0.027104135850252398,0.3755531464521765,0.3319590885276375
0.6460661423926556,-0.262640648883826,2.545846499678831,-0.24183770623468126,0.360247464474808,0.7861146886414668,0.027380824688177388,0.3797568693954659,-0.5722827668552015,-0.07267358532083876,0.16688454571792133,-0.03980830233383098,-0.1531177063358926,-0.1313587799802451,-0.15746658319410906,-0.24142816829301417,0.05935530740925443,0.2538542432661565
-0.2546087108246299,-0.2383134258724291,2.171746735374989,-0.8274078357542382,0.1943401342798851,0.5425732557165873,-0.05582834095694521,0.19136229841355654,-0.5321826585316365,0.513000854419221,0.031080802851063905,-0.5818393403179751,0.47039542495363773,0.05061861159549563,-0.2656787426235769,0.4276293647377491,0.4578789873211554,0.15341738625497853
-0.2379240450997937,0.3329096505330381,0.7296656396102688,0.07394941691628514,-0.07524628073716357,-1.3420667512292372,-0.34821605884237306,-0.38640932704136716,1.0759284325546175,1.0675012117046443,0.2907991223008186,0.056977333489354576,-0.6319420493334629,-0.5259759265125501,-0.14045470845076274,0.28812611479006783,0.4361427140207471,0.011872925614367147
-0.5013726246736043,-1.1996618246811177,-0.03654808593188097,0.798313636616258,-0.4610993810976964,0.8393266080949375,-0.08303605776031664,-1.1101918206719092,-0.476128846533373,-0.9766169843833126,0.05386193987747934,0.30461596585812634,0.7984940271109605,0.3116077960934106,0.337412392489145,0.1561023570410603,0.17958478468188543,0.06616931225695905
-1.8562248632326388,-0.814255060544981,-0.05092509930906397,-0.16584880593550255,0.08902326876934501,0.653182679065692,-0.7962686764904715,0.11254152506686457,0.9946384681059302,0.2128994780917599,-0.2580296373911855,-0.2640780848908166,-0.13514167271798205,-0.19286427152221935,-0.6445206231345375,0.4898948191226043,0.292828499035943,-0.002488493816829085
1.2779041388533376,-1.1501879020376962,-1.761556156201355,-0.6157646625579323,-0.6225881105687787,0.4505595073294032,0.9409049341632505,-0.7843016108676213,0.5005204625113817,0.3887155311270156,0.7712121249865982,-0.300299166411323,-0.47011556795479365,-0.04492345312479168,0.3644719213193319,-0.21224742448805117,0.37037129313667516,0.11411206266604706
-0.5678297743164396,0.11361471961013292,0.1791739797485563,-0.846161906245087,0.8177418549500121,-0.9326248487228203,-0.6629647173367998,-1.2891400062336937,-0.08926906571868037,-0.4659424854498747,-0.40608990209073326,-0.42867657698706557,-0.41104028119164987,-0.5739394076208102,0.2717329235298759,-0.0041855961059414915,-0.547641784069869,-0.029547630416208726
-0.8940649110856734,-0.8869847217908691,-0.7676580413163083,0.03779053439748724,-0.18902436936725314,0.10119775581592816,0.23740226709750642,0.6506223828838049,-0.2652613104101155,0.43276081413132717,0.9857781736446727,-0.06671376499365839,-0.44799349642323033,-0.11993645677371895,0.6746239416798971,0.21072063995929108,-0.3277321354236612,0.2163550991196807
0.125361045390811,-0.13330018314737835,1.5321503918575636,-0.35074494856235416,0.4650186751888303,-0.048857985758650455,-0.34444974402462203,-0.619751569545754,0.6619570312930987,-0.18740837721204248,0.10139908022658828,-0.2659509384983149,0.3082341527395339,-0.7614185734907484,-0.1806825517141732,0.3705297223048885,-0.5035856947883471,0.2745057043205595
0.7830244497218708,0.03469559109002662,2.5225014335155755,-0.08653777083012475,0.27443732155768125,0.9953605760279982,-0.02106073662265477,-0.1154926805767694,-0.059260002717273746,-0.0892749743900961,0.10507288211078825,-0.21483446950059998,-0.33600671932103393,0.49860909624351313,-0.188200015849187,0.09568896018072359,-0.3169149699269482,-0.35851413832617185
-0.8603265196614253,0.06685499920930416,2.5533660472373247,0.44570218980879683,-0.4207074072920099,-0.961174031024236,-0.9728717783908972,-0.2246456156955625,0.6817831648733554,-0.3287862288186164,-0.10577060449234565,-0.6054662748408361,0.6065504560756808,0.032547911998369816,0.2914365116486862,-0.2602354279962313,-0.11659863151788447,0.2504327937325563
-0.5699833442773398,-0.5668701800930305,-0.8087748204629805,0.31049076407974757,0.30945259929802965,0.29484151052653096,-0.770042687588682,0.2964323014915598,1.0469036859688619,0.5062283245306456,-0.2359422932897562,-0.03560449095134166,-0.5224090863217736,-0.11045333163264365,0.6765115387272214,0.010412093863883809,-0.33391078402889307,0.4588723301120728
-0.32197709119447226,-0.36492746090098716,0.37926719687472277,0.13869233754506904,-0.1702665108761014,0.6111731072615216,0.36011434068023696,1.0762565770342043,0.04570614783077345,-0.11816632857171469,-0.29853194506336583,0.4944863951018948,-0.39790275424639615,-0.5516792816450974,-0.09415610723231427,0.2542623023539648,-0.5533041265965575,0.36350317987651043
6.247241712582842,0.4911874840570005,-2.321841938510048,0.3111776219590952,1.2614524091940467,-1.9423087626514715,-0.2284870000891905,0.1576707825364755,0.7415338530733475,0.3054543323611746,0.43282520404322655,0.0893726772087513,0.4570111339801344,-0.41473434571250484,-0.6595048281818676,-0.038716279882591076,-0.2414965289413224,-0.8453497379160291
-0.8316240907919475,-0.5521224013010224,-0.5742278832974519,-0.349647373383145,0.11919528327627808,0.07255173809321998,0.2872544304358675,1.0834005472243566,0.2701692576431615,0.6466232404865988,-0.05240157936343587,0.2603391652082951,-0.06837298490325361,-0.37544288142473564,0.6979348034378192,-0.2880366578911201,-0.428523817414282,-0.20783027067273904
-0.7571543343769922,-0.20187264238040448,-0.4505200131197343,0.5242914925258466,-0.6585951285614863,-1.1808483567179051,0.12359961448055727,0.5878583161250492,-0.26717185658436204,0.4402080711844486,-0.5139599955828462,1.1442950778542456,0.1493225064519897,0.022305630514142694,-0.038980142787617966,-0.8649323285343937,-0.46632038055934955,-0.3269749313691148
-1.0253822580112113,-0.7154864282030611,-0.9451661258382809,-0.35686880206380345,0.36013927576344834,0.06573990002135578,-0.26240746609196874,-0.658351235578809,-0.00536580160351216,-0.2474305746236148,-1.0886523317142387,-0.7894544833223931,-0.5139612010445029,-0.1280448223977892,0.06997392814941494,-0.043706464829694924,0.2649358519779387,-0.19502172149564775
9.311456229921827,0.36048207738461124,-1.5992921989569098,-1.157899575658241,-2.35367961522669,-0.2885102763733651,-3.0891610697110634,0.6813409625311377,0.06963905309170164,0.3452944574259196,-0.027288868475371153,-0.07479808336324861,-0.10002370376684977,0.009097709646234908,-0.0686800140816774,0.13277118847807884,-0.18879389064056046,-0.20582835996639726
-1.380038263189435,-0.8317651337394516,0.3279892069367001,1.1450207260733842,-0.4382653057504988,1.2334530418556242,-0.662824479606236,-0.7329618745043258,-0.30038203257628543,-0.6138466245052682,0.2770251572230601,0.9551530276694951,-0.20541967174956058,-0.1583979155202913,-0.09515962915508791,0.49826946713494685,0.09075524598153906,-0.2853114764921755
0.21381767110219996,0.2294454681484157,1.7393896907221438,0.2453973084324374,-0.23239031728508758,-1.1676510786717011,-0.35256158344228483,-0.438364914446941,0.7326547933550995,-0.26150935042885826,-0.060711273993626136,-0.5394576488023781,0.6767967334954962,-0.17891695091495585,0.2432664470171405,-0.1184254919953232,-0.10095516676907235,0.43070599993631636
-0.9740617419518535,-1.1720667054123826,-0.8640376808887522,-0.281688133642086,0.11014005228999339,0.21102877663337294,0.13132243585608722,0.504724929493001,-0.3654678548502806,0.11012746060605746,0.9003149464880089,-0.4540197068896467,0.17552254743659534,0.21516110810503086,0.006919094618662303,0.2033333044716767,0.2529737497187421,-0.0013179296430653742
-0.8957902551429077,-1.0243119655755863,-0.6840793709507662,-0.1346114304195586,0.21654288931686783,0.13438001803393512,-0.24164648298375782,-0.8305949283764422,0.24731375579808396,-0.15820680230675963,-0.7024547453359768,0.476900619393762,0.2989179964427544,0.35423803760291406,-0.4883855025361358,-0.26088482512903016,-0.3533590060693276,0.21011575610876426
-1.5288651366641133,-0.9384758051369746,-0.6362276167430668,0.1683534723649729,0.41744057532248274,0.29450823732173675,-0.39007775127030053,-0.6762650560651748,0.21250002507950877,0.5188717343579878,-0.8538492070620247,0.11361120681660208,0.33353808916630334,0.3765430440322739,-0.1622723422060196,0.04464652553186682,0.01609637394297392,0.201796787328761
2.2938685625266677,-0.025285978881242954,1.9242657681889528,-1.287999590649991,-0.7389086168138329,0.8506178426967378,1.42553928056599,-0.708086009449544,-0.1052718797327983,-0.014188057920338809,0.05079741070665089,-0.2632645272932424,-0.2681987861236079,0.33329231351257693,-0.25401517901755993,0.03132623616422736,-0.2348693192447085,-0.23494686560436673
-0.38064629390800914,0.5594565319898803,0.5473560527459096,-0.22660647260344235,0.1092957839197871,-1.719514322503402,-0.4745553013201891,-0.5059636530223541,0.9847878393130738,0.0610941756604704,0.3205244965496805,-0.22689774839347182,0.24443755246371712,0.10798464564452415,-0.18933701139430104,-0.2529627742013918,0.048091775328841124,0.5294215370506488
-0.9101492211505052,-0.9067404709111055,-0.8044312545456067,0.17319696447062127,-0.20231150385032254,0.02118490171763779,-0.09413117464933635,-0.43223298117846215,0.6142365572300643,-0.5844655901963698,0.8568591067246587,-0.3303241943976251,0.10794663735996934,-0.14709368546902607,0.11710080784452226,0.06664718023280858,-0.6770131458506592,0.27646393243186923
2.2756929387643687,-1.0569772873830094,-2.2751626535681932,-0.3189528333914027,-0.4532837468881885,-0.11676854533560126,0.021604861619701904,-0.5477281636961369,0.5505456669431315,-0.508030755469721,0.8216636832221003,-0.3557767824601166,0.20981766636060128,-0.3774066778167067,0.11794267815022652,-0.0776195813159426,-0.5879292854193822,0.4860770418799704
-1.0440437162045557,-1.2997207090634995,-0.999737071082188,-0.0024023135568123216,0.009827748979693254,0.129481862397132,0.0006557741173784798,-0.14273738210394304,-1.1114636181909365,0.45134137677308717,0.3700945146639443,0.10077190119522544,0.42583337600455806,0.3340877104752312,-0.1356677505397323,0.22111911553277236,0.032885771687132914,-0.010420262238241496
4.914783201430486,-0.16629462260937689,0.575305882456866,0.6410542328238579,1.7610420650788403,0.45608739439162294,1.4477577514322135,-0.35728663434676994,-0.08360852124894405,-0.07070904034359146,0.093340226791228,-0.342408917138684,-0.2227176694238085,0.2539036104923448,-0.2022138328745996,-0.11743675944635112,-0.2148794984782802,-0.11473377150970629
5.0231324913726745,-0.19983063379011323,-1.0444200646440276,1.382358193623988,-0.41663027878492737,-0.3884020811265315,1.0417051361766925,0.7948634039946902,0.5140353132745227,-0.2472697314384593,-0.5926942598698233,-0.16970846551604973,-0.38670288619350296,0.21349865011843527,-0.408487512734963,0.08470716941276174,-0.3020333085422652,-0.35593750038106176
-1.0255382364324055,-0.3560745238058385,-1.0057848127323914,0.5583839756296625,-0.7292062913122622,-1.434224105994983,-0.03281063787133162,0.27078277365482767,-1.080725053121882,-0.16042169955740385,0.04783631619667794,-0.8617614977679218,-0.39518561849677925,-0.18130917113944184,0.17167033571217494,0.12610553981245604,0.24478726530745543,-0.31244382478409227
7.958443305109972,0.5349612881802235,-0.7040551084264588,-0.21983783755495595,-1.3801331434005497,-0.3905860343514771,-1.5649044564368335,0.3771172043599936,0.09266693882624809,-0.20977154804179063,-0.0569285203279743,0.17496332647408447,0.02908841840333809,0.29372809211605966,0.3057431297314359,0.3806960512352265,0.19033732487407506,-0.09680863418915456
-1.0498968951533292,-0.3658623467729176,-0.9726380892068385,-0.44770511081355424,0.2585311663838184,-0.3790799933893553,-0.010282128269058236,0.39231218796414286,-0.8267131438362515,-0.1127203647523389,-0.9383032796374013,-0.5957845388895797,-0.3886111424381368,-0.3517828615068988,0.3701858466615451,0.25590463066460994,-0.32118607641105135,0.10204906275858788
1.9209528413503276,-0.29768939689346974,1.7686123768898134,-1.0860425543382335,0.002963996513216424,0.422121560391408,1.9012721840074034,-0.21750933315761026,-0.5279885200246165,0.039827122803848064,0.156070225612156,0.007228412207187229,-0.1397437301034697,-0.39161884677586334,-0.260406753883785,-0.1501487425129145,0.16612099355777732,0.16201774617420667
0.5359170795430551,0.15065163678045712,2.3162578023029043,0.5806296950836466,-0.439676442977945,-0.8033934873708567,-0.2908841348765885,-0.33191838008159175,0.6285010932843329,-0.2887328027856978,-0.10706828322309736,-0.6537281384384954,0.4066035238423441,-0.3672861052523748,-0.4259702039866575,0.027456592999101748,-0.07021697781996672,0.2862453673555952
-0.5549464648893763,0.09444865245913303,0.21222865567192795,-1.3006646024224073,1.1193729531929557,-0.7851001060745814,-0.43164573733488354,-0.45569800413420053,-1.0043843010088525,-0.8506034549917574,-0.24502755225607917,0.26807520637981647,-0.2345478560169929,-0.11823256477531424,0.25122693626643045,0.17089217739191181,0.46649530986459287,-0.2646525911509051
-1.6593707388557857,-0.6234651437820113,-0.39444557112401823,0.933925292304036,-0.45031325597872246,-1.1708105424286943,-0.2602578086038875,0.9859126999414003,-0.0898530169812383,0.20983387358756964,0.8437431382397622,-0.503598338140961,0.15971838688369777,0.22408872861288964,0.07121651897448056,0.26935656850250295,0.178749368122594,-0.01808518494378658
-0.3156750735799079,-0.014295515505296175,0.6256417088986288,-1.8491346008250442,0.07647493213005178,-0.20672236135439503,1.2571616987651235,-1.3265313187246182,0.887792265998353,0.1352623238777325,0.3721983674513023,0.12612380877490542,0.41752789389422507,-0.8067867931729908,-0.7428848034813185,-0.2616488424433414,0.09183424468494483,-0.5075382512595878
-0.968455636159936,3.64807244555094,-1.6114411740721137,1.3643282994820292,-1.1022548085181731,0.42783238859056677,0.1744759335367032,-0.4141762486144591,-0.9329623861644183,-0.12162111925868577,0.09875324939654373,0.3955403729005097,0.30052524791578206,0.2988832952771122,-0.18119760305402244,-0.04038310395872835,0.10940118327356085,-0.107095236235323
-0.9636978337523106,-0.5849600991607928,-0.7810439435676705,-0.685429866294138,0.47573343507132787,-0.1892675351342767,-0.06907731048622844,0.24281754665689018,-0.8536701189353153,-0.8328940605969279,-0.7702158053145471,-0.2005573549374518,-0.4673806631645585,-0.017148281001782062,-0.291081623668693,-0.31287520174861894,-0.1236501462356801,-0.1367120611084298
-0.8867838774339316,-1.0161258010395418,-0.6624284086311294,-0.38286395994251776,0.31270773193785034,0.27674625240353373,-0.08477673112715624,-0.12055986132986576,0.9649912084432279,0.15315244064185285,-0.3120859706769121,-0.4468586095336268,0.07134262407245229,0.20502259573041481,-0.04870835976491744,0.06550156723112915,0.23167302919704913,0.15775044905274443
-0.744279334348966,-0.771632646879514,-0.5135457149839474,-0.023334570112660838,-0.045496048976167366,0.5799757419195887,0.2228192432486246,0.5300258875898503,-0.2943270836503195,-0.16710224938263793,1.1715305657325796,0.466776887764479,-0.6662740772024349,-0.2578982199766943,-0.5835290412190721,-0.051398145252533445,-0.007102516000596748,-0.018224297106094356
-0.823197362098243,-0.6816759737403115,-0.5999102279379364,-0.20626430897208203,0.2390337836414269,0.5657117802521158,-0.04056457275886781,-0.09166171531656789,0.9628824103020877,0.2734630729724764,-0.2944210529118592,-0.30859514072761746,-0.06816843598033062,-0.2675737479776769,-0.6455938723336491,0.37216261443253346,0.3547667184447425,0.1619321766939869
-0.8763242694854259,-0.7407027520269811,-0.7098349436918903,0.08519487708514491,-0.003577347480893986,-0.17033246390485557,-0.18929529803326975,-0.7821816990352788,0.35834809525026334,-0.5597978820798835,-0.7294225201233313,0.9030376936020783,0.4550455079370852,0.10546531618940624,0.24168727767250187,0.40416857323592775,-0.49294952978298534,0.40448126095756737
-0.9636021340033477,-0.8966436563998215,-0.9114442159495131,0.1863707033855767,-0.20614502712875094,-0.23604993967501636,0.02680386894997372,-0.156896908212412,-0.9721109680432454,-0.6028228621156787,0.4829783970415896,0.8958765962460584,0.5592254313012284,0.11560382856402229,0.2973147320560816,0.5420003104764752,-0.4716488092612924,0.24541288226175745
-0.880834827594591,-0.5492662228703551,-0.81615913784897,1.109584813439629,-0.9992172949640946,-1.152895685094268,-0.1995144408723681,-0.9061456099504748,0.08484799840169006,-0.5649884616115456,0.2332038862465523,0.6361437724221954,0.4800295562085646,0.2835291967366932,0.06404218280714669,0.21648756569102995,0.09922860383886811,0.07706089377333997
-0.9644066614674851,-0.5960185890879888,-0.8311176979644818,-0.38790209262611797,0.36428673645276594,0.004920579887998086,-0.28861055620986154,-0.7209239910284415,0.022952509091999668,-0.900003733739257,-0.9488006745492388,-0.4204868624798764,-0.5366966572421634,-0.09775598289549026,-0.2271163694634088,-0.3878786682509499,-0.1000082052568288,-0.13355408184445186
0.7404966834390483,-0.4796409392725074,0.8244277166823595,1.8836450434480265,-1.2494309772685384,0.08264349639421939,-0.8633441837238064,1.3195558551200235,-0.5998911752045597,-0.449425099747483,0.8520298302163785,-0.28695869724636586,-0.28482765522476156,-0.05735391893803482,-0.17829877405299838,-0.3390717094913689,-0.032443262582721566,0.2596348770535551
-0.7545438409758272,-0.40801853938437893,-0.4252316908052192,-0.3534699159188627,0.1515833889024672,0.014735405405020954,0.20715702601777128,0.9956193634666002,0.29042388667782887,-0.22569361364154802,0.038442330180490536,0.35583867445430273,0.38581355857464616,-0.8021789421142564,-0.5413095132555863,0.007436312778876852,-0.7045578714757846,-0.2337702093417387
-0.3813631110427686,-0.03685502411462971,0.5588487165570697,-1.2157217075784323,0.9871024988849851,-0.2793876710416518,-0.1538682714811684,0.27389901164246994,0.036739046812956797,0.377931766749251,0.639606105647387,0.6718022731597637,-0.014403145447679067,-0.19746560428246102,0.2130802855514815,-0.8134948805368023,-0.06373189483511876,-0.46866866591282175
-0.8860750497187571,-1.0050673111123463,-0.6123546542343181,-0.6803917336105378,0.4241544305564123,0.08255813738125899,0.13475651459647686,0.843181676355466,0.08836858041591304,0.22026211378418203,-0.13350110144222044,-0.22692910199120225,0.14065861815005715,0.28563029762412295,-0.11267361397020165,0.14050503373346007,0.20803108821819782,0.15459246978876656
-0.8203039823858927,-0.5477934527974477,-0.694023925535402,1.2092571739744988,-1.0782614798235794,-0.9580142239729219,-0.14578579458143695,-0.8086613859008343,0.07402020338967581,0.15923597168684775,0.34563488819057064,0.5973126401098675,-0.2996139991455919,0.19720435327145103,0.0016742496597441092,-0.4411784971863137,-0.3418867575898775,0.10036841768728283
-0.48611677410604165,0.9593689901460842,2.741011013401149,0.691964741107799,-0.6137719433717194,-0.37733236852122964,-0.6689697270540328,0.3100699955353265,0.3677802976850454,-0.24768606887586672,0.07847007849860388,0.4558890425687982,-0.19150540401088617,0.5303970971873752,0.2986305352485614,0.8631386009499764,0.09460555290367945,-0.7839499164876889
-0.8860750497187571,-1.0050673111123463,-0.6123546542343181,-0.6803917336105378,0.4241544305564123,0.08255813738125899,0.13475651459647686,0.843181676355466,0.08836858041591304,0.22026211378418203,-0.13350110144222044,-0.22692910199120225,0.14065861815005715,0.28563029762412295,-0.11267361397020165,0.14050503373346007,0.20803108821819782,0.15459246978876656
-0.9059606447326207,-0.8477517801927357,-0.7556327807538568,0.03877560536314702,0.11258859955848764,0.5084056086839059,-0.08322820236257668,-0.6171596845214202,0.3260326489723023,0.8956377020557552,-0.7564842527285335,0.6205438665588132,0.08814630938846468,-0.025188049765595688,0.27600645585130956,-0.6277438590170732,-0.036285075153554724,-0.42693086716369816
-1.5966487863703842,-0.8109460529128552,-0.25722475067596856,-0.7891511974650324,-0.1656031786538215,-0.1875540680835346,0.3295778287120008,0.8319689440778142,0.166025960335541,0.24843111102574572,-0.1439692042921184,-0.24499079880516667,0.14979857564737792,0.003456020494627232,0.2150466579621626,0.4579867161264602,-0.3890609193093655,0.3322608322010731
-0.9792171521454192,-0.26991521848835,1.3750076358129164,2.0989335689384974,-1.4030528038842274,0.20917375709674696,-0.396584129878476,0.09005025528246288,0.39566623641963733,-0.9082179523163434,0.6840193733126454,0.08000838748205746,-0.1977820924343903,-0.15444470280486994,0.32170221454832615,0.04654849153042956,0.4988592533197319,0.1220537877738091
-0.5996359154041504,0.14940503041347508,0.1604385106476831,-1.3137794450088416,1.1264383819925259,-0.7310194025242269,-0.45140483018609423,-0.4171893476177439,-1.0601433546664563,-0.38141183848968674,-0.24629559462657868,-0.18432143093811099,-0.3346413029825623,-0.17380558436462407,-0.11466867122479302,-0.2695535919810723,0.043605846168111806,-0.15878933248149485
-0.8513541528295757,-0.7287950357346589,-0.6066328493929081,-0.4026315583170126,0.3110604670042803,0.31575155379958175,-0.06456173664707761,-0.08881119930141149,1.074903651925823,-0.39569294529664234,-0.17659801858979107,0.02207133661239885,0.46309160868130694,-0.09066417893739498,-0.20289508703095516,-0.7145996633023204,-0.18912004852779463,-0.3608776805203114
-0.43216831799678174,-0.33288304861255313,0.5163536984863613,-1.3580754527988232,1.0869093279540478,-0.592593941558265,-0.28608346198445667,0.12303652323708039,-0.07029815705677345,-0.023339578497621777,0.5537839558749436,0.1591914051521959,0.21910399780427092,0.15167164358374996,-0.25422137522314026,-0.10246364322750429,-0.015861768516124253,0.10691031770844478
-0.7105321006200391,-0.17068153372618577,1.05867547773109,1.1241912649959147,-1.1188921227279884,-0.06149276988032791,-0.04478236100749382,1.658861167693717,0.09878374662605065,0.4933949239205938,-0.37901276725786637,-0.14145476524476125,-0.0033962781764685923,-0.4080961891404617,-0.01878114970539496,-0.20460066737348206,0.28825709388506116,-0.6585259279830586
-0.8804147727932504,-1.0156147063825463,-0.6973799121182791,0.02750991317532732,0.11838332518137522,0.4085809871545002,-0.12964628696054822,-0.7114811019995069,0.244438516185219,0.7919099288786082,-0.7521205476506545,0.5205815412553043,-0.32633813141805024,0.3007875644045128,0.1331028855045236,-0.1918148319048787,0.019563945336521615,0.1531649020605536
-0.7873432293664213,-0.2812304130745986,-0.5503760045286192,-0.519354736543492,0.30562465380285714,0.4260261670465918,0.285146441359433,0.8880937595830047,0.24050677351287353,-0.4152098060398526,0.04641436893733114,1.1052120995737287,0.04762651432626003,0.03753528920918103,0.4651741888508494,-0.5900164710095968,0.27051595216761026,-0.2912370921338089
-1.3895800857668736,-0.8178495445584322,-0.827435312998732,1.0298762309203944,-0.12494211223502354,0.41666009690586925,-0.9832263626011445,-0.5997542596281338,-0.048055558757569436,0.5648679254290194,0.24311573694119115,0.1293226039315421,0.601309076851452,-0.8039141886880172,-0.16670761858179045,0.3884754112528082,-0.5193447647702588,-0.5089552841752778
0.12963122124807797,-0.5025218513476428,2.181182295517477,-0.7797044413359578,0.2228407476692928,0.45450012077041746,-1.4592367429724955,0.6028187387855457,-0.5302861988393974,-0.4100691538636374,0.09674300552024406,-0.41006025782798466,0.60121867118469,0.2924910448021153,0.20875843833085395,-0.08781805896882888,-0.17486536187924057,0.2779957500141201
2.1136750671775504,0.11682824085533405,1.7619830999019246,-0.8390428136285831,-0.055468975180447924,0.660705180218807,1.8821830915218587,-0.8151924917522992,0.007254271738746695,-0.41088593552139685,0.06977888260656256,0.30513177067391567,-0.07768735632647217,0.25053275138854847,0.2093861208392247,0.42192930857613914,0.2958618870957085,-0.30339755150737496
-0.7181330447959646,-0.3757476772245234,-0.48660355749423434,0.8217756718426878,-0.9364213970933385,-0.7934514681932316,0.26251999460391107,0.8964478614502527,-0.0675455825706928,0.6155047648350106,0.9557666393135755,0.03266334983245328,-0.6289429618211939,-0.35158992059526195,-0.24036979042706813,0.32475432557032485,0.3163922340419947,-0.038045661349924986
-0.8157934242767276,-0.7392299819540733,-0.5876997313783223,0.1848672376200146,-0.0826215323403789,0.024548997216490384,-0.1355666517423386,-0.6846974749856383,0.34752030023824915,0.16442655121851,-0.6169915181793131,0.8642065612897505,-0.3245980474170714,0.019140472724164304,0.17931934452509934,-0.2534974896414158,-0.934064891211731,0.42778878487151045
-1.5768556743533457,-0.5435897389502804,0.6771707705123342,-0.7505735699014339,0.6758268964433326,-0.27709488244046826,-1.194974741460509,-1.2755734430145313,0.04242902846138551,0.8894193288919774,-0.2851254396635584,0.16223921681415632,0.39081547376046566,0.23262577413870178,-0.020542562384205765,0.23919090274568006,0.1211298787008891,-0.029453992053145583
-1.058634592195237,-0.4384153048804922,-1.114075187115258,-0.23501190416331563,0.12596127714341904,0.02414375003384603,-0.04264893429327657,-0.1527715260077365,-1.2977853610648324,-1.3597858654121908,0.2457103139928395,0.016312190190021447,-0.21792070770887773,-0.030372191001602433,0.15681402766079,0.13398779521169518,0.4581883912916296,-0.20110624150174125
2.703294562383734,-0.5108679893625576,-2.1954469411520785,-2.1976447006561854,-1.7494448017340394,0.12396456727069542,-0.096844447955843,0.14348729649366104,0.5500099352862791,0.42883905427013225,-0.2800416056636143,-0.43847240197097875,0.130979097208137,0.511593619576023,0.16435119716825186,0.7208887919169389,-0.7170349215849323,-0.09124881356143857
-0.48046748903756326,4.331200023818486,-0.3276499682104425,-0.3820629465158508,0.4336776184718079,0.5555912707670952,-0.07712660768724149,-0.23132005638319278,-0.05005630887069282,-0.007541709745301189,0.19320352825517406,0.0977113474810744,0.14829287460163088,-0.09956633003224086,0.22917989795241844,0.17317395870658253,-0.0077365506406635864,0.12606664313247762
1.734258420487795,-0.43517939190098676,1.7528509186622567,-1.504084283233342,-0.8097255188916003,0.5631174718866453,1.1688792701073791,-1.307699910388024,0.28965885685595405,-0.3040592279859593,-0.13076748568187202,-0.564812850488827,0.5550665442850041,-0.5089596153455018,-0.4053519646368703,-0.06957235067954493,0.24530758695273824,0.3165597432107951
1.390086450898662,-1.2589965662500349,-1.9157192051873746,0.23691597158409983,0.8863373014051442,-0.028237007180131016,0.10683998270118915,-0.7859162041933372,0.19674827299866993,0.5134551497148548,-0.8482603964736197,0.05991303786748747,0.3861297064900089,0.18433636241345774,-0.18409240621916972,-0.034988715080259525,0.06435207497338713,0.28969957213657754
-0.41755583449588823,4.495442266886815,-0.2093988323773634,0.039688450802332784,-0.02932069023313623,-0.23342409523147245,-0.08606021244723917,-0.0858295878238032,0.07988476427423295,0.05627108458624744,0.1425910334425431,0.08499225601496335,0.11653132591315574,0.08617838888333207,-0.0026609301246066086,-0.01979365929775001,0.42559770030507116,-0.05123229593983247
-0.7442550556042804,-0.6687298443132819,-0.5032931927576154,1.1280227096055448,-1.0470101721049507,-0.9523119196154672,0.07248849613309515,0.18768633820119904,-0.9334889084137235,0.6406149362871251,0.2646301882411892,0.09100228398193827,0.30290946979143785,-0.0944232885707042,-0.6532149882641213,0.5808365966327842,0.19211138668411776,-0.04376843456916707
-1.4973825509817134,0.5423963545058104,1.19255967676385,-0.006318013684440779,-0.14457214028811127,-1.4033541997879813,-1.0458922000403152,-0.31685783325232547,1.0760158329807503,0.3257760799857703,0.40777650458417924,0.318404910883326,-0.4399374909024251,0.06860675844413078,0.13966648224313516,-0.3561275616899231,0.023317559966713364,0.18341278493018182
-0.4328771457119563,-0.3439415385397486,0.46627994408955,-1.0605476791308033,0.9754626293354859,-0.3984058265359902,-0.5056167077080898,-0.8407050144482513,0.8063244709705415,-0.09044925163995096,0.3751990866402519,-0.06073810239022864,0.14978800372666612,0.07106394169004182,-0.190256121017856,-0.17746710972983523,0.0077801724627269975,0.11006829697242265
-1.843039656418208,-0.4415996070175703,-0.004326870233639424,0.1857441223555366,-0.6289401065016195,-1.18947073777578,-0.6104397371482392,1.351623648054257,0.3544182619890978,0.3340878814729812,-0.19683528436332504,-0.24812221070761592,0.12083858930533964,0.30160635407365,-0.04455668916163047,0.2298116634200496,0.13099230243884608,0.12276616985715932
-0.8860750497187571,-1.0050673111123463,-0.6123546542343181,-0.6803917336105378,0.4241544305564123,0.08255813738125899,0.13475651459647686,0.843181676355466,0.08836858041591304,0.22026211378418203,-0.13350110144222044,-0.22692910199120225,0.14065861815005715,0.28563029762412295,-0.11267361397020165,0.14050503373346007,0.20803108821819782,0.15459246978876656
2.4062864076111445,-0.033362261308316876,1.8536157121208514,-0.8598777050545333,-0.1828784078929479,0.751712923963474,1.699724575435669,-0.700538048797728,-0.09230123973240792,-0.03316583344921928,0.061311327246078406,-0.28886494413574454,-0.26991823536740267,0.33918235325452484,-0.2546826311572751,0.013014415567306759,-0.23892646018738178,-0.2288893513134873
0.7873253538020397,0.22795000452166847,2.4876213965744958,-0.06727342476740521,0.28784683486827195,1.0853581878605485,-0.027359936532459703,-0.12130496366531654,-0.07080225943475851,-0.04195950825673819,0.10217427395808687,-0.2487971525892257,-0.3179536702554711,0.713901223702578,-0.2077254154352488,0.1899162001149473,-0.39975481755807935,-0.4571636220869837
7.283314604007465,0.23147671553653093,-2.658119009275654,-0.13707984111413613,0.6635339867445421,-1.888873229559987,-1.0659356402822644,0.7419314957943504,0.17643425651592698,0.1222290049376952,0.5535499318360424,1.0760025892490581,-0.26065522213951897,-0.7396240187270393,-0.028562120737338492,0.15449582634134823,0.6736978777821604,0.3714555027279814
-0.8336231532364038,-0.2347603588741063,-0.7404206389414058,0.8505976630190241,-0.9196948527285943,-1.0049083128078795,-0.07105378381470356,-0.2748724710333546,0.8042940887843613,-0.8962786681870458,0.7677795365414704,0.0738326393468543,0.31266278251405344,0.15868466411662474,0.14816594713092218,0.20017262817179166,0.40711820229741535,0.19647018371799424
-1.4969771190411438,-0.21893630512643147,0.7071130989248144,1.4320183475040353,-1.200955678777646,-0.17802586705630807,-0.6584840664379684,-0.006887038126420053,0.43215236864704726,1.012857339744924,-1.1639267702478013,0.5206894264774735,0.06668628590782866,-0.30030300726489373,-0.1649373750199964,-0.3315805080877279,0.14372277991996296,-0.5271677626454994
-0.4037184689729105,-1.021758195346332,0.2979837218344028,0.058313084710183,-0.004977159425295072,0.5250936040810612,0.16862443534696334,0.2850247690400265,-0.8145717898185225,-0.762478064881805,-1.0298770494127494,0.8619619837413358,0.8701213405929019,0.3126766387191968,0.21078769587532675,0.4278130563876313,0.09297251192341582,-0.011287622096267713
0.0439815680621658,-1.2157151921416596,0.22484660614139074,0.47560345119060504,0.06519165093547379,0.6862175494309594,0.47274179714250775,0.4619999012755209,-0.7403608966651244,-0.857919888222288,0.8683793491708172,-0.5772616231808498,0.5390791725915977,0.20512082356211447,0.12242391694002452,-0.26035713664328153,-0.10383236165721754,0.2668518996503058
-0.8824292977459606,-0.8481504257989456,-0.6167229013681603,-0.4920011186035361,0.21900211234534067,-0.2406545324233933,0.15503923993257926,0.9325380588189671,0.16313205377343126,0.24535189523972617,-0.13822372913587905,-0.25227170279927286,0.1651341583486965,-0.026305633558524666,0.2306331426631978,0.4229945794181778,-0.38065369109528746,0.36774871294852746
0.789256007163468,0.6896823518216396,2.469499049942045,0.6930255160680033,-0.556341537314963,-0.5110782042608801,0.01029819975786074,0.10666492347970727,0.28698570394299167,-0.32678717092865206,0.035420516937256175,0.31982986342259007,-0.12153242092289346,0.3277951893684715,0.3264002756521971,0.5239482672512639,0.18005941738261388,-0.37100690844247436
-0.4962877227222486,4.20450769558328,-0.30626264260316066,-0.41347863901355253,0.448645537058498,0.5370910829012338,-0.10919506730162712,-0.19037690326085524,-0.08632717496535389,0.41913915148336656,0.21544867534887002,-0.35376832753531245,0.016640903305939536,-0.16272953980138083,-0.15758612562281987,-0.2093898939736576,-0.45683080624049116,0.1448573814434353
-0.07147238203052514,-0.34595814146691617,1.9225012882808568,-0.5416842444014471,0.2079786602189881,0.5057128124713105,-1.6349964351575033,-0.48912735396793955,0.43534467076720534,-0.7867845253453276,-0.027983827027769026,-0.06886120789154843,0.539055080781001,0.4012226589969108,0.5241514905788598,0.1296242265751429,0.3355115789821027,0.39086104555934037
-0.6418452559979949,-1.2695671323041402,-0.28704708929342715,0.34481582132084404,-0.26883096522382804,0.7880791715864788,0.009828930177684478,-0.35105703155597573,0.30931995886256397,-0.15057800016212566,0.5467434811712437,-1.019310204419532,0.1945640954893615,0.2947782573356028,0.17484273100945924,0.16505837376625848,0.25073044169754244,-0.07995827285011345
0.5399068733365889,0.41464547484023984,2.2729361212747774,0.4368770568282683,-0.41212668193011576,-0.8289352314226869,0.05140550441569082,0.6256239073679253,-0.1484019983954028,-0.2581207338224728,0.12953160157489507,0.6245627327256975,0.011531373141100587,-0.4026488994029824,0.3299448980160328,0.3698466363248785,0.5917230956135179,0.008350874499856387
6.1206488860176735,-0.6260519006649525,-2.6702366354474694,0.7900163345141711,0.10502611250355236,1.1443296653819548,0.11588800825572114,0.3227921561277018,-0.059356134841129546,-0.7092021347184317,0.7737571839494566,0.41890857447633756,0.2003564775979083,-0.2576171294771377,0.23150959262689597,-0.047169624138873545,0.3485292172852883,-1.12076739904083
-0.42214933674150995,-1.0186181361244822,-0.7504906259244208,-1.4236888579516718,-0.18840137394402262,-0.029763414817573566,1.3786885709354368,0.38557849797564464,0.06915917315441993,0.25930636106254,-0.16643894654626928,-0.26835936408712907,0.1708403267783396,0.20681947539633405,-0.16809502514684688,0.1155237158247599,0.2513650943009943,0.20968156636206986
7.56156266592086,0.5558221732141557,-0.5044175750545348,-0.3497424230716458,-1.549115143251931,-0.3699805091038175,-1.4407097432292777,0.320429334284455,0.09821753659797304,-0.21423091392976298,-0.05891354175704616,0.1780752656410181,0.01851372634753956,0.31768274057490886,0.29823222426559204,0.4066049899131426,0.18611991204395462,-0.12731631713453398
0.3818629214411631,-0.18044851055298783,2.04621825570102,-0.21964605592207465,0.3132522138327731,0.3094079260515469,0.04629798786263374,0.472761288242253,-0.3777548417426418,0.7000889750728786,0.10549015884712931,-0.17314807825028194,-0.08972713954279687,-0.7594829999658266,0.592874274237785,0.6024235861708247,-0.18603632670116044,0.35680572928875426
-1.0447525439197303,-1.310779198990695,-1.0498108254789993,0.2951254601112077,-0.10161894963886862,0.32366997741940673,-0.21887747160625462,-1.1064789197892748,-0.23484099016362153,0.384231703630758,0.19150964542925264,-0.11915760634719913,0.35651738192695315,0.253480008581523,-0.07170249633444808,0.14611564903044144,0.05652771266598422,-0.007262282974263623
0.7014060530342181,-0.5171904775784908,2.274381661591433,-0.6840439371781509,-0.7479403792636102,0.8133836006790011,1.5629229580519766,-1.8423901455427056,-0.4901467023586655,0.9029902957620638,-0.7261887566946965,-0.13275680675577123,0.08062380246941764,-0.20840154189289,-0.023592084300661842,0.027748824441481468,0.27865635706156355,0.24081692134707972
-0.8097239708253735,-0.8769022128042334,-0.511606767528032,-0.5493036805779664,0.33014232711023733,0.2959397863684664,0.22055362050179367,0.8997227472827689,0.11381165149855992,0.5178056858539077,-0.04331524659189828,0.1857194407128567,-0.5073329659084078,0.2624686639280208,0.21172447645763404,-0.1345971764636434,0.2160099823892797,0.15910925539175186
-0.9733370190649392,-0.5634407639762753,-0.3310167370252854,0.8156417542483052,1.1461085305300551,0.1407936909764208,-0.17184529286715142,1.3215354881701071,0.23771979354622358,0.5676554921025173,0.02832555976724266,0.2952009415048217,-0.6793425547508891,-0.46172345023083133,-0.02801521113812011,0.5139971050430352,-0.31065406591469424,0.24979150839892855
0.14281518961266315,-0.6136183422059442,1.2577535025257391,0.35434355137355483,-0.2567802268992673,1.4308287803974649,0.4135262440044527,1.0907069493676058,-0.2992845130356498,-0.40151687241931533,-0.46442543558649113,-0.017120156507414663,-0.279203930122208,0.22890644830322748,-0.42902971324691797,-0.18907411662765458,-0.1277483106235095,0.12132967407079415
-0.7188070842252365,-0.15994331729188382,2.657622942844627,-0.3350039906661879,0.3905635236196488,0.6926769778889196,-0.7207541938337795,0.45487128428485796,-0.45048806631864224,0.08222094952523543,0.2847001164587284,0.2625601153978866,-0.24579138551608232,-0.08926058448023871,-0.18786067147465196,-0.2530481365527908,0.15137516130005013,0.26243448781228523
-0.9697649032451722,-0.6105354242808867,-0.4040972053395074,0.7454149534303445,0.5328851234719499,0.6436813238935516,-0.8998030670205852,-0.4723815806654477,0.34031675988498833,-0.23754252746077462,-0.5699186960700774,1.5044868960144664,-0.4078676143932162,-0.03479263853427422,-0.3573741345912873,0.2233191998664515,0.17164184819649064,0.07956245681181823
-0.8860750497187571,-1.0050673111123463,-0.6123546542343181,-0.6803917336105378,0.4241544305564123,0.08255813738125899,0.13475651459647686,0.843181676355466,0.08836858041591304,0.22026211378418203,-0.13350110144222044,-0.22692910199120225,0.14065861815005715,0.28563029762412295,-0.11267361397020165,0.14050503373346007,0.20803108821819782,0.15459246978876656
-0.8315096305472374,-0.7342960497319717,-0.7359207658901354,0.3164921863054934,-0.16688493390693449,0.9348077986046268,0.07590717224085579,-0.2768214771677625,0.6355713664685669,0.522089009767822,0.8487303342550092,-0.02215791531695338,-0.2983701742758645,-0.6947703755428102,-0.0795699190541782,-0.218158435445804,0.3256344617229454,-0.6566297267175643
5.067593162316558,-0.9091326475330048,-3.54478247944008,0.042350593782425325,0.7662755502285258,0.010965635212928787,0.14013644213442694,-0.0696703759862142,0.14615682218933573,-0.9292623034631251,0.9273045781367271,0.13243603249550334,0.2589281482975948,0.6113964903823462,0.1044126102173703,0.35272226699287784,0.10413907247482013,-0.2836606346220278
-1.0003164416063983,-1.0152622691497675,-0.9723643039211411,0.02710533221375376,-0.007101371951456145,0.5050415131850534,-0.04179272526957439,-0.3646951907142441,0.5927489059641176,0.14674556064087527,0.7173663721754384,-0.5739868891285624,0.5206909941655056,-0.19142220795878612,0.21378791917073248,-0.30759918914284884,0.22076667020751706,-0.5782557196033393
5.129275915298483,0.03256941606192676,-1.934101774057328,-1.4612944078110175,0.9246470875672731,-0.32153370196657516,-0.3823945133162896,-0.3570995439746281,0.3783705491693973,0.38334263946632957,0.5369716209549538,0.3324323090325751,-0.44204919085382,0.6539591223010573,0.05045015567823313,-0.13882759506844078,-0.324454020914173,-0.33276294009241547
-0.43337606818057356,4.368749938651609,-0.1880115067700816,0.008272758304631159,-0.014352771646446175,-0.2519242830973339,-0.11812867206162483,-0.044886434701465666,0.04361389817957188,0.4829519458149153,0.16483618053623905,-0.3664874190014235,-0.015120645382535602,0.023015179114192152,-0.38942695369984487,-0.40235751197799013,-0.02349655529475636,-0.03244155762887485
-0.1554672257536499,-0.8959916550170208,0.749448613397619,0.27754029824352133,-0.11236881309285887,1.0948770848902072,0.07385563864083436,0.040246303336369055,0.7128168208366968,-0.7357906015314332,-0.6310623359466361,-0.38360081743763214,0.3160952597257537,-0.3294843988396112,-0.6423115728856194,-0.032681675682669276,-0.04370200212751285,0.1753756993009688
-0.9137949731233017,-1.0636573562245057,-0.8000630074117645,-0.015193650536380457,0.0028408143607490804,0.34439757152229,-0.11441389998543874,-0.5215893636419633,0.5394730838725461,-0.6095553716519139,0.8615817344183174,-0.3049815935895545,0.08347109716133005,0.16484224571362172,-0.2262059487888772,-0.21584236545190927,-0.08832836653717391,0.06330768927210845
5.84842061946596,0.18831741643951228,-2.2254547404949734,-0.26593156397327067,0.8069527270586562,-2.1683974864147055,-0.43707259754036243,-0.008763833391808001,0.6270806947069185,0.15054096329446456,0.3856814312085419,-0.13270341510835132,0.21392762504638196,0.38030156060660825,-0.19359631164390978,0.03721651515932689,-0.28522439361973967,-0.16978057609275277
0.8272960644556164,-1.2097395784710432,-0.367233516923497,-0.3525809342817856,-0.8334157662451139,1.1497079195156015,-2.4417845155360336,0.5770235502363834,0.6505591490552052,0.03712029358379043,-0.7808449929965393,-0.6196217700704347,0.40264255136770144,0.19816418946476055,0.2505293878738495,-0.006818579659928048,0.4149493367261843,0.14497045133922198
-0.41755583449588823,4.495442266886815,-0.2093988323773634,0.039688450802332784,-0.02932069023313623,-0.23342409523147245,-0.08606021244723917,-0.0858295878238032,0.07988476427423295,0.05627108458624744,0.1425910334425431,0.08499225601496335,0.11653132591315574,0.08617838888333207,-0.0026609301246066086,-0.01979365929775001,0.42559770030507116,-0.05123229593983247
-0.3903851477059575,-1.278109563170328,0.1829440807951801,0.9868953562209536,-0.5229187642693047,1.0922373633650238,-0.09799947034422879,-1.0657540297699442,-0.6233138309567713,0.20439019522066812,0.10565783937070905,-0.4855589053456429,0.37020550564812504,0.05324566154211485,-0.48687334194942056,0.3219586735147509,0.1065484496034037,0.2440177772409448
-0.4962877227222486,4.20450769558328,-0.30626264260316066,-0.41347863901355253,0.448645537058498,0.5370910829012338,-0.10919506730162712,-0.19037690326085524,-0.08632717496535389,0.41913915148336656,0.21544867534887002,-0.35376832753531245,0.016640903305939536,-0.16272953980138083,-0.15758612562281987,-0.2093898939736576,-0.45683080624049116,0.1448573814434353
-0.48046748903756326,4.331200023818486,-0.3276499682104425,-0.3820629465158508,0.4336776184718079,0.5555912707670952,-0.07712660768724149,-0.23132005638319278,-0.05005630887069282,-0.007541709745301189,0.19320352825517406,0.0977113474810744,0.14829287460163088,-0.09956633003224086,0.22917989795241844,0.17317395870658253,-0.0077365506406635864,0.12606664313247762
-1.112268994483478,-0.8790104350752175,-0.37729720692071617,-0.7184451680047943,0.040005026230638105,0.18129233500360759,0.5118369203370179,-0.4005235320509328,0.992638100102307,-0.4897955594226694,-0.18362968868075302,-0.09558519705154672,0.048142895200169955,0.22970293049996193,-0.3752113323592765,-0.2711063729182463,-0.12598898161619582,0.2178949264631847
-0.48046748903756326,4.331200023818486,-0.3276499682104425,-0.3820629465158508,0.4336776184718079,0.5555912707670952,-0.07712660768724149,-0.23132005638319278,-0.05005630887069282,-0.007541709745301189,0.19320352825517406,0.0977113474810744,0.14829287460163088,-0.09956633003224086,0.22917989795241844,0.17317395870658253,-0.0077365506406635864,0.12606664313247762
1.0854337432570738,-1.070696140675626,-0.009656850797441052,-1.1802278093261809,-1.419873247928778,0.4207792621288411,1.0882986089626596,0.7144880508457911,-0.20786267425245863,0.05072132205587565,-0.7287658760783657,-0.6669326229950705,0.6522791180632427,-0.25699934060875623,0.5322860853702684,0.3912543962685489,-0.17781350913352933,0.3066836215806609
-0.5714755262892361,-0.04330216570326795,0.18354222688239852,-1.034552521252089,1.0228941731610839,-0.6094121789181681,-0.6832474426729022,-1.3784963886971948,-0.16403253907619864,-0.4910322669054187,-0.4013672743970747,-0.40333397617899497,-0.43551582139028916,-0.26200347643816235,-0.07157383310352367,-0.28667514179065934,0.04104299524361654,-0.24270387357596962
-0.493143914540508,-0.4523508877276252,0.40230527061256227,-1.3270421622365087,1.0827618672647303,-0.5317746214249072,-0.2598803718665639,0.1856092786867127,-0.09861646775228528,0.6292335806180204,0.41393229870994364,-0.20977621569032084,0.2418394540019313,0.12138280408145097,0.042868922389683484,0.2417085601937507,0.3490822887186432,0.045442678057248886
-1.6833000956631432,-0.13228686717770644,0.846753800736312,-0.474205848658649,0.5346309727574541,-0.6346800599058511,-1.225512369569538,-1.25927936964215,0.18681083866901382,-0.17178302124878717,-0.16810324052438397,0.9594871667119529,0.5171673898293284,0.030685802918709815,0.4152425189844098,0.567951106944915,-0.3906116772820559,0.21285687743165943
-0.7292823886241654,-0.4738251601405554,-0.42331391239535704,-0.3605306636355774,0.11416955100179325,-0.06959201570368205,0.24670171533438887,0.8855632211743001,0.25316430164625103,-0.5363585530348582,0.06956863578574707,0.9808241357636898,-0.3739409106117376,0.043984782016811996,0.6447069590534478,0.18628401848005965,-0.2885245985591455,0.414942399891751
1.2012648602209497,0.9030741615899776,0.21827553035128688,-1.330372171286468,-0.9003222941705803,-1.6549778111877715,1.3459256733759466,-0.7095765103076743,0.700851467316232,-0.14412664011345674,0.37975643025232375,0.4210577350553186,0.09043718320834548,0.3667018154183821,-0.560426299863775,1.0526197309062169,0.10751524838768545,-0.5556041937561929
-0.8885799291031903,-0.05873828383198587,-1.0291298788956469,0.7136839110342189,-0.815016434229389,-1.2249782186084515,-0.08125219918216378,-0.22446677631740744,-0.5677022889839544,-0.1770230886266612,-0.013975347410455141,-1.0367876649346908,-0.5780746314819205,0.4486587050843164,0.140936903057097,0.4632226682861938,-0.13148301202874701,-0.9248122063764206
1.594998716120802,0.0018224513386051466,-0.7656013863956751,0.8621671758535728,0.890250704429961,-1.854321574131043,-1.6513587350693257,-0.7202960987096885,0.2479903766171937,1.0353401792360375,-0.34871127363211485,0.05986831855227376,0.5624638085217823,0.01434476683718533,0.016019638142982906,0.13352686465958002,0.22042291074853082,0.27729400188776915
-0.7879590406274728,-0.8628135852728629,-0.5616842607935594,0.18580871423449558,0.05261186667207178,0.6249656235868662,-0.09774349535543474,-0.6801484593803282,0.2618179056070214,0.8697098059358292,-0.710942440421406,0.6597619723628543,-0.4974077158009551,-0.1793989694834089,-0.48465304314822283,0.17272813198926967,0.1164528426808682,0.07027410934334327
0.7545290968671932,-0.25693057782725104,2.594884209748747,-1.1834306647050448,-0.4695438115448856,0.6790086884729661,1.551616871898171,-0.18715472210109288,-0.5909355678571602,-0.028739646320423445,0.1282638953576143,-0.08554645924458942,-0.12837966279484414,-0.20249562515071146,-0.2288174336253464,-0.2534393346182937,0.10165870792269616,0.29829882192762297
-0.8831381254611351,-0.8592089157261416,-0.6667966557649716,-0.19447334493551616,0.10755541372677872,-0.04646641740111844,-0.06449400579105387,-0.03120347886636468,1.0397546818007461,0.17824222209739693,-0.3168085983705706,-0.47220121034169743,0.09581816427109158,-0.10691333545223286,0.294598396868482,0.3479911129158469,-0.35701175011643616,0.37090669221250533
-0.2636349102558517,-1.0301619033832987,0.44763531825210867,0.6235245284553582,-0.4064392217280734,1.1329985758877503,0.037432118504134526,-0.40413707676862026,0.19304944039484823,-0.8867375128093733,0.7707087122478671,-0.7008050451164904,0.1866433929593333,-0.2758982976459294,-0.5639325729697259,0.08405588220948945,-0.18243548938752369,0.18164842984574187
0.37165263603053256,-0.9057665208911543,-1.1765179375279022,-0.6413910702722999,0.2983230738571366,-0.4076886267161791,0.949770433909846,0.7011840196734245,0.14510789254872486,0.27153426451419116,-0.1553923537410556,-0.29798489755969165,0.20808139556652128,-0.12675478112316696,0.2057691858001074,0.35371278687601154,-0.33775925933192974,0.4609584492378435
-0.48435364019250843,0.47205064306679545,0.3245328122459108,-0.22047556985905475,0.1361162857332303,-2.0436587091643466,-0.6697497814355086,-1.0746471702864246,0.09106727269893998,-0.3609984118034123,-0.47727954365107905,-0.46847989326850376,-0.4209201622067085,-0.32540633755443105,-0.02550487992434336,-0.2546948743890559,-0.0004063119485596678,-0.20105759816860425
-0.5710762579337181,-0.9187793061529093,-0.1668655463446631,0.7182692347805105,-0.36287654963090027,0.8700049006476123,-0.14845696450935855,-1.1648383484782643,-0.44333878127693965,-0.3813964358676183,0.3498217997534898,0.06473421950031638,0.4614742432040254,-0.20801281114989595,-0.7897438398532324,0.012860920287762534,-0.23624849273396786,0.33261402246261035
-0.7172682386595959,-0.7241010916945496,-0.37591111620331236,-0.39100487951879814,0.2643708686009339,0.5123244228008325,0.25245641210690706,0.9310553899019478,0.13119104092036232,0.5956055629111288,-0.0021371393626497537,0.3248998718204067,-0.6784025502913127,-0.21771786995990106,-0.40603145219511233,0.22994578743050492,0.3128988797336264,0.07621846267454163
-0.8614645416860721,0.04602654791727967,-0.7115144382082514,0.4575905512646178,-0.5374590695617777,-1.4108257624923186,-0.24304443535808232,-0.45801792574000894,0.3143231869617994,-1.1966507398659185,-1.0469580908969391,-0.034153104552998304,-0.3904490267628914,-0.09799563424261898,0.20571860729100977,0.026665451830893694,0.30763674315082257,-0.11069854474804411
-0.37460362012378484,0.20796333425669689,0.5921348731039284,-1.1799123966053284,1.0417489114568992,-0.26307127084713217,-0.23661692522883623,0.18526130887138612,-0.12955521106757717,0.07596987075801456,0.6161997422676249,0.19735810734601159,0.12808830297483653,-0.22819132523342084,-0.9171271474315121,0.15460338879348418,0.16278803888651272,0.4017264896620952
0.7166993388355627,-0.4511604786749057,1.412549477027522,-0.30106375763273463,0.33008047722280737,0.3202214995435587,1.33612322603468,-1.8538732698838096,-0.287955180419463,1.1473895699878014,-0.5260421090350322,0.1810855605085881,-0.10105550177239947,-0.12191648030076035,-0.16107244313148733,-0.18030330804501962,0.3880139296204931,0.42959545500766866
-0.5707666985740616,-0.03224367577607201,0.2336159812792098,-1.332080294920109,1.134340871779646,-0.8036002939404429,-0.4637141969492692,-0.414754851011863,-1.0406551671035136,-0.4239225937630895,-0.22278240516238312,-0.1834044686365704,-0.36619982731268425,-0.18139577454445416,-0.13553908730880787,-0.2116716752883284,0.017401054264765237,-0.24586185283994755
-0.8097239708253735,-0.8769022128042334,-0.511606767528032,-0.5493036805779664,0.33014232711023733,0.2959397863684664,0.22055362050179367,0.8997227472827689,0.11381165149855992,0.5178056858539077,-0.04331524659189828,0.1857194407128567,-0.5073329659084078,0.2624686639280208,0.21172447645763404,-0.1345971764636434,0.2160099823892797,0.15910925539175186
-1.515851702336542,-1.0014784777337222,-0.6827953134213779,0.09963783733576594,-0.5378212288540514,0.2603648155477756,-1.0036911002277804,-0.14719479603558466,0.5832806474908439,0.06771243440178495,0.7229111487453139,-0.6480418789633908,0.11234900412346743,-0.13376466684839022,0.4417335103850235,0.4508378259487403,-0.3340647993966336,0.17146366562052556
-0.41755583449588823,4.495442266886815,-0.2093988323773634,0.039688450802332784,-0.02932069023313623,-0.23342409523147245,-0.08606021244723917,-0.0858295878238032,0.07988476427423295,0.05627108458624744,0.1425910334425431,0.08499225601496335,0.11653132591315574,0.08617838888333207,-0.0026609301246066086,-0.01979365929775001,0.42559770030507116,-0.05123229593983247
-0.48046748903756326,4.331200023818486,-0.3276499682104425,-0.3820629465158508,0.4336776184718079,0.5555912707670952,-0.07712660768724149,-0.23132005638319278,-0.05005630887069282,-0.007541709745301189,0.19320352825517406,0.0977113474810744,0.14829287460163088,-0.09956633003224086,0.22917989795241844,0.17317395870658253,-0.0077365506406635864,0.12606664313247762
-1.1022084109982964,-0.6410353435253968,-0.09250401123099805,0.3412502685156431,-0.871202344828997,0.725167541017623,-0.3348032905115287,-0.23341736211112485,0.5709280733898037,-0.2962724949298674,0.9091277104729616,0.18128957286560177,-0.5956012340960322,-0.7529623228103313,-0.0640331325308221,0.28995082837317826,-0.5719559546991239,0.08640922632569664
1.2198855083134537,-0.20235598464603233,-1.0868254697416637,1.1157707728780981,-1.9282568815055763,0.18771428202871768,-2.4992483527913896,0.7084463496817655,0.6407548631909623,0.6273974866841646,0.598246339143039,-0.12726294437224633,-0.049692496662390784,-0.8406175388936066,0.24393238906717873,-0.2040040168600767,0.4442835993474894,-0.5422444916662172
-0.9985888680450912,-0.1969148374012264,-0.840958420274823,-0.6655656111598113,0.49634447708348256,-0.07612950085551,-0.051513565335721476,0.2737096896720173,-0.9303065623679214,-0.8113844883985125,-0.7489781261511146,-0.3015710838511861,-0.38732677361108814,0.08317528406896912,-0.33623146722431835,-0.42035113362177884,-0.04188923617738993,0.24099490356243086
-0.2607268047222909,-0.8744759723212654,-0.8828293540223073,-1.1890047887963844,-0.6075105866046743,-0.12576773311290756,-0.28554773654606236,0.9201724571490444,0.1259457397278259,0.2954697814659173,-0.16074249770745658,-0.2210283994245404,0.1938595949175026,-0.09687287219730722,0.23335986748635218,0.40441496092900026,-0.35595395652865125,0.4228523367979545
-1.8769519022157988,-1.1659742364808114,0.07246030540351822,0.7712424059345462,-0.4519856690127168,0.9590935918134986,-0.8154581322198191,-0.8551568669642169,-0.3619380936462045,0.29484171483066157,0.1374783416693337,-0.1389182936160694,0.32403412024105327,-0.1644850113357304,-0.5364398232483212,0.49356641503017956,0.09114223738791938,-0.02315516630323572
0.0466589709803476,-0.39592598090246844,1.125627176996234,1.0331563383948352,-1.1011383554406131,-0.14915605645086616,0.4740414882624021,1.5259299811754639,0.0032539881267425186,0.3597025717849014,-0.7228325661599216,-0.4564891171548557,0.3256281613828902,0.0741335399434081,0.6943144361306801,-0.7076208767453629,0.12584836921579012,-0.2970471829192662
0.5123225538397117,-1.0899319663804874,-1.4201372774058085,-0.39457198731385523,-1.340347025474819,0.8527218089886512,-0.5067148377097306,-1.0911561319112202,-0.24193647406851176,0.8236400507055798,0.2877671680043814,0.4654909397816889,-0.41139699915347305,-0.36515029944471356,-0.3617240518698443,0.20625799258909766,0.2140443705927748,-0.007459828951936254
-0.8867838774339316,-1.0161258010395418,-0.6624284086311294,-0.38286395994251776,0.31270773193785034,0.27674625240353373,-0.08477673112715624,-0.12055986132986576,0.9649912084432279,0.15315244064185285,-0.3120859706769121,-0.4468586095336268,0.07134262407245229,0.20502259573041481,-0.04870835976491744,0.06550156723112915,0.23167302919704913,0.15775044905274443
-0.48435364019250843,0.47205064306679545,0.3245328122459108,-0.22047556985905475,0.1361162857332303,-2.0436587091643466,-0.6697497814355086,-1.0746471702864246,0.09106727269893998,-0.3609984118034123,-0.47727954365107905,-0.46847989326850376,-0.4209201622067085,-0.32540633755443105,-0.02550487992434336,-0.2546948743890559,-0.0004063119485596678,-0.20105759816860425
-0.9355862575975349,-0.8704390654507679,-0.8581182271336296,0.11595329882471218,-0.08793938356428425,0.3546250826671977,0.07255915666797749,-0.15120356323215361,-1.0771904239757204,0.13882254500057328,0.5766188372150709,0.8814711024402606,-0.21333513992144565,0.34880510646125806,-0.08748954164070544,-0.45603721477833,-0.29787459947320594,0.14263668337439234
-1.6106057505533835,-0.6730507359218363,0.013056445168189823,1.4515984465815128,-1.4692190649253392,-0.5239563469122515,-0.7120242410500945,-0.5498123497445799,-0.0943461633839373,0.7208695325077698,0.11589263952494133,0.035546580440410314,-0.34207376230587466,0.5230164600736876,0.28845138875177834,-0.09306743086997965,0.007568936474285359,0.014075096660349062
1.5778529265816508,-0.8881724514542764,-0.8886773669929996,-0.3197091792997785,-0.10247479715288356,0.9328878566332727,-1.4167712473106198,1.4881332917370893,0.011380653547265612,0.5232286228477269,-0.3445423079580856,0.29949183198433976,-0.41288833771671746,-0.49554155812227374,-0.14566086378586965,0.3533319839215883,0.3032560639323999,0.08317809381292457
-1.5702577482695241,-0.7316119504760452,-0.08753177395106482,-0.09783647192626256,0.2679655423796066,0.5319970242059648,-0.5737769103621051,0.048205105105992435,1.0323325874891651,-0.22211494807996532,-0.06807262232243905,0.363309416212214,-0.62856075853355,0.2805364357509562,-0.002734554811920975,-0.5113727988701091,-0.15594070524590858,0.16353662615665515
1.3769342826492923,0.2257652203766949,-0.3134045159900405,2.9219936502670603,5.869017323625188,-0.7506533377482506,0.6318634672614388,0.7688216272679114,-0.010177335744585236,0.2172340785076391,0.81058835161711,0.44546861499552237,-0.5235869186698647,-0.21784222914118462,-0.5363483496085989,-0.3016814905968106,0.1264047395322624,0.48789586001341406
-0.9740617419518535,-1.1720667054123826,-0.8640376808887522,-0.281688133642086,0.11014005228999339,0.21102877663337294,0.13132243585608722,0.504724929493001,-0.3654678548502806,0.11012746060605746,0.9003149464880089,-0.4540197068896467,0.17552254743659534,0.21516110810503086,0.006919094618662303,0.2033333044716767,0.2529737497187421,-0.0013179296430653742
-1.6661165158079736,-0.6819242384115856,0.037042141715410315,-0.1337039484483623,0.3645627358669595,0.628154865374859,-0.39848227697932814,1.1454632251637014,0.14749824709241172,0.5711001837866692,0.015370079147640492,0.3572184395815532,-0.7125141426713425,-0.13792399570262892,-0.38330707376572254,0.276797318707192,0.2760629240342952,0.008034256877619772
-0.988041767498369,-0.06081331427282999,-1.0017710305412755,0.8451771284000369,-0.8572953903163063,-1.234414853055919,-0.2807529783939018,-0.7717206921599606,-0.20233378735703983,-0.8701808222238456,0.013458322597839745,-0.7202429094582987,-0.4042930138985934,-0.23754596378071918,-0.11991778852998375,-0.29159925656927255,-0.00871323052152273,-0.13751124851944027
-1.1090143705563367,-0.7145104472625008,-1.1511436452297459,-0.06730236075636988,-0.047580722095480296,-0.32319024555345716,-0.02602557377262285,0.05628993770755872,-1.2610613915395024,-0.26536577320386623,0.11902595775702363,-0.8219581814864836,-0.3853057374817206,-0.42984224120582104,0.46890813916639407,0.37661481809557046,-0.30244820681385376,-0.1409338570316969
-1.2825395936051756,-1.0317454162461843,-0.17243837082284252,0.9320950569448114,-0.5224556123931356,0.5483460643760785,-0.846666975305107,-0.734410945603077,-0.3284062943589043,0.3200203316863519,0.16651152951405002,-0.2815604589629846,0.9932053838678999,-0.3375353822420718,0.6703256239047979,-0.11073346055225447,-0.6746431601712265,-0.13013174576129946
0.7902857332628352,-1.1247738219783108,0.5750917254879735,0.08590338454591441,-1.8935817704978946,1.4050633933833252,1.615710237907463,-1.6170081835966865,-0.7530870138485088,-0.23317569991378037,0.15301760815351528,0.022479237369430527,-0.07525291527455436,-0.07977124054876855,-0.4320212207825925,-0.45383910013430084,-0.1128478577450237,0.2914081246729909
-1.011151906433752,-0.24252794097932573,-0.32318078424547775,0.33572834467450835,-0.946669263818224,-0.9849008152614185,-1.3756351416158097,0.4007680371729628,1.280758030861709,-0.8004915175628089,-0.26285546584473524,0.376531031812491,0.17891534507748463,0.28078450144191824,0.13174070998699133,0.18434000867745243,0.25577772238412255,0.187672254655535
-0.9478776000676252,-0.4582677709255878,-0.8024312691749523,-0.6540141737964363,0.46076551648463776,-0.17076734726841525,-0.03700885087184279,0.20187439353455267,-0.8173992528406542,-1.2595749218255956,-0.7924609524082432,0.25092232007893506,-0.33572869186886717,0.0460149287673578,0.09568439990654526,0.06968865093162119,0.32544410936414747,-0.1555027994193874
-0.42214828426679407,-0.3783491851512246,-0.44138166570301124,-0.5169800586412038,-0.988647943893597,-1.4910572900196817,1.082590719887917,0.7227066577180425,0.3559512535153034,-0.2701565271340819,-0.09614886861046151,0.046454521887466294,0.1554441489284747,0.19180744418582285,-0.4077423536595244,-0.1889244089567945,-0.16496297043547242,0.2993905806483273
-1.7049126167898623,-0.8122345822890373,-0.3741515012152243,-0.3716776464194276,0.07206463474908474,0.5571743971541365,-0.9826967218115571,0.21716314948206403,1.0516974361931999,0.24603318741227087,-0.305715918287424,-0.2951105227795174,0.4580774281695199,-0.054731484985378664,0.12338777020045749,-0.31817627594367726,0.1456536483656996,-0.4863240351222709
-0.4836448124773339,0.4831091329939914,0.37460656664272207,-0.5180033435270748,0.2475629843517922,-2.2378468241866214,-0.4502165357118756,-0.1109056326010929,-0.785555355328375,-0.2938887386610831,-0.2986946744163874,-0.24855038572607918,-0.3516041681291036,-0.24479863566072285,-0.08947013412962762,-0.17969140788672494,-0.024048252927410918,-0.20421557743258217
4.780520768948013,0.3741866617849413,0.9193626073950569,-1.2541499176410407,-2.6412031167693253,-0.3380244692654494,-0.5521652240486038,-0.02761404904069717,0.06892937096105693,0.2058819781909042,-0.05164347950205295,-0.24301514117841055,-0.17751137381466364,0.10018792436342605,-0.1455818865555651,-0.018755976788684292,-0.22599236259251226,-0.04197208210717246
-0.34504643190005396,0.18246976015751004,0.6573442838498733,-0.5439985014057892,0.2001314405261943,-2.0268404718044435,-0.27258580074706307,0.4268857416478507,0.18480165471836507,0.1066942766043846,0.4778716866209394,0.09404548806268703,0.23369965698785156,0.08826878246748115,-0.20815242204395995,-0.07048337582590097,-0.05731107570830024,0.1485565931158102
0.7398912769318893,0.24919272146853721,2.3991640419932763,0.7190209204847088,-0.7980864968587255,-0.42327639095474623,-1.0206388429254492,-0.12245005363583736,0.6110399897986516,0.045259868427595135,-0.05632619473910294,-0.1337835632544649,-0.14359260156819198,-0.42629290375104545,0.0657130639672932,-0.24086720492788516,0.12810803808482885,0.22972686508498624
0.15057192356002824,-0.7157217593071328,0.6740261494666733,-0.4138779636111496,-0.8849348545015708,0.7095279387097643,1.7961847511707247,0.7943185880591135,-0.08453390476348469,0.33492795811189974,-0.5348079417070787,-0.21041396970318088,-0.3075748602491466,-0.6143409210126131,0.08957554522736672,0.5416457770915863,-0.29717734061099277,0.17947412035814553
-0.914293895591919,3.649034120966852,-1.4543544582713959,1.0536267868990539,-0.9869745866211831,0.4908791149609463,0.27307413566102623,0.2742292161048225,-0.22323748891842343,-0.03615417419704764,0.6512188283143043,-0.6107309102007494,-0.08143755194787167,0.11679348313777205,-0.42537678147086605,-0.44073276770006414,-0.11960509429465732,-0.07920216532918908
-0.05439078482183829,-0.5747782168609736,0.7434849320400883,2.0675940048600396,-1.654997440152692,0.030659588321096692,0.04366169365266048,-0.6186010165259734,-0.36256020279899953,-0.13965843874822256,0.04837888180887573,0.07884890182970289,-0.15380302383931613,-0.03240699307538736,-0.40658631931749445,-0.3222304798983977,-0.18444007456299277,0.09696943634702432
-0.806078218852577,-0.7199853274908328,-0.5159750146618742,-0.3609130655709646,0.12499000889916571,-0.027272883436185794,0.24083634583789607,0.98907912974627,0.18857512485607814,0.5428954673094517,-0.04803787428555678,0.1603768399047861,-0.48285742570976853,-0.0494672672546268,0.5550312330910332,0.14789236922107446,-0.3726747969242056,0.37226549855151275
-1.7716151767699937,-0.6944824071453619,0.06685329163545628,-0.2872896011881385,0.04670043145702056,0.5544887653430463,-0.4878161148446297,-0.053170940578541354,1.0219039272021107,-0.4348704102758688,-0.12319472603466619,0.09145612614510606,-0.153925614317921,-0.17436535053367053,-0.9552117935441766,0.13962236384344967,-0.06568585098676033,0.06889263890919467
-0.46782457879264855,0.6098014612291965,0.3532192410354402,-0.4865876510293732,0.23259506576510214,-2.21934663632076,-0.41814807609748983,-0.15184878572343044,-0.7492844892337138,-0.720569599889751,-0.3209398215100835,0.20292928929030768,-0.21995219683341227,-0.18163542589158288,0.2972958894456107,0.20287244479351524,0.42504600267241666,-0.2230063157435398
0.45768036056175554,0.5532101859534058,1.8373734283381815,-0.1535465502294897,0.2692315998631068,0.467548162924713,0.04280562399326367,-0.007973318907882415,0.35908629377207557,-0.23997361312661988,0.18922072126392675,0.7019420778816998,0.20095958445546036,-0.46251490118843364,0.767531327600665,0.7250188343387054,-0.4986120252676779,-1.0259921188375851
-1.088970573123265,-0.9663593429923225,0.6565043018244745,0.28348135796390944,-0.08376213512918453,1.0793619526495597,-0.3031325429242261,0.2264360380212798,0.776457594773824,0.24889465771390246,-0.6480101318760414,-0.3325995915673163,-0.42195098867411296,0.3476377947257163,0.4513043165324431,-0.04506855719054492,0.18568575966095702,0.07596165469075516
1.3000694872184324,0.20966639831653122,2.297162654037291,2.5362781491021584,1.7880980541503637,-0.9005017240318133,-0.12922940286473042,1.0880741752456204,-0.2691396740652741,-0.025849772294000622,0.1477885168392521,-0.15709890787728226,-0.15174601247370872,-0.14831056144248372,-0.06440658958295886,-0.2730147542343765,-0.016274091971034188,0.3039974063455572
-0.9567658516866339,-1.1437798046906587,-0.7981277988245652,-0.10357813985724414,0.21239542862755023,0.1951993381672928,-0.21544339286586497,-0.7680221729268097,0.21899544510257213,0.4943663568088825,-0.8423064025009768,0.10793299855124527,0.3216534526404149,0.32394919810061507,-0.19129520492331203,0.08328737829222482,0.011585051165439841,0.1486481164575683
-0.8733986242158123,3.7784836004337645,-1.342309893057323,0.26458748211012006,-0.22492981823650998,1.1699240295732616,0.3175102787757992,0.4262523412855604,0.1369287392975055,-0.41651317657913955,-0.35422987189699007,0.080558461180193,0.04711203874975661,0.06468116351043118,0.07363736159253326,0.07197043224629196,-0.14878775114110893,0.2352164348639954
-0.8214537012022343,-0.7286825866838733,-0.5026744734943613,-0.5230344091658506,0.22314957303465827,-0.30147385255675097,0.1288361498146864,0.8699653033693346,0.1914503644689431,-0.40722126387591606,0.001627928029120873,0.11669591804324392,0.14239870215103606,0.003983205943774215,-0.0664571549496259,0.07882237599692293,-0.7455977483300549,0.4292163525997234
0.7830244497218708,0.03469559109002662,2.5225014335155755,-0.08653777083012475,0.27443732155768125,0.9953605760279982,-0.02106073662265477,-0.1154926805767694,-0.059260002717273746,-0.0892749743900961,0.10507288211078825,-0.21483446950059998,-0.33600671932103393,0.49860909624351313,-0.188200015849187,0.09568896018072359,-0.3169149699269482,-0.35851413832617185
-0.42852256602398525,-0.1759661632991525,0.511985451352519,-1.1696848377918216,0.8817570097429762,-0.9158066113629172,-0.26580073664835424,0.21239290570058153,0.004465316300744759,0.0017502029579223033,0.5490613281812851,0.13384880434412533,0.2435795380029102,-0.16026428759889783,0.08908538141025923,0.18002590245721356,-0.6045465478296095,0.3200665608682057
-1.1081631209300227,3.237670035132333,-1.82235341217171,0.9421945002284584,-0.6284360419158567,1.2591668868566306,0.17754416880020804,-0.4561508086018788,-1.127492636099517,0.8938201067540755,0.03175923413787074,-0.41218783149228305,0.2233702815062264,0.019686527090100547,-0.03903250093941196,0.11419286478661911,-0.4080832660372341,0.027526801496749076
-0.6910379852115611,-0.890230890084067,-0.5937551393852598,-0.7756535264445233,-0.42297336551024817,0.5840347339181631,-0.2488044799819751,-0.09511728801585925,0.9717432654847815,0.4771000970063448,-0.2368159111248645,-0.009275182712420893,-0.5669034226492491,0.15784976989435506,0.27498694687311787,-0.19923311026389906,0.25197727667405145,0.1701828538752696
0.645357314677481,-0.2736991388110219,2.4957727452820198,0.05569006743333875,0.2488007658562461,0.9803028036637413,-0.19215242103545568,-0.583984668289866,0.3043398611721134,-0.13978325846316794,-0.01170032351677025,-0.25973780987625555,-0.22243370041349753,-0.21196648187395328,-0.09350132898882485,-0.3164316347953451,0.08299724838810574,0.2570122225301344
1.95768757254838,0.6713628503174699,1.7656334482421727,-0.3647933163111695,-1.120433327231466,-0.8502980736085998,1.7943396190817926,-0.5448696912393471,0.3476936292016891,-0.23190953461977068,0.04325424825287211,0.362329516621002,-0.11446978055295748,0.06591713273103861,0.2803825348670832,0.6605178362912776,0.14296856074045639,-0.26986132536671215
-0.3327005355312996,-0.08404321280398341,-0.5213706047752253,-0.7209751215032589,-1.101646399485344,-1.505045155369991,2.2612344716037853,0.4462089831171577,0.47274881102852356,-0.581386895457239,-0.13771386778516997,0.5527084161862621,0.7136953157185543,-0.1061603678674291,0.07894783353819618,-0.26090083048866797,0.24919325304341877,-0.27111044969380166
-1.5125784487854368,-1.064737599828659,0.06003553550620544,0.7993267072024911,-0.6804234287799674,1.2189565124512636,-0.6944164347995545,-0.7183589625999667,-0.3184069963769141,0.5373407742916968,0.1793964459199976,0.29114962971696223,-0.24124065308007936,-0.4347543595918943,-0.10758950414629526,0.4793633615910305,0.10353430613612247,-0.3602003814878791
-1.9730266605452,-0.8576107301193427,-0.32812256387895333,0.23250646513132023,-0.3594904882570222,0.1810514265379047,-0.8365189827637353,-0.2306255301261061,0.6266461169315072,-0.6027319493205234,0.869766812803795,-0.2867280916738973,0.07243665187576365,-0.06448122212259372,0.1390694156362965,0.12680182385449174,-0.7127361781276198,0.19865763555676147
-0.7192418387269239,-0.5809425953642564,0.40880736625506775,0.491436348058729,-0.3939281300528077,1.3564548784560477,-0.05105460230291996,-0.44132802588893455,0.051220440574478804,0.6724508399749292,-1.1789538209322208,0.2855968638054037,-0.1892293681475764,-0.06426542582559197,-0.24249769555134726,0.4853165658967447,-0.11979509606659688,-0.13814891529093856
-0.7728686013710836,0.017798598532355436,-0.41723011770415946,0.12251618235450855,-0.4378649541699689,-1.2993696787195104,0.13961483086648474,1.1153502823317307,0.2951502594539573,-0.28076761803103867,-0.048324034367792035,-0.024121127151928656,0.21257271068944783,0.3528398410809044,-0.4088448019594704,-0.2791628341593514,-0.11660136615045541,0.6354133495181886
0.5570964131532917,-1.4386097221336718,-1.1601579152764459,-0.2291704135719883,-0.890254807911324,0.45916045353338764,0.9803418902751095,-1.4729406595948942,-0.4403880592748986,0.302421676880521,0.021421952630988006,-0.3446688528240614,0.5896671382268563,0.11559301098806807,-0.039813935986986515,-0.005921074776239377,0.2451804951447838,0.014156219501314793
0.2419573940328129,0.0954245681343946,1.7706246319130694,-0.07131555884970191,0.4338397606122298,0.7315555822171379,-0.08470838805618079,-0.1926368436197938,-1.2343088286421497,1.2213864503180598,-0.3820571375015154,0.4065211400544315,0.5596593856455487,-0.31351952137772643,0.04497195161514539,-0.4964093987886706,0.35979455002549166,0.07059013391633862
0.8869208106180457,-0.5864066239047292,-0.15512885553924627,-0.8357402432523501,-0.2563527282645021,0.5473916354060039,2.318557978621295,-0.19879885203252137,0.5101615269190504,-0.28919139837627306,-0.3743374396342783,0.028639427300954146,-0.3998266451976555,0.7145582275328378,0.047027299995377525,-0.23298943474675562,-0.5864795636462089,-0.17079998022991047
7.215246922299936,-0.2710239018524818,-0.762195396631262,0.5357472592277771,1.7728282609511634,0.4317242136919063,0.025733492736604982,-0.038089586348790866,-0.0669208831568174,0.015113838432133458,0.11595591673927808,-0.14810262697157178,-0.09674548027429486,-0.02618560467248554,-0.05537945866449817,-0.16365278006933287,-0.07988088516762404,-0.06441671463963455
0.777876647085789,0.8922945045193895,2.387316661500204,0.6773706952881525,-0.5554942586785508,-0.43899929429504314,0.010871927666317463,0.16531053553909916,0.29820348023457444,-0.2865414663464778,0.03631627864089243,0.26724330747399067,-0.2215312586973464,0.6131853598077536,0.1979207510279274,0.7874758177441432,0.04328353174427357,-0.6673186836405733
-1.301137728402993,-0.15969015810417497,1.053682667803669,-1.2886519335189832,0.7572976440710086,-0.25428988121582535,-0.6393819976669725,0.2807138835349478,-0.03622102563656693,0.2640086811499108,0.6505426741189184,0.6032448035845975,-0.457303772166741,0.19217661338558634,0.07941074076504362,-0.3271957441917913,-0.03462360213152643,0.049804949822044586
-0.9636978337523106,-0.5849600991607928,-0.7810439435676705,-0.685429866294138,0.47573343507132787,-0.1892675351342767,-0.06907731048622844,0.24281754665689018,-0.8536701189353153,-0.8328940605969279,-0.7702158053145471,-0.2005573549374518,-0.4673806631645585,-0.017148281001782062,-0.291081623668693,-0.31287520174861894,-0.1236501462356801,-0.1367120611084298
-0.48046748903756326,4.331200023818486,-0.3276499682104425,-0.3820629465158508,0.4336776184718079,0.5555912707670952,-0.07712660768724149,-0.23132005638319278,-0.05005630887069282,-0.007541709745301189,0.19320352825517406,0.0977113474810744,0.14829287460163088,-0.09956633003224086,0.22917989795241844,0.17317395870658253,-0.0077365506406635864,0.12606664313247762
6.995787577861089,0.38348783330403224,-0.24098254109761674,0.8946095171854597,0.07946087638715903,-0.7742656327736389,-0.11351148190687912,0.2146281786191566,0.16743260153167266,-0.33616578139491937,-0.022485378042225,0.1230675484018598,-0.02948345594371632,0.17370321684574153,0.29468151778712837,0.2972149426374809,0.24217167877204793,-0.06547591820470844
-1.423707042027001,-0.997605492284378,1.198235090531364,-0.03579512950722409,-0.10415802373766934,0.8625154596370417,-0.37158198247267016,1.1744549257017118,-0.18258032351467493,-0.7342293079579614,-0.5182419868579416,-0.21708018560552583,0.5013336964753397,0.3354183633806611,-0.042941806596469956,-0.11281756565528744,-0.06332778295637392,-0.053267289142104046
-0.6064439939236037,0.41489924460329974,-0.4951809383442011,0.3198975933729792,-0.5516392699982373,-0.9949394043839281,0.14579686870769776,0.6367745706115708,0.9911322091887509,-0.594516201216874,-0.1608808374626342,0.4193457518263066,0.5138192693186052,0.8349638752920073,0.11571580327703945,0.2062922916898156,-0.2642271660663281,-1.0521979880410217
-0.7915972649803876,-0.11730660069086629,1.8738351093681114,1.2284329110526304,-1.3435463107277827,0.08866565500066083,-0.3028332278587563,1.5657693130049644,0.013739327082729888,-0.7605082165622501,-0.5472963020406509,0.447342562032603,-0.1847930634070775,0.09089479271663214,0.04543325534796644,0.18695178264438522,0.3272302113711919,0.17184260892672548
-0.07777933989671315,0.15364735403761065,2.87935116747531,1.1022455293453421,0.1921029339498213,-0.8362063741068201,-0.49916381203591587,0.8648137914852994,-0.31669428286020157,-0.27990434492341165,0.027876734255529223,-0.5079331073934408,0.47690960775104296,-0.0934035434817792,-0.4112828878101561,0.08978772286737652,-0.029032762155582648,0.23618070658514662
0.015344882997703646,0.290597579028698,3.0531535336325657,0.24813897559803305,-0.9225323117799693,-0.6087304921928319,0.3360405033877404,0.5468618033504833,-0.3141285885987504,0.06139950614324799,0.08368470807959993,-0.10245475539547072,-0.15298770458211586,-0.16779078364747074,-0.13173594325981292,-0.17567219003483092,0.011458982225383774,0.2620173837016552
-2.092813909717013,-1.1314010146917386,-0.4115059328368278,0.08488419680526128,-0.14549055094652746,0.5615461830533034,-0.7911136751232459,-0.2658781923488453,0.5243258468216416,0.024416044131595233,0.7349450648707214,-0.6321870993500578,0.06953672921627824,0.21891077109301338,0.09105541173448367,0.18835590211879888,0.23956642857764843,-0.07621095451600443
-0.41755583449588823,4.495442266886815,-0.2093988323773634,0.039688450802332784,-0.02932069023313623,-0.23342409523147245,-0.08606021244723917,-0.0858295878238032,0.07988476427423295,0.05627108458624744,0.1425910334425431,0.08499225601496335,0.11653132591315574,0.08617838888333207,-0.0026609301246066086,-0.01979365929775001,0.42559770030507116,-0.05123229593983247
-0.18848524818909035,-0.7263508094943114,0.6865770595842122,0.0682113221163315,-0.21158413542376497,0.5079709693812011,0.3429638763495606,1.1029997868243624,-0.05457149512633455,-0.3879136199140706,-0.36022414827403176,0.006060232423009959,-0.26191257470802076,0.19223759749479608,0.3908919782386542,-0.4327158580889455,-0.8451242491387079,0.5932391238049344
-0.4328771457119563,-0.3439415385397486,0.46627994408955,-1.0605476791308033,0.9754626293354859,-0.3984058265359902,-0.5056167077080898,-0.8407050144482513,0.8063244709705415,-0.09044925163995096,0.3751990866402519,-0.06073810239022864,0.14978800372666612,0.07106394169004182,-0.190256121017856,-0.17746710972983523,0.0077801724627269975,0.11006829697242265
0.5399068733365889,0.41464547484023984,2.2729361212747774,0.4368770568282683,-0.41212668193011576,-0.8289352314226869,0.05140550441569082,0.6256239073679253,-0.1484019983954028,-0.2581207338224728,0.12953160157489507,0.6245627327256975,0.011531373141100587,-0.4026488994029824,0.3299448980160328,0.3698466363248785,0.5917230956135179,0.008350874499856387
-0.9123297493733019,-0.8482628748497312,-0.720681277266707,-0.37159826775469806,0.3069130063149627,0.3765708739329395,-0.03835864652918476,-0.026238443851779064,1.0465853412303112,0.25688021381899984,-0.316449675754791,-0.3468962842301179,0.4858270648789673,-0.12095301843969392,0.09419521058186858,-0.3704274598810654,0.1758240087069728,-0.4223453201715073
0.22199826414562784,-0.21074219970717234,0.4083000270332915,-1.4396720768865183,0.5643215143239396,-0.34087266600721333,0.8765189366101188,-1.2566914718192195,0.8101748871212757,0.017521288038626875,0.3884193215323881,0.025568237962238338,0.0090582748435023,-0.48681219950326515,-0.862487559447427,0.15250794178885557,0.14693243559075786,0.0862661478600813
-0.8477084008567792,-0.5718781504212584,-0.6110010965267503,-0.21424094331001087,0.10590814879320874,-0.007461116005070337,-0.04427901131097524,0.0005451831620896519,1.1496671252833413,-0.37060316384109826,-0.18132064628344968,-0.0032712641956717525,0.4875671488799461,-0.4026001101200427,0.1404116696024444,-0.4321101176176025,-0.7778048278412799,-0.14772143736055052
-0.30096095968350256,-0.7026672353830943,0.4717563340297857,-0.12105084449120752,0.05480807566370387,0.8818385040698014,0.35849026580850707,1.0660620880305962,0.032480059351649576,-0.2831074980480307,-0.2753173440174184,0.49132380568301387,-0.3644526466983262,-0.48783973696242255,-0.38088905851560506,0.15370989653908002,-0.13495199897418825,-0.06966490328327818
-0.41755583449588823,4.495442266886815,-0.2093988323773634,0.039688450802332784,-0.02932069023313623,-0.23342409523147245,-0.08606021244723917,-0.0858295878238032,0.07988476427423295,0.05627108458624744,0.1425910334425431,0.08499225601496335,0.11653132591315574,0.08617838888333207,-0.0026609301246066086,-0.01979365929775001,0.42559770030507116,-0.05123229593983247
1.2876564708652158,3.9479269969653368,-1.1635338186153352,0.41503951615961754,1.0417892749126019,-0.2642747285952591,0.33580926875317896,-0.5529318487752792,-0.4855759787533711,0.5001325599086197,-0.19188008752760843,-0.20935030745876343,-0.03889936740983646,-0.24967728711519566,-0.3006227209974852,-0.3758391389433715,-0.358208051128256,-0.1500353088831028
-0.4739264170159287,-0.6530952344418302,-0.030959297232618255,1.6036068965409032,-1.366156432693395,-0.5422234069405891,-0.04859177119919522,-0.7232740126620452,-0.16614731579441605,-0.011189816585326168,0.14447849646896693,0.28764235438089514,-0.09098269157428007,0.30218014264054005,0.15921945815351723,-0.5942095927698736,-0.1674622167544106,-0.0033894017231965168
0.14509323455614698,-0.8808556350323704,0.36692972627084264,0.30765052708078827,0.17768418146360693,1.0977110414263151,-0.08770350643234436,1.2973413288418993,-0.09124975831431917,0.34413805358671334,-0.47773727687756584,0.05173016506816064,-0.30379635760732937,-0.4062876308345858,-0.004866623247908597,0.45083025340214117,0.3322209478797462,-0.11676430798005935
0.9645293362601779,-0.6178272997812919,-1.3592871810283427,-0.33741825019930205,0.13813279905057818,-0.04592507538233846,1.7759549580252592,-0.41662582370777007,1.1162285648484305,0.3981667353053139,-0.31119324725306624,-0.323784765501498,0.4039182498768148,-1.066763643989236,-0.2389327552040878,0.17385419826190424,-0.24479918710227516,-0.15381943929065436
0.6345285938826203,-1.20526763388459,-1.7832788407834168,-0.8765065673909499,-0.7163792264808335,0.11465090396317212,0.9339975797367782,-0.43779912620139455,-1.0754185754417185,0.6223856895487816,0.323089595443545,0.16656659618318795,0.9075017097983334,-0.1519358221353893,-0.03286686167270064,-0.2905313073018648,0.04916376252631993,-0.46074507015215954
-0.6203171038259532,-0.409072004922584,1.3621501673446341,1.5722880963293473,-1.9738382002397334,-0.031575942783140326,0.4606299427802134,0.14703824382074246,-1.2974294476240427,-0.5294755257101247,0.27992696298678477,0.6843902103586317,0.07492644113003344,0.1606948397308463,-0.002149195935007453,0.11194958700683183,0.19633064957830082,0.18128559069819433
-0.3404214135461788,-0.19114041743006527,0.6019755954142696,-0.9022488780716351,0.9096911708261824,-0.18202119010362405,-0.4737139161029764,-0.8093723718290726,0.8237038603923439,-0.012649374582729939,0.41637719386950045,0.07844232871732132,-0.021281580656238752,-0.40912259219788016,-0.8080120496706026,0.1870758541643131,0.10466906980707369,0.027177504255212426
-0.16403707789805555,-0.4884375141099764,0.5728266833079303,1.347639238725185,-1.2895894449905523,-0.2748425248153999,0.3260474399466221,0.8677150404838752,-0.4853233606093456,0.4169672107283643,0.8505351288967511,-0.5156216444852733,-0.5187888573106347,0.16913852992958767,-0.17248985146545728,-0.17158726572206,0.36964833992499213,0.3946232769310272
-1.325020229746823,-0.0870004911192388,0.546882914736242,0.35885411107693765,-0.9302160254928646,-0.7290065583198679,-0.18942035242640845,1.4355897533124256,0.40007317617804866,0.03786087077911848,-0.2930412804700242,0.4914494207690425,0.011144950482093796,0.03079545519455351,0.17133194616180503,-0.9587350105238674,-0.21354441188722884,-0.3635460701898636
-0.49948313030617225,0.11114128780925703,0.2975618200999557,0.084147052574488,-0.03656488316678515,-1.7869394928349047,-0.5987886227725561,-1.137934524864617,0.26056053575152793,1.0432953883362568,-0.36643005313196364,0.05242044277214858,0.5203740025493209,0.09038091319180641,-0.04814679621886575,0.21794204569597614,0.19898856490064698,0.19145155748289405
-0.14338814162285854,-0.07621703199039742,2.5953878567459183,0.7898447456571355,0.6745269422528126,0.6041525213127216,-0.7020099230794933,-0.29073745679778856,0.4586116700007071,-0.09419648928439214,0.03797108082235773,-0.12269764653827236,-0.16146721908584932,-0.6169363546135134,0.35809224414639884,0.007508743808919416,-0.4535226870310963,0.3771860727951573
6.1335384073060935,0.2926262460323964,0.1587892279033185,1.690723912539332,1.175034041763452,-1.0080210461676644,0.9967401200689358,0.11090358166001105,0.1665276026432283,0.05280327121535669,0.02154035305157742,-0.40013444813395266,-0.18616137032655034,0.15565464637996906,-0.12531790540837007,-0.11064095059073942,-0.23690783763533557,-0.048822556273472706
-0.8892188579004976,3.651791272198559,-1.320922567450041,0.2331717896124184,-0.20996189964981993,1.1514238417074,0.28544181916141353,0.4671954944078979,0.1006578732028444,0.010167684649528247,-0.33198472480329405,-0.37092121383619386,-0.08453993254593473,0.001517953741291267,-0.31312866198270506,-0.3105934204339482,-0.5978820067409365,0.2540071731749531
-0.6595124766624487,-1.162839931828232,0.9336093691432297,-0.25321061841066184,-0.46252376934385697,1.0001826988857427,-0.2511575397136008,1.2006298575396956,-0.28704114136273123,-0.11201182952636199,-0.7012000806622491,-0.737654130200379,0.4830784185666688,0.4112197496143907,0.16616671168051633,0.18465781965566558,0.23759027933325527,-0.023589935728548783
-0.3753639270176578,-0.7266959765770726,0.2881960589464214,-0.22879510877470166,0.09502092977920427,0.662827386159027,0.34627897086851245,0.9327268253633538,0.03814923044116694,-0.7110797673840189,-0.3329975130536965,0.7897555248866142,-0.1548317731491158,0.2960394725565083,0.5712459758240991,0.030758201616055303,0.31018329948242396,0.08744077117717047
0.7141172278812882,0.767449749881008,2.6055352827279084,0.6235191927903813,-0.5208872995275807,-0.5164936194600831,0.0905106906904637,0.6735550776990258,-0.35754853241800805,-0.347811019249085,0.08996480853365374,0.2455117266793126,0.07318381369684968,-0.03127486625662257,0.23021855000468416,0.06564001991566959,0.5487611658751962,0.6544167450334248
-0.5556552926045508,0.0833901625319371,0.16215490127511667,-1.0031368287543874,1.0079262545743939,-0.5909119910523066,-0.6511789830585165,-1.4194395418195322,-0.12776167298153757,-0.9177131281340865,-0.4236124214907707,0.04814569883739189,-0.30386385009459776,-0.19884026666902238,0.31519219047171465,0.09588871088958084,0.49013725084344417,-0.26149461188692724
-0.251773742186482,-0.853936542904332,0.5663138317963949,0.041285344335208876,-0.04067696614206891,1.0662787992132223,0.39805482373467493,1.146811101314619,-0.08904598500394964,0.333500850833186,-0.46984384799611656,0.009716314102672985,-0.2896700929785933,-0.4028033826919997,-0.1119772493414865,0.29440728159116564,0.3409724091941866,-0.11774373266121727
2.020232546818777,0.11557268510669005,2.042183689024636,-1.1889004926663502,-0.665810503765493,0.8457210633891606,1.6768398579710089,-0.7938905220998942,-0.05994023415205538,-0.45083224672668776,0.031113841158724675,0.17972310807923836,-0.14558314899441915,0.4167480756522115,0.12556798470368952,0.4253352351496041,0.2086089312931253,-0.27295759374180495
1.653129019943993,-1.2976455309385628,-2.1140621610288584,0.5837312356554151,0.9742558349369624,-0.1011166649794966,1.740935287820705,-0.42769560624262243,-1.0992187261217294,0.7643270466528983,0.447793652844117,0.3979368481166816,-0.14491497201032716,0.13689156213711784,0.15295080073693168,-0.2089644651709714,0.1131904248997333,0.17203108168266196
-0.9939837411649517,-0.3628718498168835,0.6653112386715083,0.4381991174329052,-0.01913072798316294,1.3168360699232196,-0.6587204195139915,0.30638293327879335,0.9454902786404549,-0.7504078683849419,-0.46311512563808616,0.7287802180726524,-0.31239804698623,-0.22072077085424108,0.08012974043670656,0.5995866207658962,0.22342485049184757,-0.24617909594542708
-0.43216831799678174,-0.33288304861255313,0.5163536984863613,-1.3580754527988232,1.0869093279540478,-0.592593941558265,-0.28608346198445667,0.12303652323708039,-0.07029815705677345,-0.023339578497621777,0.5537839558749436,0.1591914051521959,0.21910399780427092,0.15167164358374996,-0.25422137522314026,-0.10246364322750429,-0.015861768516124253,0.10691031770844478
-0.4584230176513267,-0.17607861234993805,0.4080270754539723,-1.0492819869429837,0.9696679037125983,-0.29858120500658447,-0.4591986231101183,-0.7463835969701647,0.8879186037576248,0.013278521537196025,0.37083538156237306,0.03922422291328026,0.5642724445331812,-0.2549116724800671,-0.04735255067106997,-0.6133961368420298,-0.04806884802734934,-0.4700274722518291
-1.0447525439197303,-1.310779198990695,-1.0498108254789993,0.2951254601112077,-0.10161894963886862,0.32366997741940673,-0.21887747160625462,-1.1064789197892748,-0.23484099016362153,0.384231703630758,0.19150964542925264,-0.11915760634719913,0.35651738192695315,0.253480008581523,-0.07170249633444808,0.14611564903044144,0.05652771266598422,-0.007262282974263623
-0.41041789756332236,-0.7278845969734344,-0.5963835967546547,-1.2334752915867309,-0.5367634011489484,-0.21032554241218893,2.121336362265907,0.34298748742511004,0.16983415584247857,0.5880968334137455,-0.08859916308456911,0.09314313683487324,-0.4487826661087326,-0.14290206954976703,0.4737610867763373,0.11425679469987121,-0.3210173282751777,0.44078937873080143
0.7620564134011036,0.7656021762841844,2.4087039871074856,0.6459550027904509,-0.5405263400918606,-0.4574994821609045,-0.021196531948068184,0.20625368866143676,0.2619326141399133,0.14013939488218993,0.0585614257345885,-0.1842363675423962,-0.3531832299930378,0.5500221500386137,-0.18884527254731082,0.4049119650639031,-0.4058107238555539,-0.6485279453296158
0.242706026663005,0.3321730159375105,1.1220329387838077,1.2158345785298452,-1.1722028336479604,0.11053436009047192,0.450006620244901,0.9403209074160475,0.691453052136733,-0.6223881503370194,-0.5711847656528041,0.4407523133826529,0.028538981590802315,0.20204173777796164,0.16367928922397557,0.2359056832506778,-0.18036316334461322,-0.9630182661618232
-0.9644066614674851,-0.5960185890879888,-0.8311176979644818,-0.38790209262611797,0.36428673645276594,0.004920579887998086,-0.28861055620986154,-0.7209239910284415,0.022952509091999668,-0.900003733739257,-0.9488006745492388,-0.4204868624798764,-0.5366966572421634,-0.09775598289549026,-0.2271163694634088,-0.3878786682509499,-0.1000082052568288,-0.13355408184445186
-0.48046748903756326,4.331200023818486,-0.3276499682104425,-0.3820629465158508,0.4336776184718079,0.5555912707670952,-0.07712660768724149,-0.23132005638319278,-0.05005630887069282,-0.007541709745301189,0.19320352825517406,0.0977113474810744,0.14829287460163088,-0.09956633003224086,0.22917989795241844,0.17317395870658253,-0.0077365506406635864,0.12606664313247762
-0.48046748903756326,4.331200023818486,-0.3276499682104425,-0.3820629465158508,0.4336776184718079,0.5555912707670952,-0.07712660768724149,-0.23132005638319278,-0.05005630887069282,-0.007541709745301189,0.19320352825517406,0.0977113474810744,0.14829287460163088,-0.09956633003224086,0.22917989795241844,0.17317395870658253,-0.0077365506406635864,0.12606664313247762
-0.48046748903756326,4.331200023818486,-0.3276499682104425,-0.3820629465158508,0.4336776184718079,0.5555912707670952,-0.07712660768724149,-0.23132005638319278,-0.05005630887069282,-0.007541709745301189,0.19320352825517406,0.0977113474810744,0.14829287460163088,-0.09956633003224086,0.22917989795241844,0.17317395870658253,-0.0077365506406635864,0.12606664313247762
-1.051684525985407,-0.7519594934608296,-1.0327269702221047,-0.2867262663256862,0.161719056804909,-0.060796895882162735,-0.07251138922661807,-0.09563920020557487,-1.307506554201509,-0.9430287137750526,0.26360024261568227,-0.42764795983589626,-0.4325167338780203,-0.08761747052087426,-0.17148891507982908,-0.2500469310104024,-0.07870748473513578,-0.29262246054026175
-1.0111485328081586,-0.5964750757141888,-0.41726701939926086,-0.8389089837063285,-0.5433120809690766,-0.10712856768730027,0.7146541752117781,-0.4531958108425204,1.0926274368694433,-0.8728871682473163,-0.22239680624306207,0.33172342274132954,0.2129443922058929,-0.04271086587581702,0.3428985473736015,0.3921600649320685,-0.254214022632471,0.427290150155405
-0.8972659117234418,-0.9259065380621052,-0.7713765786222351,-0.2813057317066988,0.09931959439262088,0.16870964436587668,0.13718780535258007,0.401209020921031,-0.3008786780601077,-0.9691265597382526,1.0179214565593129,0.3664275889692569,0.28443906253462636,0.30861315737646977,0.09659482058107682,0.24172495373066188,0.3371239480838022,0.0413589716971729
-1.0246734302960367,-0.7044279382758651,-0.8950923714414696,-0.6543965757318235,0.4715859743820103,-0.12844821500091896,-0.04287422036833559,0.30539030210652257,-0.8819884296308271,-0.18032090148128563,-0.9100674624795471,-0.5695249757799685,-0.4446452069668981,-0.047437120504081,0.006008673944130738,0.03129700167263599,0.24129391099908737,-0.19817970075962568
7.308669158232463,-0.7490595669881246,-2.7716705002710613,1.4073219768181713,-0.6337058118893878,-0.685979953510627,-0.6347805708709882,0.5810886727013946,-0.11180132707644568,-0.7385142245993243,0.6671517255900625,-0.9692188884614175,0.4819863147195351,0.5855728405936332,0.14204529778411917,-0.11743746073495465,-0.4424934184807868,0.013527610071747687
-0.9804009577175177,-0.6085745298755005,-0.9687811314013588,1.1295010811689106,-1.0091866981415218,-1.0441360947766243,-0.20758581504990506,-0.8188188740583289,-0.006290851346467383,0.5241892683242939,0.11995259464610175,-0.1918230484271773,0.4540570959839849,0.1841592172153863,-0.08409662398988699,0.17956678997390213,0.10288002590074585,0.14469094978257974
-0.3788041043984067,-0.7357630634931296,-0.6706322824385732,-0.7358994321526674,-0.12652742034659306,-0.12764238580362908,1.09811486476842,0.69909056481043,0.1765546365656408,0.5670182303965307,-0.06739501210189586,0.12635826559421787,-0.4602031669120629,-0.10792612016401082,0.5194074958057557,0.11951624537242772,-0.34384533515168725,0.4199596218944694
-0.5220131313705969,-0.27070218153807857,0.3291277999810356,-1.3087413123252412,1.0748593774776103,-0.45919373000869135,-0.24757100510338884,0.18317478208083202,-0.11810465531522796,0.6717443358914231,0.3904191092457481,-0.21069317799186144,0.27339797833205326,0.12897299426128106,0.06373933847369839,0.1838266435010067,0.37528708062199,0.13251519841570158
-1.6839284206544347,-0.8383347357948507,-0.13447210176874713,-0.3081428012335986,0.4091972889157674,0.4174209762303378,-0.48596590342378876,1.125665682440549,0.128183115814322,0.4952204392351268,-0.02639347936270392,0.22031739470140946,-0.5393477971052129,0.33791087974906986,0.23647910266213779,-0.08973799997883675,0.1807285146428227,0.09446209773065023
-0.5714755262892361,-0.04330216570326795,0.18354222688239852,-1.034552521252089,1.0228941731610839,-0.6094121789181681,-0.6832474426729022,-1.3784963886971948,-0.16403253907619864,-0.4910322669054187,-0.4013672743970747,-0.40333397617899497,-0.43551582139028916,-0.26200347643816235,-0.07157383310352367,-0.28667514179065934,0.04104299524361654,-0.24270387357596962
-0.41755583449588823,4.495442266886815,-0.2093988323773634,0.039688450802332784,-0.02932069023313623,-0.23342409523147245,-0.08606021244723917,-0.0858295878238032,0.07988476427423295,0.05627108458624744,0.1425910334425431,0.08499225601496335,0.11653132591315574,0.08617838888333207,-0.0026609301246066086,-0.01979365929775001,0.42559770030507116,-0.05123229593983247
-0.41755583449588823,4.495442266886815,-0.2093988323773634,0.039688450802332784,-0.02932069023313623,-0.23342409523147245,-0.08606021244723917,-0.0858295878238032,0.07988476427423295,0.05627108458624744,0.1425910334425431,0.08499225601496335,0.11653132591315574,0.08617838888333207,-0.0026609301246066086,-0.01979365929775001,0.42559770030507116,-0.05123229593983247
0.6995522882553789,-0.6807494977351107,-1.2635007244095802,0.7010957596204639,1.992176944688814,-0.7287976915989769,1.6406346234281282,0.6665391849103672,0.2485626740364646,-0.8651106047194017,-0.0033574914339608575,0.4503306229395679,0.3090639771824806,-0.010377276518319989,0.2978914998965916,0.3364655227025127,-0.27154253758064606,0.5217810577203246
-0.6280834610020494,-0.6880436789350237,-0.18469655027915133,0.9256274278115202,-0.8064146016280904,-0.9859421902418855,-0.1394860371590024,-0.3996222239926904,0.38629895313442125,0.590669584409831,-1.249756067778177,-0.0603978464635897,0.45679959842222106,0.3260928967032828,-0.006964437523382272,0.1549819015331924,0.020500697644302845,0.20099198097276966
0.0028964000545098623,-0.9768991581591739,-0.9436146520860146,1.1727565361344443,1.438834954329096,0.15719172518217667,-0.6660932662225536,-0.5209704681418537,0.20831758344352702,-0.6605778151274839,-0.7467182826571235,0.7976030860793211,0.4864040543357656,0.535960222522556,-0.08764594590575409,-0.1350366956993866,0.19289796251163127,0.2332221536590548
-1.0595644645888174,-0.3163826765162987,-0.9550068481486221,-0.6345323205974968,0.49219701639416497,-0.015310180722152303,-0.02531047521782863,0.3362824451216497,-0.9586248730634332,-0.1588113292828703,-0.8888297833161145,-0.6705387046937028,-0.3645913174134277,0.05288644456667013,-0.03914116961149461,-0.07617893020052385,0.3230548210573775,0.1795272639112349
0.5046291082180744,0.14957487270558478,1.944615302025264,0.041085484733113284,0.3507702753057443,0.7570171054946891,-0.22963406914318915,-0.8814849926234223,-0.7094676998806722,0.4742900228909559,-0.3237897261819034,0.567551314251779,-0.12245036483167548,0.787681370906753,-0.40013090502997867,0.13416772518339032,-0.49017152174482337,-0.37657128723221445
-0.618765884362692,-0.16760491868275196,0.5948221829324445,-1.082171931941876,0.9565173764845348,-0.9078788264514893,-0.3205729762542415,0.2423483194434943,0.009335128813194968,-0.004975175489775857,0.5531797962380858,0.1358345191967973,0.23658863736232305,-0.14406645568105664,0.09168725790828258,0.1874049055209644,-0.6118887635036971,0.3072577683358944
0.08919931607143561,-0.5811685501546557,1.5943853231675151,-0.855472795730971,0.78247666914681,0.06678619863541292,-0.11811690415710838,0.30028933295707677,-0.4008362841848812,0.3182159171355772,0.049578988859216355,-0.6158303200224922,0.6713084697137296,-0.05927729715740976,0.4887856180801189,0.267299036984802,0.19399463625208202,0.21412714826429896
-0.8916056347979352,-0.9364539333323052,-0.8564018365061961,0.4265959150791663,-0.2064515109824161,0.4947324941391179,-0.12721499620444507,-1.153453757433942,-0.14480874229080176,-0.3974787446438264,0.39930201035087887,1.1139382322157634,-0.1825576870334811,0.32377042415685964,0.34237132005580206,-0.09059491190767688,0.14865680520212599,0.039931403968959944
-1.0253822580112113,-0.7154864282030611,-0.9451661258382809,-0.35686880206380345,0.36013927576344834,0.06573990002135578,-0.26240746609196874,-0.658351235578809,-0.00536580160351216,-0.2474305746236148,-1.0886523317142387,-0.7894544833223931,-0.5139612010445029,-0.1280448223977892,0.06997392814941494,-0.043706464829694924,0.2649358519779387,-0.19502172149564775
0.23584307536870797,-0.5964326582619595,-0.8658654892456306,1.4022942346790506,-1.3209172998142487,-0.6420236336294636,0.22384576142999893,-0.8362379249392318,-0.17349852908233276,0.8139954297856985,0.04554074904716532,0.014038791767706782,-0.13192002579247283,0.3451225917274203,0.3391070513184513,-0.42798163355859425,0.29435893276304603,0.1936277709204966
-0.8549527513654923,3.8602629766240364,-1.3507835477619192,0.8861403284459708,-0.8456844781874204,0.4467851818834537,0.3072583477297641,0.40375225748027616,0.03920533404165953,-0.40983108287958225,0.112953536121009,-0.04683041207528432,0.03152451772569376,0.21750013497491516,-0.09752282997007408,-0.09088907486280351,0.30830027779038904,-0.01950098143743273
-0.5707666985740616,-0.03224367577607201,0.2336159812792098,-1.332080294920109,1.134340871779646,-0.8036002939404429,-0.4637141969492692,-0.414754851011863,-1.0406551671035136,-0.4239225937630895,-0.22278240516238312,-0.1834044686365704,-0.36619982731268425,-0.18139577454445416,-0.13553908730880787,-0.2116716752883284,0.017401054264765237,-0.24586185283994755
-0.6684647594159892,-0.38631155939873896,-0.5698318706323667,-0.37473939911069043,0.2577416975037013,0.5951832855875482,0.1658128592811566,0.3986609142219866,0.6152921589190028,0.5485197629180083,-0.10802551835173263,-0.023269409542537867,-0.6721689298279863,1.1077286676108438,0.16146564421649434,0.29674719194431803,-0.2431001425780539,-0.5519086099613881
-2.1137943454663333,-0.9960249118281286,-0.23953121691320223,0.18695310169037072,-0.19780626374243143,0.4313407219385307,-0.5756278775331294,0.030584801610891693,-1.0419158041924188,0.07492343116336769,0.6141027614650985,0.921499784450698,-0.28424298432000383,0.4314366551721637,-0.0904744854890886,-0.33501954217546737,-0.3629015866320344,-0.027790896111599073
0.32735288272497065,0.5040138932999969,1.6159620534222745,-0.5687675025456965,0.623156170555152,0.47369667536365834,-0.11290230979438406,-0.30332317346767407,0.10994024412372937,-0.3253118832554952,0.2697867839595465,0.29225380651823835,-0.25496326378966505,1.2778360814641063,0.5612399664411187,0.018292428968098906,0.035556697752487376,0.28005632021561694
-0.8250994531750308,-0.885599471997274,-0.4983062263605191,-0.7114250241728524,0.42830189124572987,0.02173881724790129,0.10855342447858403,0.7806089209058336,0.11668689111142487,-0.43231104533146014,0.006350555722779483,0.1420385188513145,0.11792316195239677,0.31591913712642195,-0.4097639115830254,-0.20366716968779489,-0.15691296901656954,0.2160601094399625
-0.8824292977459606,-0.8481504257989456,-0.6167229013681603,-0.4920011186035361,0.21900211234534067,-0.2406545324233933,0.15503923993257926,0.9325380588189671,0.16313205377343126,0.24535189523972617,-0.13822372913587905,-0.25227170279927286,0.1651341583486965,-0.026305633558524666,0.2306331426631978,0.4229945794181778,-0.38065369109528746,0.36774871294852746
-0.7065093110090046,-0.885342980626121,-0.42874231419937137,0.34239412186142004,-0.23489063817344663,0.5658010496649132,0.03171812320309375,-0.13124194854787463,-1.24039835348216,-0.20860781551633537,0.4722995995411797,0.34042998242068656,0.298792819900648,0.16417153514037508,-1.2189208608255926,0.02577074418965697,-0.1257168557446533,0.12720065953118936
-0.4836448124773339,0.4831091329939914,0.37460656664272207,-0.5180033435270748,0.2475629843517922,-2.2378468241866214,-0.4502165357118756,-0.1109056326010929,-0.785555355328375,-0.2938887386610831,-0.2986946744163874,-0.24855038572607918,-0.3516041681291036,-0.24479863566072285,-0.08947013412962762,-0.17969140788672494,-0.024048252927410918,-0.20421557743258217
0.6460661423926556,-0.262640648883826,2.545846499678831,-0.24183770623468126,0.360247464474808,0.7861146886414668,0.027380824688177388,0.3797568693954659,-0.5722827668552015,-0.07267358532083876,0.16688454571792133,-0.03980830233383098,-0.1531177063358926,-0.1313587799802451,-0.15746658319410906,-0.24142816829301417,0.05935530740925443,0.2538542432661565
-1.496361260242647,-0.594906895886236,0.02984076652682255,-0.010765372342052451,-0.42804444954910054,0.9137914772235765,-0.039837763887072636,0.7010519416521248,-0.29959323769180096,-0.10566440493309218,1.1156740178937554,0.4811301733594775,-0.2237323516179101,-0.4152956795063108,-0.4641847263540072,-0.6445160375795342,0.027054164834494854,-0.6392642350303013
1.4835697540911192,-1.2637441921749388,-0.7913778077908751,0.8267299567654848,0.6682414719518771,0.5911912785294556,1.7486579145286436,0.46050551206521567,-0.628951981366339,0.12598745985434526,0.7337041668143125,-0.5558663594298607,-0.20072620959051807,0.0968497814072965,0.5113766648534144,-0.05856907243527204,0.2962968831985917,-0.021800018544392785
-0.7545026621404978,-0.9384679311319715,1.3021000722279756,1.6759504662829583,-0.1093955942356482,1.6366171559406264,-0.2782910202865765,-0.10524304154791359,0.05752448355812441,-0.6841166852689764,0.7620781562175429,-0.4737791693427869,-0.4100396198186212,0.013655592707058184,-0.19005985636100706,-0.40214403660479003,0.0008817948876664872,0.14687097282044131
-0.3623124111343092,0.014280214427071725,2.2890221271964997,-0.060848613484588074,0.6996184103455044,0.15913413909633478,-0.30117776640377814,0.6011718251104468,-0.2739614963083478,-0.1893574936812463,0.18284716016432423,-0.13562196425416878,0.9422726101819788,-0.9702493224940272,0.04435754346796594,-0.040806583032171495,-0.6354905929684143,-0.20995207243908975
-1.5043083664932395,-1.1071793555438638,-0.5014388005746477,-0.36289065347335336,0.25591076871747803,0.07823688356500129,-0.35100947875245203,0.29379911137462017,-0.6494839133777944,0.5494769005923843,-0.6568542286128675,0.34948262327431934,0.3718669195171933,0.4501469224020592,-0.24406634676391348,0.1924120779836372,-0.029870231624525956,0.10046986485564474
0.8637034893910507,-0.7966882285531958,0.4662037121530007,-0.20435145751583628,-1.102800249146625,1.76324942364019,-1.840077574230435,1.7227108159849949,-0.26371563733492115,0.4725969382967322,-0.5883016547821919,-0.010178304996609044,0.2545082803888805,-0.6453874336761856,0.1676783799517123,-0.46246729070323844,0.3468075112623086,-0.2805193931627309
-0.48046748903756326,4.331200023818486,-0.3276499682104425,-0.3820629465158508,0.4336776184718079,0.5555912707670952,-0.07712660768724149,-0.23132005638319278,-0.05005630887069282,-0.007541709745301189,0.19320352825517406,0.0977113474810744,0.14829287460163088,-0.09956633003224086,0.22917989795241844,0.17317395870658253,-0.0077365506406635864,0.12606664313247762
-1.021736506038415,-0.5585695428896602,-0.9495343729721231,-0.16847818705680173,0.15498695755237663,-0.25747276978329636,-0.24212474075586635,-0.568994853115308,0.06939767175400612,-0.22234079316807084,-1.0933749594078972,-0.8147970841304637,-0.4894856608458637,-0.4399807535804371,0.4132806847828143,0.23878308085502292,-0.32374892733554683,0.018134521664113057
-0.8804147727932504,-1.0156147063825463,-0.6973799121182791,0.02750991317532732,0.11838332518137522,0.4085809871545002,-0.12964628696054822,-0.7114811019995069,0.244438516185219,0.7919099288786082,-0.7521205476506545,0.5205815412553043,-0.32633813141805024,0.3007875644045128,0.1331028855045236,-0.1918148319048787,0.019563945336521615,0.1531649020605536
-0.950544128556801,-0.4464318330904291,-0.7955203559698085,-0.34469885489692353,0.3254162841628849,0.4624651780985166,-0.05490361921347421,-0.09210221492061951,0.8688665774476791,0.2171727681136706,-0.3143614809776749,-0.5487893007489015,0.18295503795604473,0.3129363509809959,-0.07298778723652782,-0.09985628133477459,0.33963873115868615,0.6225299340820578
0.40359866577569914,-0.04467303383814181,2.095230346077151,-0.4545506417496241,0.5297082611413065,0.6591787604610978,0.03315945564167551,0.43808796636640307,-0.3413091138579241,0.10874917008960341,0.2617560562122099,0.2922887291973182,0.2960433834032865,-0.742987045636522,0.013062564150465139,-0.6268362582207722,-0.010950299023726073,-0.36948617814972495
-0.12535803065974627,0.9271623756660625,0.6900546747684781,-0.18771838025654308,0.027787194890186537,-1.4828851385902782,-0.2106380262404247,0.01634709865054343,0.8330688071598398,-0.15506032345917262,0.43062927807147977,0.6096417523233636,0.42587747172201174,-0.024762279597651315,-0.3269721894297602,0.5778115421100307,0.05655277940959491,-1.145589088728938
-0.5513007129165797,0.2513655377725341,0.20786040853808574,-1.1122739874154055,0.914220634981884,-1.1083127758792335,-0.4113630119987811,-0.3663416216706994,-0.9296208276513342,-0.8255136735362134,-0.24975017994973772,0.24273260557174586,-0.21007231581835362,-0.4301684959579621,0.5945336928998299,0.45338172307662966,-0.1221894694488927,-0.05149634799114433
-1.0221077260806315,-0.8220439783760296,-1.0304195236430063,0.1582522815748465,-0.09788156987648948,0.5152690243299612,0.1451803313838418,0.005690609695565535,-1.023914601884149,0.8951234772933626,0.4324034749721919,0.6124658069012527,0.2238847570827298,-0.007459347211149603,0.35250432631890427,-0.5477940384692697,0.011220437271485029,-0.4989267255010553
-0.8797059450780759,-1.0045562164553508,-0.6473061577214678,-0.2700178604926927,0.22983002379993717,0.21439287213222546,0.08988695876308492,0.25226043568582474,-0.632184111842096,0.8590196020209374,-0.573535678415963,0.7405110487977289,-0.2570221373404453,0.38139526629822107,0.06913763129923944,-0.11681136540254772,-0.00407799564232969,0.15000692279657574
0.5306439015599616,0.6857656608091468,1.8417832497931508,2.163135943912131,1.9073788635344464,-1.0976677519591753,0.016770163214580594,1.0236026894978023,-0.11678643580425974,0.142741116582996,0.28299012557843883,0.1312415899099259,-0.1143860547540137,-0.4176435273356641,-0.03711386405870537,0.03418856855014091,0.07283744976621376,0.38403396915539795
0.6982969941966028,0.6407574216458028,2.6269226083351906,0.5921035002926797,-0.5059193809408905,-0.5349938073259445,0.05844223107607806,0.7144982308213632,-0.3938193985126691,0.07886984197958283,0.11220995562734992,-0.20596794833707427,-0.05846815759884172,-0.09443807602576254,-0.15654747357055415,-0.3169238327645706,0.09966691027536856,0.6732074833443824
-0.17380730091685137,-0.8179538471887742,0.594636009495374,1.9713434024776295,-1.522336082277588,-0.15297889955859684,-0.027947239369066706,-0.7125077586275343,-0.4590020181555305,0.2416932442837955,-0.07217560603273121,-0.628240401936484,0.6281091213356818,-0.1908340616912329,-0.25563360327867896,0.25142878251723105,0.2250670973037907,0.13866158104620102
-0.9280400072131085,-1.3360579571721882,-0.7650360100561533,0.10259524003533528,-0.08244104762618025,0.28558359261818833,0.05805606051813554,-0.07076812597473761,-1.163918912295213,0.3354405713805283,0.2943431341540381,-0.012454382564594801,0.5488675670675933,0.2086599101133434,-0.004083791356431332,0.3083685885141217,-0.007456063255822154,-0.1354632369008972
-0.9937923152843453,-0.4341264533113909,0.6340889684671895,-1.5143415289872624,0.46071539264784317,-0.33460905381526057,0.12325297045270146,-1.0235951654165103,0.774859461807546,0.5773032136555524,0.21991577769079051,-0.43941753210219064,0.168541039445409,0.041239751427279425,0.07344723032241846,0.18745925307814776,0.3787414910891761,0.037038776695808906
-0.7448158383093727,-0.5144766577068516,-0.6705797573386528,-0.5058274521432619,0.35175380094987624,0.3818016366003407,0.08001575337583983,0.34211984329468376,0.5898490878363559,0.25097619084828265,-0.1982113732020549,-0.43591795224659685,-0.02417734576952124,1.130890301306946,-0.1629324462113414,0.5718494021414213,-0.2510790367491358,-0.5564253955643734
0.7203650959505563,-1.1325001114570876,-0.9826706582631248,1.2345983787053185,0.003283294390012806,1.0878025361069936,-1.9043235890987256,-0.45256990709681616,-0.40511881037927405,0.3767325592944224,0.21834587170036257,-0.09288056771866765,0.8386521661551164,-0.5792127755244266,-0.23358087491533935,-0.08477563214812567,0.039549533790461666,-0.36135165780816825
-0.8104869696741372,3.9427258435020933,-1.2240587572242436,0.6863388794283037,-0.6879281269414542,0.3809086635746938,0.3085766740158016,0.57174280984495,0.2668698124424313,-0.3527003822475909,-0.40484236670962104,0.06783936971408194,0.015350490061281474,0.25042588242600405,-0.15820346648449174,-0.12099718575804058,0.2845464998046259,0.0579174957916852
-1.141529339359222,-0.6897786263863548,-1.2199528687274304,-0.23739212585210423,0.14966910632847136,0.07260331566741093,-0.033998932345550265,-0.035500941361823274,-1.3553130524599635,-0.24794479938600741,0.10023539598648679,-0.7975325429799536,-0.3782227533502379,-0.11031611984334305,0.14647179861700954,0.03624335571810866,0.3124413644029782,-0.267017579833005
-0.5572633192659748,4.085039856468208,-0.4203110704769597,-0.382445348451238,0.44449807636918043,0.5979104030345915,-0.08299197718373429,-0.12780414781122282,-0.11464548566086571,1.0717123105990087,0.0755970181838701,-0.7227359483778293,0.03937635950359997,-0.19301837930367977,0.1395041719900038,0.13478230944759734,-0.09188674900572374,0.08338974179223946
-0.20154467410141425,-1.0187536116849778,0.6503720832392998,0.4786204351306374,-0.24527784459985613,1.120799996778194,0.2938204311691759,0.49459064899286825,-0.9295462397643337,0.6561545943550261,-1.0707944442181807,0.48070379095621696,-0.005809245424426734,-0.16879838436354433,-0.20042435675070375,0.27538734245652136,0.22467045600739166,-0.11894972027747411
-0.9501944544442238,3.532323433083487,-1.43497099532384,0.2642050801747329,-0.21410936033913752,1.2122431618407576,0.31164490927930644,0.5297682498575305,0.07233956250733257,0.6627408437651704,-0.471836381968294,-0.7398888346787107,-0.061804476348274295,-0.02877088576100767,-0.01603836436988132,0.033578782987306766,-0.23293794950616903,0.19253953352375713
-0.8250994531750308,-0.885599471997274,-0.4983062263605191,-0.7114250241728524,0.42830189124572987,0.02173881724790129,0.10855342447858403,0.7806089209058336,0.11668689111142487,-0.43231104533146014,0.006350555722779483,0.1420385188513145,0.11792316195239677,0.31591913712642195,-0.4097639115830254,-0.20366716968779489,-0.15691296901656954,0.2160601094399625
-0.48046748903756326,4.331200023818486,-0.3276499682104425,-0.3820629465158508,0.4336776184718079,0.5555912707670952,-0.07712660768724149,-0.23132005638319278,-0.05005630887069282,-0.007541709745301189,0.19320352825517406,0.0977113474810744,0.14829287460163088,-0.09956633003224086,0.22917989795241844,0.17317395870658253,-0.0077365506406635864,0.12606664313247762
-0.8352698427647439,-0.7090392866144228,-0.5698596361636097,-0.5380379883901467,0.3243476014873497,0.39576440789787215,0.2669717050997652,0.9940441647608556,0.1954057842856433,0.6215334590310548,-0.04767895166977715,0.28568176601636563,-0.0928485251018929,-0.06350695024208786,0.35462804680442006,-0.5705262035758379,0.16016096189920337,-0.4209865138324999
-0.13985492195378285,-0.4922896108044159,0.8162733646495397,0.7707653870981619,-0.9157886708779832,-0.48615868044813715,0.3748829145488102,1.451212652413771,0.07101865070418316,0.09812380994960102,-0.7583435741965456,-0.7564977891210904,0.9215726479192828,-0.01803002013321131,0.39809483414155,-0.22904384817909001,0.006889124111100875,-0.31495277879550826
4.27419068979088,0.20116304716892963,0.6168979992489729,0.22507200384335685,0.9063164799076157,0.2589330877135968,1.3637522920223328,-0.28069558474716233,0.12223365980719285,0.12868102252416627,0.10067821398660448,-0.09075385104424877,0.2742667440584867,-0.5320387627516265,0.35932846930353357,-0.20853238572852642,-0.7700574253400316,-0.5602100431356523
-1.7039290099239814,-0.7850460678833187,-0.3556613466535619,-0.3432506124630571,-0.05307539862711687,0.4225038955428877,-0.44670957165818836,0.3740720030932257,-0.6461470232988402,0.8939289716691288,-0.5915059926462455,0.7757526731642788,-0.25012176690704846,0.44562488034406245,0.10366748932727943,-0.1264588822000121,-0.0012839586548035742,0.17980041832337862
-0.9996076138912238,-1.0042037792225715,-0.9222905495243299,-0.2704224414542663,0.10434532666710576,0.3108533981627787,0.1777405204540587,0.5990463469710878,-0.28387372206319733,0.21385523378320456,0.89595124141013,-0.3540573815861378,0.5900069882431105,-0.11081450606507787,0.14982266496544827,-0.23259572264051787,0.19712472922866575,-0.5814136988673171
-0.03859489994638449,-0.7365747492586137,0.8812938195676507,1.5686548477634807,-1.4230718069105657,-0.25794350397951743,0.05882072511789946,-0.11820238386744492,0.2430576376683687,-0.889028517644203,0.5282133245529168,-1.1015753952827012,0.4579057530340954,0.3712889648567005,0.12585355817267285,-0.48878738284796464,-0.10600731814562436,0.32747065322249375
0.6703455429614378,-1.1995721944070434,-0.2115103239406953,0.9798543103316624,1.7836257268468143,0.2905949183306203,1.3236462508308702,0.990828011861699,-0.10828559922714534,-0.06301437104842345,-0.594275178797818,-0.6059158443835584,0.5308053468188954,0.05917970130889605,0.2554511683497094,0.2753961925449602,0.2384029091148493,0.030500804676469706
-0.567120946601265,0.12467320953732886,0.2292477341453676,-1.1436896799131073,0.9291885535685741,-1.126812963745095,-0.44343147161316676,-0.3253984685483619,-0.9658916937459954,-0.3988328123075455,-0.22750503285604168,-0.208747069444641,-0.34172428711404496,-0.49333170572710205,0.20776766932459156,0.07081787039638948,-0.5712837250487203,-0.03270560968018671
-0.41755583449588823,4.495442266886815,-0.2093988323773634,0.039688450802332784,-0.02932069023313623,-0.23342409523147245,-0.08606021244723917,-0.0858295878238032,0.07988476427423295,0.05627108458624744,0.1425910334425431,0.08499225601496335,0.11653132591315574,0.08617838888333207,-0.0026609301246066086,-0.01979365929775001,0.42559770030507116,-0.05123229593983247
-1.0523933537005816,-0.7630179833880255,-1.082800724618916,0.010801507342333858,0.05027235818634705,0.13339121914011204,-0.29204463495025124,-1.0593807378909066,-0.43088392617419397,-1.0101383869173817,0.08501537338099063,-0.6475774673783208,-0.5018327279556252,-0.1682251724145824,-0.10752366087454485,-0.32505039751273335,-0.055065543756284474,-0.2894644812762838
-0.8824292977459606,-0.8481504257989456,-0.6167229013681603,-0.4920011186035361,0.21900211234534067,-0.2406545324233933,0.15503923993257926,0.9325380588189671,0.16313205377343126,0.24535189523972617,-0.13822372913587905,-0.25227170279927286,0.1651341583486965,-0.026305633558524666,0.2306331426631978,0.4229945794181778,-0.38065369109528746,0.36774871294852746
-1.0555217395742913,0.5179830682987148,1.081932836324634,-0.6884601578377468,-0.2707642718573445,-1.6641426479235102,0.06932555399941788,0.46990247257490597,0.296001641085611,0.509755788355878,0.5583265516306022,0.6125109808340935,-0.016493241820214277,-0.22825669285996159,0.24230424188211697,-0.7451504398385096,-0.11455565386671407,-0.46491182080560856
-0.9613853164489087,3.611484206133728,-1.593992919711757,0.6632910820785719,-0.5389441965029289,1.2983946688253756,0.3140762000354096,0.08779559442309534,-0.3169076959686882,-0.5266478297572641,0.6795861760332393,-0.14653214371825146,0.08197596803629481,-0.005788026008660907,0.19323007018139715,0.13479870298450852,-0.1038450896405646,0.07930603543216347
-0.8097239708253735,-0.8769022128042334,-0.511606767528032,-0.5493036805779664,0.33014232711023733,0.2959397863684664,0.22055362050179367,0.8997227472827689,0.11381165149855992,0.5178056858539077,-0.04331524659189828,0.1857194407128567,-0.5073329659084078,0.2624686639280208,0.21172447645763404,-0.1345971764636434,0.2160099823892797,0.15910925539175186
-1.0542514748413003,-0.533837722013514,-1.0183435964698075,-0.338567952152536,0.3522367859763283,0.1383207914375717,-0.2500980993287938,-0.66078573218469,-0.024853989166454843,-0.20491981935021206,-1.1121655211784343,-0.7903714456239337,-0.48240267671438103,-0.1204546322179591,0.0908443442334298,-0.10158838152243882,0.29114064388128524,-0.10794920113719506
0.9553387925483319,-0.5883713063944846,-0.11697965003464539,-0.8496111241251146,-0.5215233961032463,0.8550802360465457,1.4155383582930319,0.7648982492639234,0.08180992725423557,-0.1286407797397112,-0.31593455170358226,0.5525541466155286,0.10231021939101309,-0.9388661746750595,-0.2807326819715742,-0.3386308817574995,-0.130212681787716,-0.5522841539715049
0.672657183280685,0.2512393898133294,2.564701872728775,0.47256688462348306,-0.4474862380935603,-0.8430133027260571,-0.012850160365360117,0.5861218637565959,-0.30635516006804886,-0.6668641635172259,-0.021458725480101137,-0.06612308711101195,0.6411215082018445,-0.10843679763127162,-0.04902969686752612,0.44821816198593295,0.4590213616458242,0.272192994759579
-1.262056861845283,-0.8589828652379434,-0.048617233478624344,0.5109335835232675,0.25634287144577594,0.7638674323807335,-0.20751013615704048,-0.5247971897326673,0.2838260196519748,0.8336472286033019,-0.9591911276578351,0.6455945819193092,-0.43210309713541306,-0.1787874906791524,-0.3933756524645656,0.2721633170124101,0.040503496574619935,0.0333024685748699
0.515356217881162,0.3154022370761872,2.2821060326930764,0.6119445265871216,-0.5047781463138165,-0.717444932422457,-0.252142577391565,-0.2898769186273145,0.5716616722719015,-0.2714413697194319,-0.2189850414573709,-0.7842699004643336,1.1086516228914194,-0.10391471982617478,0.3303659519274331,-0.8083502746611237,-0.031367250382637324,-0.09275630682304889
-0.43337606818057356,4.368749938651609,-0.1880115067700816,0.008272758304631159,-0.014352771646446175,-0.2519242830973339,-0.11812867206162483,-0.044886434701465666,0.04361389817957188,0.4829519458149153,0.16483618053623905,-0.3664874190014235,-0.015120645382535602,0.023015179114192152,-0.38942695369984487,-0.40235751197799013,-0.02349655529475636,-0.03244155762887485
-0.06378149075897088,-1.2914337573019343,-0.8126815476156184,0.8085070730045196,0.4918655267032665,0.5790911816552179,-0.01385829970934091,-0.2935336381572231,0.3401802590938708,-0.09903504003143518,0.6018314286914008,-0.87980532405456,0.29828742091657867,0.09755570136654312,0.16106099201420632,-0.018405024496844113,0.40238463600145935,-0.027202046671666202
-0.5520095406317542,0.24030704784533818,0.15778665414127446,-0.8147462137473854,0.8027739363633221,-0.9141246608569588,-0.6308962577224142,-1.3300831593560312,-0.052998199624019304,-0.8926233466785427,-0.42833504918442933,0.02280309802932129,-0.27938830989595853,-0.5107761978516703,0.6584989471051141,0.37837825657429863,-0.09854752847004139,-0.04833836872716635
-0.8772847753707574,-0.08066578031792537,-0.6901271126009696,0.4261748587669162,-0.5224911509750877,-1.42932595035818,-0.27511289497246794,-0.4170747726176714,0.2780523208671383,-0.7699698786372506,-1.0247129438032432,-0.48563277956938516,-0.5221009980585828,-0.16115884401175895,-0.18104741628422855,-0.3558984008493465,-0.1414575124490049,-0.09190780643708649
-1.3602229829707022,-0.5665641069037879,0.7166347662624319,0.8709491400099503,-0.6816687708459158,1.5768655550712052,-0.5555787200767869,-0.11724956237255682,0.3945793221698189,-0.7975946020656929,0.7457576432494522,0.4024156119883997,0.03358433834729235,-0.31366588074470125,0.21667066980745286,-0.45615857144393485,0.5130040926791569,-0.5617776801254932
-0.9740617419518535,-1.1720667054123826,-0.8640376808887522,-0.281688133642086,0.11014005228999339,0.21102877663337294,0.13132243585608722,0.504724929493001,-0.3654678548502806,0.11012746060605746,0.9003149464880089,-0.4540197068896467,0.17552254743659534,0.21516110810503086,0.006919094618662303,0.2033333044716767,0.2529737497187421,-0.0013179296430653742
-0.5714755262892361,-0.04330216570326795,0.18354222688239852,-1.034552521252089,1.0228941731610839,-0.6094121789181681,-0.6832474426729022,-1.3784963886971948,-0.16403253907619864,-0.4910322669054187,-0.4013672743970747,-0.40333397617899497,-0.43551582139028916,-0.26200347643816235,-0.07157383310352367,-0.28667514179065934,0.04104299524361654,-0.24270387357596962
0.16848731922244103,-0.30714505646033907,1.6406912083431477,-0.2384663540233778,0.3718655488710017,0.15114329284024275,-0.23157031863932234,-0.517554751337451,0.5759928882825986,0.5737395975185179,-0.04354265321881151,-0.44845388566892835,-0.02152356822370105,-0.47498256392986776,1.220455719346638,0.19968290597008548,-0.36306930791147013,0.434958156291023
-1.30940313393959,-1.138781229591037,-0.7341989194142238,0.12838835614292354,-0.6286923130745508,0.6416584625895565,-0.47263240815629015,-1.061249621085991,-0.22299109486848795,0.4710056359089678,0.22693661954340938,0.04620524144031152,0.1779715662452228,-0.21067536596322994,-0.6871551875270173,0.5405768867661285,0.1493050468043069,-0.11570486205808958
-0.8733986242158123,3.7784836004337645,-1.342309893057323,0.26458748211012006,-0.22492981823650998,1.1699240295732616,0.3175102787757992,0.4262523412855604,0.1369287392975055,-0.41651317657913955,-0.35422987189699007,0.080558461180193,0.04711203874975661,0.06468116351043118,0.07363736159253326,0.07197043224629196,-0.14878775114110893,0.2352164348639954
0.4362559258400013,-0.23845815209222399,2.103259107121736,-0.11108781339444722,0.37817242546586577,0.7809992259799042,-0.2136938621597216,-0.6010236956058392,0.43684995176211255,-0.028583400838140455,0.04910414868790375,0.01829946725639503,-0.20403225141577636,-0.4830169499495618,-0.03892482453310153,-0.119700950259296,0.20772008818471777,-0.011346683332573548
-0.26688893603265945,-0.5025334767067253,0.8218166108068072,-0.6544489963994998,0.8192365263212339,-0.30329957185372514,-0.5980636769135786,-1.4780484201889736,-0.03051856706251399,0.20278149606920642,-0.33485060380946235,0.40086899378472207,0.5300577369066541,0.15973310053918777,-0.1522256955978165,-0.14249163082506192,-0.3025163068414703,0.2467920856722316
-0.7872502129122982,-0.8517550953456665,-0.5116105063967481,-0.11171905943352452,0.16405856529063373,0.4307775085645915,0.12178975036819836,0.2835930783050034,-0.6148047224202936,0.9368194790781584,-0.5323575711867143,0.8796914799052789,-0.42809172172335025,-0.0987912675897007,-0.548618297353507,0.2477315984916006,0.092810901702017,0.0671161300793654
-0.8664955075590581,-0.36423874936186773,0.44671058813726816,-1.6936582803313138,0.36858516372034905,-0.5728869762386505,0.6522099845721584,-0.8614893495767122,-0.8639843565535381,1.0432021159028155,-0.14398450863731616,0.2838516805165352,0.516497539524015,0.42978200311983317,-0.1706801484999788,0.362707537813677,0.06634636060801202,-0.05377353398779783
-0.9194253611737915,-0.48910669076042823,-0.8547327035275598,1.0984677906065963,-1.0050392374522044,-1.1049554149099823,-0.2337889051677979,-0.8813916295079613,0.022027459349044445,-0.1283838907913483,0.25980425181110167,0.17714457241533943,0.43132163978632443,0.2144480567176853,-0.3811869216027107,-0.16460541344735286,-0.26206403133402145,0.20615858943377569
1.223141751291047,-1.3841659678071052,-1.18886715839849,1.1192332717551252,0.5080076624374387,0.5151553268819846,-1.562352618405574,0.4440051633968983,-1.3328543343119592,-0.38843291347879494,0.331481821112911,0.19938749140240658,0.64176751303761,0.4272595279137178,-0.189982601953548,-0.3275270702833736,-0.1466817864773352,-0.007715168555912977
-1.1133689502443076,-0.8824858225030974,-1.196849152492715,0.04183479790464838,0.04612489749702946,0.1942105392734697,-0.26584154483235833,-0.9968079824412741,-0.4592022368697058,-0.3575652278017394,-0.05483628378400929,-1.0165450882208376,-0.4790972717579648,-0.1985140119168814,0.1895666367382789,0.01912180590852164,0.30987851347848294,-0.3509321209274797
0.21917782138513797,-0.37558873853205,2.039818907862709,-0.2713734222015789,0.5140411018347537,0.53969912808854,-0.15641497260437018,-0.6938714281383267,0.43864981823120136,-0.12625997322106072,0.0313557921431718,-0.14175063319166797,-0.038932447400016335,-0.009587210706491822,0.630888913617034,-0.45964032771561314,-0.03810024480721941,0.28403259681780085
0.23499284971551904,-1.0304540549448575,-0.056965241323564175,0.6510017652210568,0.2135283769991106,0.5115933608456256,-0.4336467219016923,0.37031109034501813,0.8112747751821031,-0.06567773597309057,-0.7900943228674323,-0.7537180838891773,0.47945156922142784,-0.3203315245765321,0.6975943588443008,0.536807871412051,-0.3375105729195137,0.2164332384112126
-0.8860750497187571,-1.0050673111123463,-0.6123546542343181,-0.6803917336105378,0.4241544305564123,0.08255813738125899,0.13475651459647686,0.843181676355466,0.08836858041591304,0.22026211378418203,-0.13350110144222044,-0.22692910199120225,0.14065861815005715,0.28563029762412295,-0.11267361397020165,0.14050503373346007,0.20803108821819782,0.15459246978876656
7.2348132226684125,0.2634618187055675,-0.9952808378653359,0.6969248117016619,0.4331405012308203,-1.1972754156409706,-0.4416043508738774,0.21750875792780675,0.2649892491200068,-0.5137137985029827,-0.051004485231343766,-0.01090453791078877,0.6514476190874383,-0.10700999317621257,0.035552434000436006,0.7381759362718321,0.3656177860780684,-0.2994931516526918
-0.8733986242158123,3.7784836004337645,-1.342309893057323,0.26458748211012006,-0.22492981823650998,1.1699240295732616,0.3175102787757992,0.4262523412855604,0.1369287392975055,-0.41651317657913955,-0.35422987189699007,0.080558461180193,0.04711203874975661,0.06468116351043118,0.07363736159253326,0.07197043224629196,-0.14878775114110893,0.2352164348639954
0.2674491147808402,-0.51942437151002,1.8668155690907293,-0.400474667486187,0.5379559874213441,0.3512329405603313,-0.33139375967015183,-0.6888974091523208,0.39402749125766334,-0.4039268499650873,-0.08225981339166699,-0.5335295065552137,0.6150289170255935,0.02033121763446233,0.25443301369180926,-0.20914170395634077,0.10285229666928919,0.0670273237816515
0.4664812668570334,-0.9243411132396673,-1.4411813530504234,0.9088153664680718,1.968066223341829,0.1064403960135643,0.18398939799717695,0.15257702949017057,1.0649183689477222,0.21825248421505006,-0.2876625213121838,-0.4067457150749549,0.5083679402349199,-0.1611053063446805,0.11798882849677655,-0.46443507009593143,0.18174370532902062,-0.349101589985714
-0.5707666985740616,-0.03224367577607201,0.2336159812792098,-1.332080294920109,1.134340871779646,-0.8036002939404429,-0.4637141969492692,-0.414754851011863,-1.0406551671035136,-0.4239225937630895,-0.22278240516238312,-0.1834044686365704,-0.36619982731268425,-0.18139577454445416,-0.13553908730880787,-0.2116716752883284,0.017401054264765237,-0.24586185283994755
-1.148871463993662,-0.9791696688627349,0.5942797502664998,0.577174914469459,-0.5803326246116358,1.201654606753893,-0.9341844285917874,-0.2622848577411861,0.24004600514431856,-0.7623462992023475,0.8157285963670766,-0.5144382166915777,0.1339084251806104,-0.1392143266899269,-0.5051880956949714,0.00966870464240499,-0.030234500778841822,0.17442530740994272
-0.8979747394386164,-0.9369650279893007,-0.8214503330190464,0.01622204196132125,-0.01212710422594103,0.36289775938815144,-0.08234544037105307,-0.5625325167643007,0.5757439499672072,-1.0362362328805819,0.8393365873246212,0.14649808142683238,0.21512306845702145,0.22800545548276163,0.16056007478636103,0.16672148722833097,0.3607658890626535,0.04451695096115077
2.9178020073409163,-0.19250135874020535,1.0085125434223885,-1.1722947676005557,0.09225036961595916,0.3390922796871362,1.3033727582450663,-0.11351046265849726,-0.4117367843839109,-0.3452987850675019,0.18697513390424647,0.5917443806023521,-0.036078104208564776,-0.48550121155531395,0.18551950454571142,0.4161648711805907,0.5256498915111251,0.15666914404095272
-0.41755583449588823,4.495442266886815,-0.2093988323773634,0.039688450802332784,-0.02932069023313623,-0.23342409523147245,-0.08606021244723917,-0.0858295878238032,0.07988476427423295,0.05627108458624744,0.1425910334425431,0.08499225601496335,0.11653132591315574,0.08617838888333207,-0.0026609301246066086,-0.01979365929775001,0.42559770030507116,-0.05123229593983247
-0.9607609094946886,-0.4391017037745879,-0.835485945098324,-0.19951147761911614,0.15913441824169422,-0.31829208991665403,-0.2683278308737592,-0.6315676085649404,0.09771598244951794,-0.874913952283713,-0.9535233022428973,-0.445829463287947,-0.5122211170435241,-0.4096919140781381,0.11619038716999064,-0.10538912256623206,-0.6886929845703142,0.079602161315309
-0.01997400445627673,-0.0201675300453672,0.8731955742622801,1.4753806297293797,-1.358528831629454,-0.0653290295245083,0.3562173271017127,0.8923357542502897,-0.6149236791828265,-0.3091650177839528,0.9351512155405177,-0.31760435908258217,-0.33481972283923467,0.1742998645990237,-0.4082033369964484,-0.5190685675030982,0.09732127739219787,0.7486886061778071
-1.1324260421984602,-0.120966287578401,0.7317894212010261,-1.3630563959811408,0.8134357536161744,-0.331109675593324,-1.3061749013384436,0.3826556867879965,-0.08690103794019977,0.009957926515179488,0.5402256630939959,0.21396565140097226,0.22578356337520766,0.2204322703707663,-0.20045525071363107,-0.10913706455646421,-0.017060546993522496,0.1325028250160466
7.69604466588755,0.5462456801370379,-0.5866934336722123,0.06060531250378569,-1.0149027428918473,-0.4634268843732273,-1.1923940871072334,0.33171921442508373,0.10664915857146982,-0.22621634719516112,-0.04931611558676785,0.1522629188641707,0.019724913754926465,0.3135642997946877,0.2964036452457607,0.3782124035992059,0.181470674247877,-0.10616637464610859
-0.5028591199646586,-0.4715955421908653,0.3305805538961142,-0.7812618590455295,0.8751503260251857,-0.47995274077223116,-0.6362833694467985,-1.4881673260451953,0.06032870762988561,0.2507646645270787,-0.15502134518381272,0.4940535056946434,0.4000988322946286,0.18999054406024207,-0.33284296617625064,-0.15968129866873956,-0.2123078055688823,0.10096596437724653
-0.48046748903756326,4.331200023818486,-0.3276499682104425,-0.3820629465158508,0.4336776184718079,0.5555912707670952,-0.07712660768724149,-0.23132005638319278,-0.05005630887069282,-0.007541709745301189,0.19320352825517406,0.0977113474810744,0.14829287460163088,-0.09956633003224086,0.22917989795241844,0.17317395870658253,-0.0077365506406635864,0.12606664313247762
-0.8250994531750308,-0.885599471997274,-0.4983062263605191,-0.7114250241728524,0.42830189124572987,0.02173881724790129,0.10855342447858403,0.7806089209058336,0.11668689111142487,-0.43231104533146014,0.006350555722779483,0.1420385188513145,0.11792316195239677,0.31591913712642195,-0.4097639115830254,-0.20366716968779489,-0.15691296901656954,0.2160601094399625
-0.8686922186258742,-0.9944086726271844,-0.3159657635283206,0.5232104075105156,-0.6100918916747113,0.8362119372750101,-0.283241482422825,-1.0303540080916138,-0.29436591417309454,-0.5435935065735964,0.2671813803482259,0.9039185331276267,-0.011719311267402166,0.3218552095480206,0.4493730699125633,-0.19421010124943033,0.21457424060097496,-0.08141145996364238
-0.6879669594116642,-1.012750182626372,-0.7302865750433198,-0.35066388268491144,0.16325565816744542,0.20448357686511698,0.14876564500299524,0.22235244502571974,-0.6348992150954664,0.8622308171166556,-0.5772547874301717,0.7390607631496293,-0.2512670303857001,0.3699332450033056,0.06755033790539472,-0.11898168268015658,0.0038768560335281643,0.15511921406421764
-0.737977567078303,-0.3702466632272108,-0.3573156409970069,0.10265192722018172,-0.4584759961821236,-1.412507712998277,0.12205108571597768,1.0844581393166037,0.3717867028865634,-0.30227719022945376,-0.0695617135312247,0.07689260176180562,0.1325188211359774,0.25251627601015314,-0.3636949584038451,-0.17168690228619157,-0.19836227620874552,0.25770638484732794
-0.48046748903756326,4.331200023818486,-0.3276499682104425,-0.3820629465158508,0.4336776184718079,0.5555912707670952,-0.07712660768724149,-0.23132005638319278,-0.05005630887069282,-0.007541709745301189,0.19320352825517406,0.0977113474810744,0.14829287460163088,-0.09956633003224086,0.22917989795241844,0.17317395870658253,-0.0077365506406635864,0.12606664313247762
7.03252844963449,0.26262336360768335,-0.46358069962865955,0.7681152339290463,0.12687116952715266,-0.8730690790380474,-0.2686663932811906,0.23781069509993766,0.1831197554967816,0.1519445248309551,0.02727284646153527,-0.17531024806618062,-0.08927146779296635,-0.06663886860206497,-0.005835531936538796,-0.0733351262905485,-0.11423157693050001,-0.07833856473838138
-0.8984736619072337,3.7757264492020566,-1.4757417838786777,1.0850424793967557,-1.001942505207873,0.5093793028268078,0.3051425952754119,0.23328606298248497,-0.18696662282376236,-0.46283503542571547,0.6289736812206084,-0.15925123518436252,0.05021441934781967,0.17995669290691196,-0.03861075789562779,-0.05816891501982402,0.32948916130517025,-0.09799290364014676
-0.8733986242158123,3.7784836004337645,-1.342309893057323,0.26458748211012006,-0.22492981823650998,1.1699240295732616,0.3175102787757992,0.4262523412855604,0.1369287392975055,-0.41651317657913955,-0.35422987189699007,0.080558461180193,0.04711203874975661,0.06468116351043118,0.07363736159253326,0.07197043224629196,-0.14878775114110893,0.2352164348639954
-0.8203039823858927,-0.5477934527974477,-0.694023925535402,1.2092571739744988,-1.0782614798235794,-0.9580142239729219,-0.14578579458143695,-0.8086613859008343,0.07402020338967581,0.15923597168684775,0.34563488819057064,0.5973126401098675,-0.2996139991455919,0.19720435327145103,0.0016742496597441092,-0.4411784971863137,-0.3418867575898775,0.10036841768728283
-0.48046748903756326,4.331200023818486,-0.3276499682104425,-0.3820629465158508,0.4336776184718079,0.5555912707670952,-0.07712660768724149,-0.23132005638319278,-0.05005630887069282,-0.007541709745301189,0.19320352825517406,0.0977113474810744,0.14829287460163088,-0.09956633003224086,0.22917989795241844,0.17317395870658253,-0.0077365506406635864,0.12606664313247762
-0.0822016301111762,-0.9612206083754729,-0.3904938551676056,0.2910240147784074,-0.7321159687677516,1.1963708925942211,-0.6849288194834091,-0.2631971555502881,0.26168416713570203,-0.04193263100452774,0.5825533123712625,-0.8312034419823331,0.2359245984136651,-0.280073224176594,-0.36784059465904645,0.37007817448326047,0.500272495658996,0.14714319607019027
-0.8715016095364123,-0.8668222914271546,-0.41465784242641984,-1.0895856069797907,-0.09585533830735084,0.1894740578179568,1.4605955928756122,0.47967643678890287,0.10706737087583844,0.5413487043450578,-0.06707216897549656,0.1435938503027079,-0.49460614304803063,0.22223186219192104,0.15709511146721655,-0.14343393597550505,0.24135955112845708,0.18538376398971962
0.7013395247594374,0.2690821804422934,2.4270484808480814,0.4381523264711694,-0.45255700391469383,-0.8686522396377531,-0.12526297289569135,0.10048282428751956,0.15301734855341542,-0.3345845684150365,-0.10220334922278684,-0.8318093604017176,0.49765010830391665,0.9385544027112686,0.151226775554904,0.038228473885282166,-0.4632320686345527,-0.2384938558045815
0.5388353454908518,0.13960886665825112,2.3921406783757586,0.2941180832544327,-0.3725415866204547,-0.978073505494879,-0.030403326986887705,0.6900537917378413,-0.2784112827974288,-0.21425540616863223,-0.04475539069353268,-0.5568208679314399,1.095023562095573,-0.017389087682598503,0.32486377855676807,-0.7348176817006502,-0.14281081178842653,-0.206221243436505
-1.4169486124592099,-0.6214278057722877,-0.5589071345671048,1.8457005252975445,-0.4985984724859929,-0.8782519654137761,-0.5652484897522589,-0.5647244691496964,0.059812638433924994,0.5573884139029388,0.17997790128778268,-0.03745960443046975,0.17373026632369015,-0.22565516575043482,-0.6212710784011605,0.561793579005508,0.08043956815517883,-0.09411155832260418
-0.42186667738382605,-0.08941423797324788,0.20838077731479165,-0.873192060683959,0.910048934347894,-0.31407803644206644,-0.44528779482590963,-0.9629148659710136,-0.3431317236724981,1.0011615738491506,-0.18099840487395547,0.13602654213915671,0.32731431865031557,1.0855694101344744,-0.14997675500985086,0.6908387396628077,-0.3301158142802999,-0.6746775198910674
0.034099958820378085,-0.4754911035577809,-0.7127778430450253,2.4008901464006356,1.275462253259502,0.46131682044075567,0.973984170144297,-0.4048419515098433,-0.6403190070170741,0.7683338717224689,0.341949071038377,0.13607951262761292,-0.44891757589162057,0.6025744659036912,-0.1093989929252292,0.7115773913117944,-0.7070667925290771,-0.5305639399919799
-1.1757225935793314,-0.6975801711363698,1.3136063161781097,0.33081511109971073,-0.37318141340088784,1.398496483919779,-0.25390427731244725,0.22291534524866832,0.7890411729135235,-0.47632073176626666,-0.5059524472258666,0.02373022650764639,-0.4852715351001952,-0.22306811978442742,-0.36278679331788094,-0.06241923117206166,-0.2669257930552724,0.13124045363062825
0.597397491567058,-0.0733251390809333,2.1193606300891314,1.545428659459814,2.1658171810535642,0.7570571048703126,-0.16255138271799704,-0.289371522126137,0.4147328288165476,-0.11122635638553621,0.0642702049115243,-0.2106121401980417,-0.27452140815120013,-0.04104338257995965,-0.11153066466825723,-0.07876212014689127,0.00031434524827023136,-0.08333776492066566
-0.8097239708253735,-0.8769022128042334,-0.511606767528032,-0.5493036805779664,0.33014232711023733,0.2959397863684664,0.22055362050179367,0.8997227472827689,0.11381165149855992,0.5178056858539077,-0.04331524659189828,0.1857194407128567,-0.5073329659084078,0.2624686639280208,0.21172447645763404,-0.1345971764636434,0.2160099823892797,0.15910925539175186
1.7432293388078517,-0.844802329423975,-1.7404775700676631,-0.569920744603838,-0.07171016799861786,0.01872660193696289,-0.9193309739794349,1.2549488681048606,0.13315313834030768,0.598890420477004,-0.06288763275349268,0.1924122645986988,-0.4097286872030351,-0.2075658087908262,0.6027284973135281,0.0471943066562468,-0.3206335068442312,0.520238147872478
0.3051922576248377,0.4009077314116932,2.8785215769701455,0.7009008353287932,-0.41428945659943023,-0.6636028616632743,0.4043482837290261,0.5740450126974446,-0.2690119074735636,-0.38137003776541045,0.07228131429858536,0.33305994930968846,-0.019564551334566638,-0.104865395843938,0.2634704409816012,0.18589688274660027,0.457861175644397,0.2542958240532301
-0.6747546170435044,-0.7244224308584319,1.229499001492185,0.4388257659395907,-0.9370767136565369,1.2224525594251303,0.36099713964844726,0.21887206773804332,0.7140729007510297,0.21858880334942454,-0.7586788631244714,-0.458214356658132,-0.38255818395094565,-0.48394127853534014,0.25405503475085456,0.48462562213761357,-0.2165161277269801,0.10946354490122184
-0.8733986242158123,3.7784836004337645,-1.342309893057323,0.26458748211012006,-0.22492981823650998,1.1699240295732616,0.3175102787757992,0.4262523412855604,0.1369287392975055,-0.41651317657913955,-0.35422987189699007,0.080558461180193,0.04711203874975661,0.06468116351043118,0.07363736159253326,0.07197043224629196,-0.14878775114110893,0.2352164348639954
-0.5016496397840495,-0.7972132728386889,-0.13665957793391903,0.6808066897492071,-0.44847317276468796,1.2518051598452067,0.0812840044145886,-0.33316548898413356,0.28484030685321754,0.3146251537144841,0.7035391954178758,-0.474414342576396,-0.6125401116195202,0.026265153636320315,-0.3367406356720768,-0.03475429034535804,0.5947220395164711,0.09040646232105226
